object={
	name="reeds_01_generator_1_0"
	render_pass=Map
	clamp_to_water_level=no
	generated_content=yes
	layer="grass_layer"
	pdxmesh="reeds_06_grass_mesh"
	count=717
	transform="1596.556885 0.000000 1212.735474 0.000000 0.329257 0.000000 0.944240 0.956825 0.956825 0.956825
1579.523193 0.000000 1192.381348 0.000000 0.012033 0.000000 0.999928 0.867688 0.867688 0.867688
1591.079956 0.000000 1193.417480 0.000000 0.270224 0.000000 0.962798 0.876939 0.876939 0.876939
1582.597412 0.000000 1210.933960 0.000000 0.671576 0.000000 0.740936 0.916669 0.916669 0.916669
1574.755493 0.000000 1197.856201 0.000000 0.439694 0.000000 0.898148 0.877460 0.877460 0.877460
1600.712646 0.000000 1186.175537 0.000000 0.074434 0.000000 0.997226 0.943966 0.943966 0.943966
1610.362305 0.000000 1213.712769 0.000000 0.683644 0.000000 0.729816 0.977535 0.977535 0.977535
1616.370483 0.000000 1214.160278 0.000000 0.220044 0.000000 0.975490 0.989897 0.989897 0.989897
1621.898193 0.000000 1214.725342 0.000000 0.541426 0.000000 0.840749 0.887805 0.887805 0.887805
1655.571411 0.000000 1179.262817 0.000000 0.137871 0.000000 0.990450 0.781848 0.781848 0.781848
1645.792725 0.000000 1172.390259 0.000000 0.721152 0.000000 0.692776 0.948411 0.948411 0.948411
1602.457031 0.000000 1210.742798 0.000000 0.632720 0.000000 0.774380 0.971253 0.971253 0.971253
1656.841675 0.000000 1181.619507 0.000000 0.696952 0.000000 0.717118 0.814336 0.814336 0.814336
1646.923584 0.000000 1179.676880 0.000000 0.665379 0.000000 0.746506 0.901108 0.901108 0.901108
1654.071899 0.000000 1174.322998 0.000000 0.636015 0.000000 0.771677 0.918576 0.918576 0.918576
1644.365845 0.000000 1162.360962 0.000000 0.696479 0.000000 0.717577 0.896102 0.896102 0.896102
1646.710205 0.000000 1164.254150 0.000000 0.628255 0.000000 0.778008 0.931005 0.931005 0.931005
1647.324585 0.000000 1175.805420 0.000000 0.147383 0.000000 0.989080 0.857909 0.857909 0.857909
1656.273926 0.000000 1174.336670 0.000000 0.416679 0.000000 0.909054 0.515741 0.515741 0.515741
1657.513916 0.000000 1179.779663 0.000000 0.699474 0.000000 0.714658 0.831055 0.831055 0.831055
1620.046997 0.000000 1215.361084 0.000000 0.154428 0.000000 0.988004 0.840948 0.840948 0.840948
1611.608032 0.000000 1214.899048 0.000000 0.472356 0.000000 0.881408 0.841092 0.841092 0.841092
1644.454712 0.000000 1168.836304 0.000000 0.446152 0.000000 0.894957 0.822911 0.822911 0.822911
1646.095825 0.000000 1162.080933 0.000000 0.456058 0.000000 0.889950 0.791813 0.791813 0.791813
1645.278564 0.000000 1170.251465 0.000000 0.376918 0.000000 0.926247 0.698413 0.698413 0.698413
1654.128418 0.000000 1179.777832 0.000000 0.348725 0.000000 0.937225 0.815031 0.815031 0.815031
1656.888672 0.000000 1175.772583 0.000000 0.501781 0.000000 0.864995 0.556429 0.556429 0.556429
1663.455078 0.000000 1175.313965 0.000000 0.428914 0.000000 0.903345 0.653771 0.653771 0.653771
1610.413086 0.000000 1215.531494 0.000000 0.704061 0.000000 0.710140 0.883681 0.883681 0.883681
1601.180176 0.000000 1213.814819 0.000000 0.546822 0.000000 0.837249 0.578883 0.578883 0.578883
1663.345459 0.000000 1162.309814 0.000000 0.234938 0.000000 0.972010 0.650403 0.650403 0.650403
1662.401733 0.000000 1175.450806 0.000000 0.549238 0.000000 0.835666 0.696197 0.696197 0.696197
1657.638550 0.000000 1180.830811 0.000000 0.093956 0.000000 0.995576 0.657141 0.657141 0.657141
1662.493408 0.000000 1163.687500 0.000000 0.350489 0.000000 0.936567 0.682105 0.682105 0.682105
1601.052368 0.000000 1212.716797 0.000000 0.595986 0.000000 0.802995 0.604318 0.604318 0.604318
1644.534668 0.000000 1170.883301 0.000000 0.295175 0.000000 0.955443 0.676302 0.676302 0.676302
1660.275269 0.000000 1167.602539 0.000000 0.566567 0.000000 0.824016 0.736458 0.736458 0.736458
1657.729980 0.000000 1175.691162 0.000000 0.080637 0.000000 0.996744 0.367594 0.367594 0.367594
1600.118042 0.000000 1212.235718 0.000000 0.221608 0.000000 0.975136 0.428174 0.428174 0.428174
1581.892334 0.000000 1259.312134 0.000000 0.533313 0.000000 0.845918 0.546899 0.546899 0.546899
1564.427734 0.000000 1235.569092 0.000000 0.295323 0.000000 0.955397 0.803267 0.803267 0.803267
1576.809204 0.000000 1259.521362 0.000000 0.327871 0.000000 0.944723 0.468933 0.468933 0.468933
1563.393677 0.000000 1228.328369 0.000000 0.225429 0.000000 0.974260 0.802120 0.802120 0.802120
1562.095825 0.000000 1233.210938 0.000000 0.522376 0.000000 0.852715 0.964309 0.964309 0.964309
1573.385620 0.000000 1229.613403 0.000000 0.544678 0.000000 0.838645 0.913076 0.913076 0.913076
1594.773560 0.000000 1250.637329 0.000000 0.464215 0.000000 0.885723 0.826153 0.826153 0.826153
1561.631714 0.000000 1235.833496 0.000000 0.699782 0.000000 0.714357 0.962256 0.962256 0.962256
1565.998413 0.000000 1233.651733 0.000000 0.358739 0.000000 0.933438 0.942895 0.942895 0.942895
1591.374512 0.000000 1262.087524 0.000000 0.289500 0.000000 0.957178 0.709863 0.709863 0.709863
1585.436401 0.000000 1224.522949 0.000000 0.199813 0.000000 0.979834 0.818775 0.818775 0.818775
1583.397339 0.000000 1261.136353 0.000000 0.307382 0.000000 0.951586 0.833498 0.833498 0.833498
1577.375977 0.000000 1257.205933 0.000000 0.358334 0.000000 0.933593 0.810583 0.810583 0.810583
1591.079956 0.000000 1257.417480 0.000000 0.634971 0.000000 0.772536 0.673806 0.673806 0.673806
1582.709351 0.000000 1219.361328 0.000000 0.111229 0.000000 0.993795 0.446218 0.446218 0.446218
1589.023926 0.000000 1264.561890 0.000000 0.129854 0.000000 0.991533 0.931667 0.931667 0.931667
1596.702148 0.000000 1250.280029 0.000000 0.598193 0.000000 0.801352 0.925739 0.925739 0.925739
1589.197632 0.000000 1257.737915 0.000000 0.092389 0.000000 0.995723 0.512843 0.512843 0.512843
1570.613037 0.000000 1225.560913 0.000000 0.104438 0.000000 0.994531 0.868227 0.868227 0.868227
1590.156250 0.000000 1230.039062 0.000000 0.628285 0.000000 0.777983 0.926557 0.926557 0.926557
1582.441895 0.000000 1221.300659 0.000000 0.305631 0.000000 0.952150 0.823816 0.823816 0.823816
1580.821899 0.000000 1257.859497 0.000000 0.713525 0.000000 0.700630 0.687979 0.687979 0.687979
1587.039795 0.000000 1262.088623 0.000000 0.541371 0.000000 0.840784 0.900265 0.900265 0.900265
1565.074341 0.000000 1225.167480 0.000000 0.033799 0.000000 0.999429 0.758258 0.758258 0.758258
1566.891357 0.000000 1232.202393 0.000000 0.283276 0.000000 0.959038 0.660319 0.660319 0.660319
1581.961426 0.000000 1266.884399 0.000000 0.566699 0.000000 0.823925 0.864625 0.864625 0.864625
1576.442993 0.000000 1260.912109 0.000000 0.570005 0.000000 0.821641 0.727966 0.727966 0.727966
1567.413086 0.000000 1234.231445 0.000000 0.601453 0.000000 0.798908 0.683462 0.683462 0.683462
1582.680908 0.000000 1258.043823 0.000000 0.507973 0.000000 0.861373 0.821198 0.821198 0.821198
1584.367310 0.000000 1218.637207 0.000000 0.015749 0.000000 0.999876 0.689420 0.689420 0.689420
1578.272705 0.000000 1259.659302 0.000000 0.648905 0.000000 0.760870 0.449545 0.449545 0.449545
1591.996704 0.000000 1263.521851 0.000000 0.462789 0.000000 0.886468 0.752445 0.752445 0.752445
1589.721680 0.000000 1254.491089 0.000000 0.350160 0.000000 0.936690 0.630529 0.630529 0.630529
1576.349854 0.000000 1258.174927 0.000000 0.019080 0.000000 0.999818 0.333684 0.333684 0.333684
1564.814575 0.000000 1228.135620 0.000000 0.654686 0.000000 0.755901 0.771061 0.771061 0.771061
1569.116699 0.000000 1234.224121 0.000000 0.059791 0.000000 0.998211 0.464347 0.464347 0.464347
1580.887329 0.000000 1256.049316 0.000000 0.588888 0.000000 0.808215 0.621725 0.621725 0.621725
1565.601318 0.000000 1224.039917 0.000000 0.452132 0.000000 0.891951 0.826731 0.826731 0.826731
1589.249512 0.000000 1263.367065 0.000000 0.504909 0.000000 0.863172 0.711377 0.711377 0.711377
1571.468140 0.000000 1231.640015 0.000000 0.048912 0.000000 0.998803 0.479481 0.479481 0.479481
1570.162964 0.000000 1229.018677 0.000000 0.666098 0.000000 0.745865 0.705766 0.705766 0.705766
1578.632690 0.000000 1262.719849 0.000000 0.329820 0.000000 0.944044 0.562293 0.562293 0.562293
1592.717041 0.000000 1252.215210 0.000000 0.021770 0.000000 0.999763 0.578473 0.578473 0.578473
1590.509766 0.000000 1255.937744 0.000000 0.692170 0.000000 0.721735 0.724222 0.724222 0.724222
1581.267578 0.000000 1264.483398 0.000000 0.602146 0.000000 0.798386 0.672217 0.672217 0.672217
1577.007568 0.000000 1261.756104 0.000000 0.403698 0.000000 0.914892 0.674095 0.674095 0.674095
1580.462891 0.000000 1262.837891 0.000000 0.270000 0.000000 0.962860 0.621033 0.621033 0.621033
1590.164917 0.000000 1257.810913 0.000000 0.195451 0.000000 0.980713 0.492293 0.492293 0.492293
1592.420532 0.000000 1253.304199 0.000000 0.703311 0.000000 0.710883 0.784818 0.784818 0.784818
1583.492798 0.000000 1218.694214 0.000000 0.062279 0.000000 0.998059 0.427570 0.427570 0.427570
1590.488037 0.000000 1261.714111 0.000000 0.616536 0.000000 0.787327 0.719385 0.719385 0.719385
1578.477417 0.000000 1260.508423 0.000000 0.122579 0.000000 0.992459 0.367415 0.367415 0.367415
1566.574829 0.000000 1234.359253 0.000000 0.271157 0.000000 0.962535 0.556664 0.556664 0.556664
1595.763428 0.000000 1253.912720 0.000000 0.695653 0.000000 0.718377 0.749887 0.749887 0.749887
1589.488037 0.000000 1261.846802 0.000000 0.708775 0.000000 0.705435 0.720451 0.720451 0.720451
1611.378418 0.000000 1216.790649 0.000000 0.564441 0.000000 0.825474 0.953939 0.953939 0.953939
1631.319092 0.000000 1271.947632 0.000000 0.120570 0.000000 0.992705 0.974661 0.974661 0.974661
1608.561401 0.000000 1265.880981 0.000000 0.522977 0.000000 0.852347 0.808929 0.808929 0.808929
1616.590576 0.000000 1219.759033 0.000000 0.349332 0.000000 0.936999 0.918172 0.918172 0.918172
1605.252441 0.000000 1254.042725 0.000000 0.505139 0.000000 0.863038 0.976604 0.976604 0.976604
1637.095581 0.000000 1273.050659 0.000000 0.546815 0.000000 0.837254 0.836506 0.836506 0.836506
1612.546875 0.000000 1245.193726 0.000000 0.587555 0.000000 0.809184 0.814062 0.814062 0.814062
1607.777588 0.000000 1216.011597 0.000000 0.197215 0.000000 0.980360 0.945185 0.945185 0.945185
1613.301758 0.000000 1241.126831 0.000000 0.321123 0.000000 0.947038 0.500029 0.500029 0.500029
1634.570923 0.000000 1271.112549 0.000000 0.177377 0.000000 0.984143 0.280389 0.280389 0.280389
1618.536255 0.000000 1217.220215 0.000000 0.254315 0.000000 0.967121 0.675319 0.675319 0.675319
1633.669800 0.000000 1274.098877 0.000000 0.019919 0.000000 0.999802 0.705740 0.705740 0.705740
1605.467407 0.000000 1266.112061 0.000000 0.508950 0.000000 0.860796 0.805862 0.805862 0.805862
1623.735352 0.000000 1218.405151 0.000000 0.117213 0.000000 0.993107 0.811330 0.811330 0.811330
1614.303833 0.000000 1263.169800 0.000000 0.547296 0.000000 0.836939 0.957912 0.957912 0.957912
1610.295898 0.000000 1243.469727 0.000000 0.284678 0.000000 0.958623 0.641500 0.641500 0.641500
1611.033569 0.000000 1266.808105 0.000000 0.384671 0.000000 0.923054 0.803301 0.803301 0.803301
1613.817627 0.000000 1254.457031 0.000000 0.384752 0.000000 0.923020 0.691764 0.691764 0.691764
1632.013306 0.000000 1276.025513 0.000000 0.658222 0.000000 0.752824 0.942546 0.942546 0.942546
1615.953735 0.000000 1267.270264 0.000000 0.471511 0.000000 0.881860 0.776252 0.776252 0.776252
1618.673462 0.000000 1219.353638 0.000000 0.594285 0.000000 0.804255 0.783047 0.783047 0.783047
1633.982910 0.000000 1279.217773 0.000000 0.000759 0.000000 1.000000 0.706024 0.706024 0.706024
1602.551514 0.000000 1253.985718 0.000000 0.345139 0.000000 0.938552 0.796198 0.796198 0.796198
1613.557617 0.000000 1267.981079 0.000000 0.668357 0.000000 0.743840 0.782214 0.782214 0.782214
1609.409790 0.000000 1253.948486 0.000000 0.037189 0.000000 0.999308 0.850681 0.850681 0.850681
1612.667603 0.000000 1264.010376 0.000000 0.101704 0.000000 0.994815 0.449917 0.449917 0.449917
1630.597534 0.000000 1266.468872 0.000000 0.371807 0.000000 0.928310 0.554425 0.554425 0.554425
1601.272949 0.000000 1256.181519 0.000000 0.277125 0.000000 0.960834 0.719813 0.719813 0.719813
1607.080444 0.000000 1266.545044 0.000000 0.057992 0.000000 0.998317 0.667650 0.667650 0.667650
1611.676392 0.000000 1240.958252 0.000000 0.135198 0.000000 0.990819 0.695445 0.695445 0.695445
1629.326538 0.000000 1267.410278 0.000000 0.332966 0.000000 0.942939 0.794034 0.794034 0.794034
1619.944824 0.000000 1217.503784 0.000000 0.423457 0.000000 0.905916 0.719837 0.719837 0.719837
1604.021484 0.000000 1256.823242 0.000000 0.312072 0.000000 0.950058 0.590071 0.590071 0.590071
1613.877563 0.000000 1244.985352 0.000000 0.548071 0.000000 0.836432 0.804599 0.804599 0.804599
1630.609863 0.000000 1279.096802 0.000000 0.569199 0.000000 0.822200 0.831312 0.831312 0.831312
1608.178101 0.000000 1256.965820 0.000000 0.536847 0.000000 0.843680 0.751828 0.751828 0.751828
1609.367554 0.000000 1260.281860 0.000000 0.644079 0.000000 0.764959 0.732544 0.732544 0.732544
1614.882935 0.000000 1268.257446 0.000000 0.022948 0.000000 0.999737 0.729501 0.729501 0.729501
1622.005981 0.000000 1219.130859 0.000000 0.343261 0.000000 0.939240 0.841566 0.841566 0.841566
1619.835815 0.000000 1219.815063 0.000000 0.331823 0.000000 0.943342 0.713825 0.713825 0.713825
1602.158447 0.000000 1252.846924 0.000000 0.655517 0.000000 0.755180 0.856830 0.856830 0.856830
1600.010742 0.000000 1256.083862 0.000000 0.359273 0.000000 0.933232 0.738642 0.738642 0.738642
1610.445068 0.000000 1254.529297 0.000000 0.473703 0.000000 0.880685 0.596568 0.596568 0.596568
1609.409058 0.000000 1255.126343 0.000000 0.008839 0.000000 0.999961 0.656844 0.656844 0.656844
1618.627930 0.000000 1216.075806 0.000000 0.675546 0.000000 0.737317 0.795083 0.795083 0.795083
1608.892456 0.000000 1216.447632 0.000000 0.506355 0.000000 0.862325 0.807895 0.807895 0.807895
1619.036255 0.000000 1218.264038 0.000000 0.408959 0.000000 0.912553 0.733114 0.733114 0.733114
1611.191162 0.000000 1252.683838 0.000000 0.366286 0.000000 0.930502 0.644746 0.644746 0.644746
1606.307007 0.000000 1257.048584 0.000000 0.156068 0.000000 0.987746 0.685800 0.685800 0.685800
1605.808716 0.000000 1261.214722 0.000000 0.170983 0.000000 0.985274 0.518022 0.518022 0.518022
1606.091919 0.000000 1258.262085 0.000000 0.681419 0.000000 0.731893 0.583869 0.583869 0.583869
1634.613159 0.000000 1272.133667 0.000000 0.525173 0.000000 0.850995 0.623905 0.623905 0.623905
1605.943481 0.000000 1260.255615 0.000000 0.400996 0.000000 0.916080 0.600975 0.600975 0.600975
1632.208008 0.000000 1272.332031 0.000000 0.007827 0.000000 0.999969 0.601993 0.601993 0.601993
1610.923096 0.000000 1264.839600 0.000000 0.312355 0.000000 0.949965 0.643352 0.643352 0.643352
1612.600830 0.000000 1265.967407 0.000000 0.680191 0.000000 0.733035 0.691886 0.691886 0.691886
1607.609009 0.000000 1260.467285 0.000000 0.320737 0.000000 0.947168 0.540249 0.540249 0.540249
1603.188721 0.000000 1256.812622 0.000000 0.198729 0.000000 0.980054 0.555126 0.555126 0.555126
1604.137451 0.000000 1259.938721 0.000000 0.410814 0.000000 0.911719 0.355451 0.355451 0.355451
1669.002319 0.000000 1173.888672 0.000000 0.596300 0.000000 0.802762 0.937183 0.937183 0.937183
1667.746338 0.000000 1172.405640 0.000000 0.273774 0.000000 0.961794 0.893435 0.893435 0.893435
1672.488403 0.000000 1171.217773 0.000000 0.534581 0.000000 0.845117 0.359061 0.359061 0.359061
1664.919312 0.000000 1174.611328 0.000000 0.629758 0.000000 0.776791 0.722398 0.722398 0.722398
1727.123535 0.000000 1265.041016 0.000000 0.413141 0.000000 0.910667 0.925685 0.925685 0.925685
1724.368652 0.000000 1266.595703 0.000000 0.020172 0.000000 0.999797 0.883864 0.883864 0.883864
1725.247803 0.000000 1278.439453 0.000000 0.084916 0.000000 0.996388 0.729220 0.729220 0.729220
1724.768188 0.000000 1279.735107 0.000000 0.579077 0.000000 0.815273 0.826281 0.826281 0.826281
1727.459839 0.000000 1266.463867 0.000000 0.508526 0.000000 0.861047 0.826488 0.826488 0.826488
1779.701050 0.000000 1252.844727 0.000000 0.383582 0.000000 0.923507 0.518045 0.518045 0.518045
1773.892334 0.000000 1259.312134 0.000000 0.032193 0.000000 0.999482 0.869400 0.869400 0.869400
1728.499634 0.000000 1267.129517 0.000000 0.197164 0.000000 0.980371 0.770452 0.770452 0.770452
1766.957764 0.000000 1268.401733 0.000000 0.731125 0.000000 0.682244 0.797557 0.797557 0.797557
1789.435791 0.000000 1236.831055 0.000000 0.132733 0.000000 0.991152 0.644668 0.644668 0.644668
1738.362305 0.000000 1277.712769 0.000000 0.407150 0.000000 0.913361 0.913759 0.913759 0.913759
1783.659180 0.000000 1273.764648 0.000000 0.363233 0.000000 0.931698 0.775487 0.775487 0.775487
1778.746094 0.000000 1257.668579 0.000000 0.151137 0.000000 0.988513 0.918516 0.918516 0.918516
1772.970947 0.000000 1241.687256 0.000000 0.625313 0.000000 0.780374 0.910597 0.910597 0.910597
1762.333984 0.000000 1267.662842 0.000000 0.642389 0.000000 0.766379 0.843044 0.843044 0.843044
1732.492310 0.000000 1269.102539 0.000000 0.613954 0.000000 0.789342 0.981830 0.981830 0.981830
1769.959961 0.000000 1271.235596 0.000000 0.395119 0.000000 0.918630 0.938943 0.938943 0.938943
1757.569336 0.000000 1275.336182 0.000000 0.491940 0.000000 0.870629 0.984175 0.984175 0.984175
1741.613403 0.000000 1275.928223 0.000000 0.040495 0.000000 0.999180 0.686724 0.686724 0.686724
1789.952271 0.000000 1248.699341 0.000000 0.681924 0.000000 0.731423 0.922169 0.922169 0.922169
1766.725830 0.000000 1265.065430 0.000000 0.370776 0.000000 0.928722 0.806738 0.806738 0.806738
1731.786621 0.000000 1277.274048 0.000000 0.171733 0.000000 0.985144 0.853391 0.853391 0.853391
1759.157227 0.000000 1268.205078 0.000000 0.574749 0.000000 0.818330 0.851638 0.851638 0.851638
1776.290405 0.000000 1251.640625 0.000000 0.247926 0.000000 0.968779 0.538548 0.538548 0.538548
1761.669800 0.000000 1274.098877 0.000000 0.578062 0.000000 0.815993 0.947578 0.947578 0.947578
1787.566895 0.000000 1254.746704 0.000000 0.588241 0.000000 0.808686 0.804823 0.804823 0.804823
1754.568115 0.000000 1265.466431 0.000000 0.463298 0.000000 0.886203 0.747138 0.747138 0.747138
1783.710083 0.000000 1248.172607 0.000000 0.539884 0.000000 0.841740 0.787688 0.787688 0.787688
1786.773560 0.000000 1250.637329 0.000000 0.442977 0.000000 0.896533 0.727966 0.727966 0.727966
1789.166260 0.000000 1229.213135 0.000000 0.697813 0.000000 0.716280 0.878403 0.878403 0.878403
1782.357178 0.000000 1253.203247 0.000000 0.577376 0.000000 0.816478 0.892679 0.892679 0.892679
1767.549683 0.000000 1244.288452 0.000000 0.626649 0.000000 0.779301 0.908538 0.908538 0.908538
1729.896240 0.000000 1269.310303 0.000000 0.157464 0.000000 0.987525 0.749597 0.749597 0.749597
1731.484009 0.000000 1272.417847 0.000000 0.660664 0.000000 0.750682 0.851614 0.851614 0.851614
1739.689087 0.000000 1274.299438 0.000000 0.458378 0.000000 0.888757 0.732187 0.732187 0.732187
1744.036743 0.000000 1275.841064 0.000000 0.265576 0.000000 0.964090 0.941491 0.941491 0.941491
1769.591064 0.000000 1243.176758 0.000000 0.405108 0.000000 0.914269 0.855987 0.855987 0.855987
1765.227295 0.000000 1266.910278 0.000000 0.606929 0.000000 0.794756 0.697279 0.697279 0.697279
1785.258789 0.000000 1241.536011 0.000000 0.069531 0.000000 0.997580 0.823851 0.823851 0.823851
1759.436157 0.000000 1262.529663 0.000000 0.698152 0.000000 0.715950 0.920312 0.920312 0.920312
1791.981445 0.000000 1225.215210 0.000000 0.144670 0.000000 0.989480 0.576465 0.576465 0.576465
1760.913086 0.000000 1269.532227 0.000000 0.480143 0.000000 0.877190 0.919862 0.919862 0.919862
1788.512573 0.000000 1257.554688 0.000000 0.446522 0.000000 0.894772 0.930851 0.930851 0.930851
1747.236084 0.000000 1252.138916 0.000000 0.376138 0.000000 0.926564 0.917153 0.917153 0.917153
1735.298828 0.000000 1273.259277 0.000000 0.603426 0.000000 0.797419 0.935479 0.935479 0.935479
1777.539307 0.000000 1253.343140 0.000000 0.284682 0.000000 0.958622 0.558279 0.558279 0.558279
1759.389893 0.000000 1274.043213 0.000000 0.637220 0.000000 0.770682 0.940688 0.940688 0.940688
1790.276367 0.000000 1254.096924 0.000000 0.373915 0.000000 0.927463 0.851759 0.851759 0.851759
1769.910645 0.000000 1248.270874 0.000000 0.320886 0.000000 0.947118 0.906819 0.906819 0.906819
1788.797852 0.000000 1241.260620 0.000000 0.058578 0.000000 0.998283 0.803687 0.803687 0.803687
1752.750610 0.000000 1264.860840 0.000000 0.201439 0.000000 0.979501 0.900959 0.900959 0.900959
1784.627686 0.000000 1266.430298 0.000000 0.701805 0.000000 0.712369 0.904987 0.904987 0.904987
1751.485962 0.000000 1253.586914 0.000000 0.616384 0.000000 0.787445 0.830237 0.830237 0.830237
1784.078247 0.000000 1270.244995 0.000000 0.269201 0.000000 0.963084 0.730989 0.730989 0.730989
1731.395874 0.000000 1270.598267 0.000000 0.399185 0.000000 0.916870 0.826215 0.826215 0.826215
1779.491089 0.000000 1248.351196 0.000000 0.699778 0.000000 0.714360 0.652358 0.652358 0.652358
1738.793701 0.000000 1276.008179 0.000000 0.010084 0.000000 0.999949 0.883108 0.883108 0.883108
1745.619995 0.000000 1276.893311 0.000000 0.353369 0.000000 0.935484 0.839946 0.839946 0.839946
1780.341431 0.000000 1254.448364 0.000000 0.074283 0.000000 0.997237 0.831882 0.831882 0.831882
1788.235107 0.000000 1248.622925 0.000000 0.728896 0.000000 0.684625 0.928460 0.928460 0.928460
1774.770508 0.000000 1241.830444 0.000000 0.239856 0.000000 0.970808 0.827523 0.827523 0.827523
1791.485229 0.000000 1227.846680 0.000000 0.665208 0.000000 0.746658 0.663256 0.663256 0.663256
1767.126221 0.000000 1266.788818 0.000000 0.531731 0.000000 0.846913 0.702416 0.702416 0.702416
1770.444824 0.000000 1249.801025 0.000000 0.239838 0.000000 0.970813 0.847422 0.847422 0.847422
1765.061157 0.000000 1264.071411 0.000000 0.410189 0.000000 0.912001 0.796487 0.796487 0.796487
1772.251709 0.000000 1240.237793 0.000000 0.231618 0.000000 0.972807 0.866479 0.866479 0.866479
1763.677246 0.000000 1266.671143 0.000000 0.438348 0.000000 0.898805 0.799211 0.799211 0.799211
1775.476318 0.000000 1259.549561 0.000000 0.733021 0.000000 0.680206 0.901021 0.901021 0.901021
1772.815552 0.000000 1243.248657 0.000000 0.223123 0.000000 0.974790 0.862248 0.862248 0.862248
1783.795654 0.000000 1252.659180 0.000000 0.630676 0.000000 0.776046 0.900196 0.900196 0.900196
1753.988525 0.000000 1254.114502 0.000000 0.301797 0.000000 0.953372 0.760130 0.760130 0.760130
1778.010254 0.000000 1251.873413 0.000000 0.169288 0.000000 0.985567 0.318107 0.318107 0.318107
1773.982910 0.000000 1240.565430 0.000000 0.382571 0.000000 0.923926 0.882341 0.882341 0.882341
1780.507690 0.000000 1268.024170 0.000000 0.201188 0.000000 0.979553 0.641337 0.641337 0.641337
1783.323242 0.000000 1268.965698 0.000000 0.033561 0.000000 0.999437 0.451200 0.451200 0.451200
1729.789673 0.000000 1267.856445 0.000000 0.447841 0.000000 0.894113 0.814926 0.814926 0.814926
1751.222046 0.000000 1255.291260 0.000000 0.657752 0.000000 0.753235 0.708262 0.708262 0.708262
1785.827637 0.000000 1237.686646 0.000000 0.180239 0.000000 0.983623 0.694717 0.694717 0.694717
1740.000732 0.000000 1272.867676 0.000000 0.639589 0.000000 0.768717 0.730746 0.730746 0.730746
1767.822754 0.000000 1269.468994 0.000000 0.280680 0.000000 0.959801 0.653180 0.653180 0.653180
1784.314575 0.000000 1231.458374 0.000000 0.108410 0.000000 0.994106 0.806530 0.806530 0.806530
1738.420776 0.000000 1274.681885 0.000000 0.566466 0.000000 0.824085 0.763024 0.763024 0.763024
1749.492432 0.000000 1255.931274 0.000000 0.524559 0.000000 0.851374 0.699928 0.699928 0.699928
1780.971069 0.000000 1253.257446 0.000000 0.393686 0.000000 0.919245 0.700129 0.700129 0.700129
1768.626831 0.000000 1245.090942 0.000000 0.714112 0.000000 0.700031 0.897396 0.897396 0.897396
1791.594482 0.000000 1253.781616 0.000000 0.677143 0.000000 0.735852 0.843101 0.843101 0.843101
1787.437378 0.000000 1238.748657 0.000000 0.652855 0.000000 0.757483 0.693171 0.693171 0.693171
1786.418823 0.000000 1235.667236 0.000000 0.109889 0.000000 0.993944 0.741086 0.741086 0.741086
1737.882690 0.000000 1271.100952 0.000000 0.554196 0.000000 0.832386 0.833053 0.833053 0.833053
1779.525513 0.000000 1249.613037 0.000000 0.195878 0.000000 0.980628 0.399861 0.399861 0.399861
1786.871338 0.000000 1253.746948 0.000000 0.398746 0.000000 0.917062 0.614617 0.614617 0.614617
1767.745361 0.000000 1265.714355 0.000000 0.517727 0.000000 0.855546 0.833407 0.833407 0.833407
1790.477417 0.000000 1252.906860 0.000000 0.637290 0.000000 0.770624 0.833065 0.833065 0.833065
1739.538696 0.000000 1270.418945 0.000000 0.468677 0.000000 0.883370 0.710697 0.710697 0.710697
1783.756714 0.000000 1249.381836 0.000000 0.718036 0.000000 0.696006 0.836639 0.836639 0.836639
1751.683716 0.000000 1257.541138 0.000000 0.677875 0.000000 0.735177 0.752564 0.752564 0.752564
1791.345459 0.000000 1226.309814 0.000000 0.402979 0.000000 0.915209 0.538228 0.538228 0.538228
1789.613281 0.000000 1251.004883 0.000000 0.480208 0.000000 0.877155 0.724880 0.724880 0.724880
1750.255859 0.000000 1253.567017 0.000000 0.650798 0.000000 0.759251 0.838568 0.838568 0.838568
1757.986084 0.000000 1265.524902 0.000000 0.115206 0.000000 0.993342 0.513136 0.513136 0.513136
1782.697021 0.000000 1248.697998 0.000000 0.709794 0.000000 0.704410 0.834141 0.834141 0.834141
1784.937012 0.000000 1269.504517 0.000000 0.386831 0.000000 0.922151 0.745094 0.745094 0.745094
1786.662720 0.000000 1251.712280 0.000000 0.557695 0.000000 0.830046 0.760430 0.760430 0.760430
1787.737061 0.000000 1241.606812 0.000000 0.024339 0.000000 0.999704 0.722023 0.722023 0.722023
1786.339111 0.000000 1241.543579 0.000000 0.380940 0.000000 0.924600 0.787896 0.787896 0.787896
1785.217529 0.000000 1238.785767 0.000000 0.270633 0.000000 0.962683 0.708635 0.708635 0.708635
1778.672729 0.000000 1247.672852 0.000000 0.156045 0.000000 0.987750 0.657551 0.657551 0.657551
1789.361084 0.000000 1237.943481 0.000000 0.097401 0.000000 0.995245 0.635876 0.635876 0.635876
1754.168457 0.000000 1266.438599 0.000000 0.457192 0.000000 0.889368 0.720916 0.720916 0.720916
1748.968628 0.000000 1254.205078 0.000000 0.211999 0.000000 0.977270 0.600186 0.600186 0.600186
1780.984619 0.000000 1268.881226 0.000000 0.349114 0.000000 0.937080 0.681720 0.681720 0.681720
1785.674072 0.000000 1268.693115 0.000000 0.501491 0.000000 0.865163 0.772923 0.772923 0.772923
1767.597900 0.000000 1267.651123 0.000000 0.554002 0.000000 0.832515 0.710229 0.710229 0.710229
1757.635376 0.000000 1266.463135 0.000000 0.581947 0.000000 0.813227 0.620654 0.620654 0.620654
1751.846802 0.000000 1254.466187 0.000000 0.062749 0.000000 0.998029 0.484221 0.484221 0.484221
1780.578247 0.000000 1246.178589 0.000000 0.525306 0.000000 0.850913 0.740839 0.740839 0.740839
1750.323364 0.000000 1255.477905 0.000000 0.369473 0.000000 0.929242 0.592182 0.592182 0.592182
1765.612549 0.000000 1269.139282 0.000000 0.734370 0.000000 0.678749 0.776492 0.776492 0.776492
1790.107788 0.000000 1225.732300 0.000000 0.442719 0.000000 0.896661 0.669587 0.669587 0.669587
1783.625488 0.000000 1268.094727 0.000000 0.316810 0.000000 0.948489 0.554302 0.554302 0.554302
1776.636963 0.000000 1250.701416 0.000000 0.011647 0.000000 0.999932 0.455051 0.455051 0.455051
1787.763428 0.000000 1253.912720 0.000000 0.104932 0.000000 0.994479 0.513337 0.513337 0.513337
1782.801025 0.000000 1268.255981 0.000000 0.272512 0.000000 0.962152 0.537750 0.537750 0.537750
1738.945679 0.000000 1273.952881 0.000000 0.260603 0.000000 0.965446 0.471335 0.471335 0.471335
1792.712646 0.000000 1250.175537 0.000000 0.261259 0.000000 0.965269 0.941290 0.941290 0.941290
1800.257080 0.000000 1259.504028 0.000000 0.389976 0.000000 0.920825 0.988314 0.988314 0.988314
1811.874268 0.000000 1237.486328 0.000000 0.433121 0.000000 0.901336 0.910296 0.910296 0.910296
1797.866211 0.000000 1249.456055 0.000000 0.507185 0.000000 0.861837 0.955909 0.955909 0.955909
1815.028442 0.000000 1234.613525 0.000000 0.732521 0.000000 0.680744 0.983176 0.983176 0.983176
1797.865112 0.000000 1227.321777 0.000000 0.623286 0.000000 0.781994 0.896889 0.896889 0.896889
1800.186768 0.000000 1252.134155 0.000000 0.171717 0.000000 0.985146 0.783574 0.783574 0.783574
1798.541992 0.000000 1224.038086 0.000000 0.574413 0.000000 0.818566 0.944939 0.944939 0.944939
1792.016602 0.000000 1222.866577 0.000000 0.351660 0.000000 0.936128 0.900193 0.900193 0.900193
1795.141479 0.000000 1229.086548 0.000000 0.517183 0.000000 0.855875 0.894853 0.894853 0.894853
1805.301758 0.000000 1241.126831 0.000000 0.352217 0.000000 0.935918 0.694681 0.694681 0.694681
1795.059570 0.000000 1251.984131 0.000000 0.292910 0.000000 0.956140 0.888720 0.888720 0.888720
1808.442627 0.000000 1236.322998 0.000000 0.674223 0.000000 0.738528 0.863093 0.863093 0.863093
1796.095703 0.000000 1232.938477 0.000000 0.246801 0.000000 0.969066 0.930721 0.930721 0.930721
1803.019165 0.000000 1238.267700 0.000000 0.128718 0.000000 0.991681 0.899219 0.899219 0.899219
1811.219604 0.000000 1234.984009 0.000000 0.700263 0.000000 0.713885 0.817395 0.817395 0.817395
1797.529907 0.000000 1229.630005 0.000000 0.646054 0.000000 0.763292 0.837401 0.837401 0.837401
1797.270386 0.000000 1251.638672 0.000000 0.480136 0.000000 0.877194 0.818353 0.818353 0.818353
1805.959351 0.000000 1243.320801 0.000000 0.648674 0.000000 0.761067 0.872595 0.872595 0.872595
1801.286987 0.000000 1257.684448 0.000000 0.708189 0.000000 0.706023 0.951076 0.951076 0.951076
1798.319214 0.000000 1255.887207 0.000000 0.112987 0.000000 0.993596 0.585167 0.585167 0.585167
1800.660034 0.000000 1250.055298 0.000000 0.713500 0.000000 0.700655 0.937981 0.937981 0.937981
1806.747925 0.000000 1235.323120 0.000000 0.449556 0.000000 0.893252 0.826277 0.826277 0.826277
1801.409790 0.000000 1253.948486 0.000000 0.274211 0.000000 0.961670 0.799857 0.799857 0.799857
1809.863892 0.000000 1237.527954 0.000000 0.302412 0.000000 0.953177 0.791798 0.791798 0.791798
1804.715210 0.000000 1236.428833 0.000000 0.322209 0.000000 0.946669 0.872796 0.872796 0.872796
1796.425171 0.000000 1255.459106 0.000000 0.635456 0.000000 0.772137 0.621179 0.621179 0.621179
1809.528931 0.000000 1234.976807 0.000000 0.641969 0.000000 0.766731 0.781868 0.781868 0.781868
1798.824951 0.000000 1228.741699 0.000000 0.509522 0.000000 0.860458 0.635255 0.635255 0.635255
1795.979126 0.000000 1253.181274 0.000000 0.358595 0.000000 0.933493 0.771549 0.771549 0.771549
1796.512817 0.000000 1221.017456 0.000000 0.507831 0.000000 0.861457 0.883371 0.883371 0.883371
1809.362061 0.000000 1241.768555 0.000000 0.062083 0.000000 0.998071 0.638418 0.638418 0.638418
1809.938721 0.000000 1240.198730 0.000000 0.471921 0.000000 0.881641 0.741319 0.741319 0.741319
1805.191895 0.000000 1242.432495 0.000000 0.356162 0.000000 0.934424 0.822266 0.822266 0.822266
1809.643799 0.000000 1236.366943 0.000000 0.168997 0.000000 0.985617 0.769157 0.769157 0.769157
1808.685303 0.000000 1237.457520 0.000000 0.549425 0.000000 0.835543 0.837021 0.837021 0.837021
1793.241333 0.000000 1225.606201 0.000000 0.050880 0.000000 0.998705 0.662290 0.662290 0.662290
1794.202271 0.000000 1256.817139 0.000000 0.179945 0.000000 0.983677 0.712001 0.712001 0.712001
1809.017456 0.000000 1240.414062 0.000000 0.252919 0.000000 0.967487 0.684812 0.684812 0.684812
1796.306519 0.000000 1252.273926 0.000000 0.662459 0.000000 0.749098 0.733658 0.733658 0.733658
1811.721924 0.000000 1233.288452 0.000000 0.289022 0.000000 0.957322 0.550271 0.550271 0.550271
1809.957520 0.000000 1233.100952 0.000000 0.009291 0.000000 0.999957 0.426939 0.426939 0.426939
1810.527954 0.000000 1232.413818 0.000000 0.689179 0.000000 0.724591 0.714714 0.714714 0.714714
1796.410400 0.000000 1253.913208 0.000000 0.729957 0.000000 0.683493 0.763278 0.763278 0.763278
1796.796143 0.000000 1254.724121 0.000000 0.084009 0.000000 0.996465 0.361607 0.361607 0.361607
1595.275146 0.000000 1306.601440 0.000000 0.638730 0.000000 0.769431 0.522178 0.522178 0.522178
1597.275879 0.000000 1316.162109 0.000000 0.683916 0.000000 0.729561 0.930593 0.930593 0.930593
1587.368530 0.000000 1297.918701 0.000000 0.549940 0.000000 0.835204 0.879075 0.879075 0.879075
1598.972534 0.000000 1309.459717 0.000000 0.449017 0.000000 0.893523 0.928266 0.928266 0.928266
1599.692627 0.000000 1298.553345 0.000000 0.262358 0.000000 0.964971 0.517694 0.517694 0.517694
1583.066406 0.000000 1294.245850 0.000000 0.624993 0.000000 0.780630 0.897140 0.897140 0.897140
1596.294434 0.000000 1309.041016 0.000000 0.306674 0.000000 0.951815 0.223580 0.223580 0.223580
1599.945312 0.000000 1301.680908 0.000000 0.454474 0.000000 0.890760 0.506126 0.506126 0.506126
1599.694702 0.000000 1316.460327 0.000000 0.606272 0.000000 0.795257 0.467466 0.467466 0.467466
1582.710205 0.000000 1292.254150 0.000000 0.149314 0.000000 0.988790 0.868746 0.868746 0.868746
1597.282349 0.000000 1310.759888 0.000000 0.609991 0.000000 0.792408 0.885815 0.885815 0.885815
1596.702148 0.000000 1314.280029 0.000000 0.310342 0.000000 0.950625 0.670954 0.670954 0.670954
1598.291382 0.000000 1302.420898 0.000000 0.532891 0.000000 0.846184 0.851410 0.851410 0.851410
1595.788574 0.000000 1280.675903 0.000000 0.489747 0.000000 0.871865 0.621931 0.621931 0.621931
1577.912964 0.000000 1302.699219 0.000000 0.663734 0.000000 0.747968 0.829125 0.829125 0.829125
1594.395020 0.000000 1280.222656 0.000000 0.465375 0.000000 0.885113 0.612028 0.612028 0.612028
1592.339966 0.000000 1308.386963 0.000000 0.242497 0.000000 0.970152 0.755055 0.755055 0.755055
1578.990112 0.000000 1309.521362 0.000000 0.685609 0.000000 0.727970 0.896186 0.896186 0.896186
1578.883301 0.000000 1303.351807 0.000000 0.655572 0.000000 0.755133 0.837612 0.837612 0.837612
1585.102783 0.000000 1292.414062 0.000000 0.517918 0.000000 0.855430 0.800132 0.800132 0.800132
1595.631348 0.000000 1281.681885 0.000000 0.578289 0.000000 0.815832 0.659356 0.659356 0.659356
1587.543091 0.000000 1295.263550 0.000000 0.427224 0.000000 0.904146 0.681392 0.681392 0.681392
1578.038452 0.000000 1301.680786 0.000000 0.292196 0.000000 0.956358 0.615064 0.615064 0.615064
1594.376099 0.000000 1307.482544 0.000000 0.167362 0.000000 0.985896 0.236615 0.236615 0.236615
1598.180176 0.000000 1300.326904 0.000000 0.597276 0.000000 0.802036 0.581765 0.581765 0.581765
1597.496704 0.000000 1307.591309 0.000000 0.302941 0.000000 0.953009 0.344137 0.344137 0.344137
1585.544556 0.000000 1294.322144 0.000000 0.588388 0.000000 0.808579 0.647338 0.647338 0.647338
1617.064331 0.000000 1297.424316 0.000000 0.001237 0.000000 0.999999 0.286836 0.286836 0.286836
1600.229248 0.000000 1304.886719 0.000000 0.701910 0.000000 0.712266 0.853549 0.853549 0.853549
1600.712646 0.000000 1314.175537 0.000000 0.289608 0.000000 0.957145 0.190238 0.190238 0.190238
1600.331177 0.000000 1318.835327 0.000000 0.016323 0.000000 0.999867 0.934026 0.934026 0.934026
1618.711548 0.000000 1322.198486 0.000000 0.691938 0.000000 0.721957 0.631478 0.631478 0.631478
1627.031494 0.000000 1284.294800 0.000000 0.707117 0.000000 0.707096 0.980393 0.980393 0.980393
1613.301758 0.000000 1305.126831 0.000000 0.048400 0.000000 0.998828 0.920186 0.920186 0.920186
1621.783325 0.000000 1291.341919 0.000000 0.486333 0.000000 0.873774 0.920392 0.920392 0.920392
1622.441162 0.000000 1288.117065 0.000000 0.454080 0.000000 0.890961 0.349471 0.349471 0.349471
1610.295898 0.000000 1307.469727 0.000000 0.038904 0.000000 0.999243 0.629031 0.629031 0.629031
1617.186401 0.000000 1319.220947 0.000000 0.066509 0.000000 0.997786 0.042372 0.042372 0.042372
1610.408936 0.000000 1310.619873 0.000000 0.718312 0.000000 0.695721 0.510170 0.510170 0.510170
1621.157593 0.000000 1322.428589 0.000000 0.580285 0.000000 0.814413 0.926344 0.926344 0.926344
1602.928833 0.000000 1283.394775 0.000000 0.676483 0.000000 0.736458 0.737530 0.737530 0.737530
1613.959351 0.000000 1307.320801 0.000000 0.563351 0.000000 0.826218 0.686847 0.686847 0.686847
1620.253052 0.000000 1320.385742 0.000000 0.540684 0.000000 0.841226 0.747963 0.747963 0.747963
1633.792236 0.000000 1281.831543 0.000000 0.593207 0.000000 0.805050 0.887864 0.887864 0.887864
1618.009033 0.000000 1324.066040 0.000000 0.381592 0.000000 0.924331 0.911676 0.911676 0.911676
1601.257690 0.000000 1285.175171 0.000000 0.248564 0.000000 0.968616 0.377350 0.377350 0.377350
1602.145874 0.000000 1287.474976 0.000000 0.013925 0.000000 0.999903 0.646301 0.646301 0.646301
1611.952393 0.000000 1306.527100 0.000000 0.027373 0.000000 0.999625 0.626238 0.626238 0.626238
1603.746338 0.000000 1300.405640 0.000000 0.649974 0.000000 0.759957 0.823279 0.823279 0.823279
1614.275024 0.000000 1316.721069 0.000000 0.272751 0.000000 0.962085 0.857797 0.857797 0.857797
1625.797485 0.000000 1291.467041 0.000000 0.337209 0.000000 0.941430 0.381299 0.381299 0.381299
1613.809570 0.000000 1310.395020 0.000000 0.396436 0.000000 0.918062 0.770592 0.770592 0.770592
1616.396851 0.000000 1295.871338 0.000000 0.096913 0.000000 0.995293 0.863868 0.863868 0.863868
1602.395874 0.000000 1313.891602 0.000000 0.492310 0.000000 0.870420 0.662529 0.662529 0.662529
1617.528931 0.000000 1298.976807 0.000000 0.379020 0.000000 0.925389 0.551437 0.551437 0.551437
1603.634766 0.000000 1304.617554 0.000000 0.036656 0.000000 0.999328 0.854459 0.854459 0.854459
1607.401611 0.000000 1310.693848 0.000000 0.675165 0.000000 0.737666 0.788742 0.788742 0.788742
1601.272949 0.000000 1312.719971 0.000000 0.451222 0.000000 0.892411 0.314541 0.314541 0.314541
1601.754883 0.000000 1315.253296 0.000000 0.126287 0.000000 0.991994 0.084217 0.084217 0.084217
1601.592407 0.000000 1302.009033 0.000000 0.332865 0.000000 0.942975 0.618776 0.618776 0.618776
1616.090820 0.000000 1298.661133 0.000000 0.490708 0.000000 0.871324 0.598555 0.598555 0.598555
1615.135254 0.000000 1322.267334 0.000000 0.670509 0.000000 0.741901 0.755836 0.755836 0.755836
1611.665649 0.000000 1307.936401 0.000000 0.578470 0.000000 0.815704 0.768988 0.768988 0.768988
1618.882080 0.000000 1300.419922 0.000000 0.371264 0.000000 0.928528 0.670113 0.670113 0.670113
1621.492432 0.000000 1319.931274 0.000000 0.103908 0.000000 0.994587 0.743682 0.743682 0.743682
1601.805908 0.000000 1299.159058 0.000000 0.019617 0.000000 0.999808 0.128667 0.128667 0.128667
1627.425415 0.000000 1290.912231 0.000000 0.267859 0.000000 0.963458 0.672297 0.672297 0.672297
1602.050781 0.000000 1286.226929 0.000000 0.519508 0.000000 0.854466 0.767243 0.767243 0.767243
1621.349243 0.000000 1321.197510 0.000000 0.255191 0.000000 0.966891 0.668988 0.668988 0.668988
1616.120850 0.000000 1321.474487 0.000000 0.488567 0.000000 0.872526 0.324960 0.324960 0.324960
1607.052368 0.000000 1290.894165 0.000000 0.709249 0.000000 0.704958 0.710925 0.710925 0.710925
1600.640381 0.000000 1301.216797 0.000000 0.167046 0.000000 0.985949 0.138369 0.138369 0.138369
1600.108643 0.000000 1312.716553 0.000000 0.544590 0.000000 0.838702 0.381532 0.381532 0.381532
1601.420044 0.000000 1282.665405 0.000000 0.230235 0.000000 0.973135 0.582303 0.582303 0.582303
1615.143677 0.000000 1307.042358 0.000000 0.042122 0.000000 0.999112 0.717588 0.717588 0.717588
1603.820068 0.000000 1284.085693 0.000000 0.153097 0.000000 0.988211 0.398566 0.398566 0.398566
1618.037842 0.000000 1297.993774 0.000000 0.446893 0.000000 0.894588 0.529959 0.529959 0.529959
1616.915649 0.000000 1323.812012 0.000000 0.715738 0.000000 0.698369 0.507819 0.507819 0.507819
1603.056641 0.000000 1314.785889 0.000000 0.144852 0.000000 0.989453 0.427056 0.427056 0.427056
1624.351318 0.000000 1286.013916 0.000000 0.131921 0.000000 0.991260 0.371530 0.371530 0.371530
1608.714355 0.000000 1289.528564 0.000000 0.546469 0.000000 0.837479 0.655529 0.655529 0.655529
1600.120483 0.000000 1305.981323 0.000000 0.534508 0.000000 0.845163 0.813986 0.813986 0.813986
1601.849731 0.000000 1305.987305 0.000000 0.530083 0.000000 0.847946 0.813020 0.813020 0.813020
1607.346680 0.000000 1288.724976 0.000000 0.615918 0.000000 0.787810 0.737262 0.737262 0.737262
1600.997070 0.000000 1286.473633 0.000000 0.494411 0.000000 0.869228 0.605431 0.605431 0.605431
1602.120850 0.000000 1312.030396 0.000000 0.613355 0.000000 0.789808 0.709044 0.709044 0.709044
1600.096680 0.000000 1310.468994 0.000000 0.080868 0.000000 0.996725 0.531348 0.531348 0.531348
1600.001465 0.000000 1299.036743 0.000000 0.068148 0.000000 0.997675 0.155957 0.155957 0.155957
1623.398315 0.000000 1287.935181 0.000000 0.510724 0.000000 0.859745 0.519497 0.519497 0.519497
1609.563599 0.000000 1310.025757 0.000000 0.442435 0.000000 0.896800 0.291771 0.291771 0.291771
1625.151123 0.000000 1286.515137 0.000000 0.333889 0.000000 0.942612 0.462457 0.462457 0.462457
1602.381836 0.000000 1282.616455 0.000000 0.580727 0.000000 0.814099 0.698419 0.698419 0.698419
1610.606567 0.000000 1308.362305 0.000000 0.670137 0.000000 0.742237 0.480058 0.480058 0.480058
1606.720093 0.000000 1291.780029 0.000000 0.535383 0.000000 0.844610 0.628355 0.628355 0.628355
1623.826294 0.000000 1289.603271 0.000000 0.637696 0.000000 0.770288 0.479739 0.479739 0.479739
1622.825928 0.000000 1287.187378 0.000000 0.298226 0.000000 0.954495 0.411212 0.411212 0.411212
1600.155151 0.000000 1303.274902 0.000000 0.498671 0.000000 0.866791 0.675342 0.675342 0.675342
1616.666870 0.000000 1299.418335 0.000000 0.725080 0.000000 0.688665 0.711733 0.711733 0.711733
1601.158447 0.000000 1310.788940 0.000000 0.436310 0.000000 0.899797 0.647906 0.647906 0.647906
1601.516113 0.000000 1313.602417 0.000000 0.246122 0.000000 0.969239 0.178117 0.178117 0.178117
1619.721924 0.000000 1297.288452 0.000000 0.218445 0.000000 0.975849 0.426798 0.426798 0.426798
1601.885742 0.000000 1303.916504 0.000000 0.646035 0.000000 0.763307 0.731162 0.731162 0.731162
1600.536987 0.000000 1282.423096 0.000000 0.268505 0.000000 0.963278 0.594637 0.594637 0.594637
1603.586914 0.000000 1284.944702 0.000000 0.188241 0.000000 0.982123 0.413705 0.413705 0.413705
1624.769653 0.000000 1289.203369 0.000000 0.149074 0.000000 0.988826 0.095259 0.095259 0.095259
1616.310181 0.000000 1318.964844 0.000000 0.571652 0.000000 0.820496 0.387394 0.387394 0.387394
1625.338623 0.000000 1293.485718 0.000000 0.322782 0.000000 0.946473 0.534845 0.534845 0.534845
1617.957520 0.000000 1297.100952 0.000000 0.089293 0.000000 0.996005 0.326901 0.326901 0.326901
1625.218628 0.000000 1290.743896 0.000000 0.014903 0.000000 0.999889 0.215359 0.215359 0.215359
1610.373901 0.000000 1309.746826 0.000000 0.210465 0.000000 0.977601 0.155348 0.155348 0.155348
1602.435913 0.000000 1285.431763 0.000000 0.208204 0.000000 0.978086 0.422349 0.422349 0.422349
1609.656128 0.000000 1311.022461 0.000000 0.523420 0.000000 0.852075 0.350688 0.350688 0.350688
1621.107056 0.000000 1298.349121 0.000000 0.684661 0.000000 0.728862 0.734953 0.734953 0.734953
1618.411255 0.000000 1298.738525 0.000000 0.279715 0.000000 0.960083 0.357239 0.357239 0.357239
1611.455688 0.000000 1311.077271 0.000000 0.343906 0.000000 0.939004 0.223500 0.223500 0.223500
1608.988770 0.000000 1309.422119 0.000000 0.395553 0.000000 0.918443 0.412928 0.412928 0.412928
1611.791870 0.000000 1308.750732 0.000000 0.161107 0.000000 0.986937 0.124118 0.124118 0.124118
1710.140869 0.000000 1310.295532 0.000000 0.341380 0.000000 0.939925 0.847410 0.847410 0.847410
1694.703125 0.000000 1328.679688 0.000000 0.398349 0.000000 0.917234 0.898546 0.898546 0.898546
1703.853149 0.000000 1319.449951 0.000000 0.597237 0.000000 0.802065 0.886141 0.886141 0.886141
1725.435791 0.000000 1300.831055 0.000000 0.126827 0.000000 0.991925 0.798171 0.798171 0.798171
1682.083252 0.000000 1332.457397 0.000000 0.528504 0.000000 0.848931 0.936715 0.936715 0.936715
1698.333984 0.000000 1331.662842 0.000000 0.179453 0.000000 0.983767 0.944462 0.944462 0.944462
1717.978394 0.000000 1292.223877 0.000000 0.695600 0.000000 0.718429 0.893942 0.893942 0.893942
1694.574585 0.000000 1324.103027 0.000000 0.605080 0.000000 0.796165 0.988504 0.988504 0.988504
1719.090576 0.000000 1296.181030 0.000000 0.195365 0.000000 0.980731 0.897080 0.897080 0.897080
1720.031128 0.000000 1284.688599 0.000000 0.556445 0.000000 0.830885 0.958378 0.958378 0.958378
1697.726562 0.000000 1326.735229 0.000000 0.417930 0.000000 0.908479 0.667118 0.667118 0.667118
1716.006104 0.000000 1301.699219 0.000000 0.362191 0.000000 0.932104 0.919100 0.919100 0.919100
1715.167358 0.000000 1290.150757 0.000000 0.518991 0.000000 0.854780 0.925781 0.925781 0.925781
1709.792725 0.000000 1300.390259 0.000000 0.340753 0.000000 0.940153 0.789310 0.789310 0.789310
1712.612061 0.000000 1298.905029 0.000000 0.144814 0.000000 0.989459 0.740211 0.740211 0.740211
1716.455688 0.000000 1294.905273 0.000000 0.588902 0.000000 0.808204 0.913069 0.913069 0.913069
1684.637329 0.000000 1331.133179 0.000000 0.734614 0.000000 0.678485 0.769153 0.769153 0.769153
1683.368530 0.000000 1325.546509 0.000000 0.342844 0.000000 0.939392 0.856748 0.856748 0.856748
1703.165161 0.000000 1335.206543 0.000000 0.695934 0.000000 0.718106 0.914003 0.914003 0.914003
1709.479858 0.000000 1303.074219 0.000000 0.458226 0.000000 0.888836 0.953535 0.953535 0.953535
1714.325928 0.000000 1303.655396 0.000000 0.347514 0.000000 0.937675 0.839119 0.839119 0.839119
1725.251587 0.000000 1298.173706 0.000000 0.374510 0.000000 0.927223 0.845912 0.845912 0.845912
1723.086060 0.000000 1300.743774 0.000000 0.596770 0.000000 0.802413 0.720988 0.720988 0.720988
1705.375977 0.000000 1321.205933 0.000000 0.003634 0.000000 0.999993 0.659613 0.659613 0.659613
1702.786133 0.000000 1324.402954 0.000000 0.733714 0.000000 0.679459 0.938456 0.938456 0.938456
1718.071899 0.000000 1302.322998 0.000000 0.203809 0.000000 0.979011 0.863634 0.863634 0.863634
1721.283447 0.000000 1300.398438 0.000000 0.276650 0.000000 0.960971 0.571505 0.571505 0.571505
1721.576538 0.000000 1283.857910 0.000000 0.611207 0.000000 0.791471 0.901965 0.901965 0.901965
1723.788574 0.000000 1280.675903 0.000000 0.527914 0.000000 0.849298 0.718822 0.718822 0.718822
1716.555420 0.000000 1291.181030 0.000000 0.619070 0.000000 0.785336 0.927841 0.927841 0.927841
1709.344727 0.000000 1311.997559 0.000000 0.207442 0.000000 0.978247 0.462817 0.462817 0.462817
1727.160278 0.000000 1280.092773 0.000000 0.176678 0.000000 0.984269 0.721748 0.721748 0.721748
1711.947144 0.000000 1297.355469 0.000000 0.231097 0.000000 0.972931 0.612634 0.612634 0.612634
1706.626831 0.000000 1299.655640 0.000000 0.062122 0.000000 0.998069 0.785316 0.785316 0.785316
1675.160522 0.000000 1326.311768 0.000000 0.060408 0.000000 0.998174 0.683264 0.683264 0.683264
1708.760010 0.000000 1301.510010 0.000000 0.564677 0.000000 0.825312 0.832776 0.832776 0.832776
1722.401611 0.000000 1285.248413 0.000000 0.250519 0.000000 0.968112 0.838819 0.838819 0.838819
1686.105835 0.000000 1330.727173 0.000000 0.558060 0.000000 0.829801 0.872938 0.872938 0.872938
1704.586792 0.000000 1334.628174 0.000000 0.404040 0.000000 0.914741 0.596355 0.596355 0.596355
1724.278442 0.000000 1301.796631 0.000000 0.644767 0.000000 0.764379 0.878357 0.878357 0.878357
1707.005127 0.000000 1296.593018 0.000000 0.372305 0.000000 0.928110 0.854511 0.854511 0.854511
1707.361450 0.000000 1335.482300 0.000000 0.634936 0.000000 0.772565 0.880977 0.880977 0.880977
1687.453979 0.000000 1324.112305 0.000000 0.638982 0.000000 0.769221 0.846628 0.846628 0.846628
1710.873047 0.000000 1309.122925 0.000000 0.632131 0.000000 0.774861 0.851717 0.851717 0.851717
1722.565918 0.000000 1297.059204 0.000000 0.165399 0.000000 0.986227 0.814143 0.814143 0.814143
1725.905029 0.000000 1282.243408 0.000000 0.507520 0.000000 0.861640 0.670734 0.670734 0.670734
1725.721069 0.000000 1299.452271 0.000000 0.422494 0.000000 0.906366 0.852705 0.852705 0.852705
1685.172607 0.000000 1332.573730 0.000000 0.539973 0.000000 0.841683 0.757740 0.757740 0.757740
1674.890137 0.000000 1324.903931 0.000000 0.575162 0.000000 0.818040 0.878024 0.878024 0.878024
1702.663208 0.000000 1319.960938 0.000000 0.352503 0.000000 0.935811 0.851912 0.851912 0.851912
1719.022217 0.000000 1299.285156 0.000000 0.567611 0.000000 0.823297 0.840633 0.840633 0.840633
1723.306763 0.000000 1282.668823 0.000000 0.703634 0.000000 0.710562 0.796779 0.796779 0.796779
1704.177490 0.000000 1320.694092 0.000000 0.686518 0.000000 0.727113 0.823176 0.823176 0.823176
1721.356567 0.000000 1299.230957 0.000000 0.177373 0.000000 0.984144 0.579357 0.579357 0.579357
1720.394531 0.000000 1301.090942 0.000000 0.102001 0.000000 0.994784 0.512359 0.512359 0.512359
1720.289917 0.000000 1299.774536 0.000000 0.703851 0.000000 0.710348 0.761357 0.761357 0.761357
1675.814819 0.000000 1327.230957 0.000000 0.707281 0.000000 0.706932 0.835346 0.835346 0.835346
1702.237549 0.000000 1321.978027 0.000000 0.498630 0.000000 0.866815 0.599396 0.599396 0.599396
1698.798340 0.000000 1326.574341 0.000000 0.312916 0.000000 0.949781 0.768601 0.768601 0.768601
1684.890991 0.000000 1333.939209 0.000000 0.094104 0.000000 0.995562 0.642430 0.642430 0.642430
1711.013428 0.000000 1297.827637 0.000000 0.435171 0.000000 0.900348 0.675484 0.675484 0.675484
1685.542114 0.000000 1331.614502 0.000000 0.084888 0.000000 0.996390 0.540036 0.540036 0.540036
1722.481079 0.000000 1283.330200 0.000000 0.723349 0.000000 0.690482 0.804016 0.804016 0.804016
1685.587280 0.000000 1325.763062 0.000000 0.603766 0.000000 0.797161 0.652207 0.652207 0.652207
1708.534668 0.000000 1298.883301 0.000000 0.572838 0.000000 0.819669 0.707351 0.707351 0.707351
1709.382812 0.000000 1309.690063 0.000000 0.336995 0.000000 0.941506 0.632387 0.632387 0.632387
1720.918457 0.000000 1301.782471 0.000000 0.695101 0.000000 0.718912 0.733625 0.733625 0.733625
1702.390015 0.000000 1323.655640 0.000000 0.011107 0.000000 0.999938 0.513270 0.513270 0.513270
1768.323730 0.000000 1341.959473 0.000000 0.401496 0.000000 0.915861 0.878615 0.878615 0.878615
1736.167114 0.000000 1309.333374 0.000000 0.386060 0.000000 0.922474 0.791825 0.791825 0.791825
1788.556885 0.000000 1340.735474 0.000000 0.346177 0.000000 0.938169 0.823735 0.823735 0.823735
1744.590576 0.000000 1283.759033 0.000000 0.066684 0.000000 0.997774 0.984980 0.984980 0.984980
1770.611206 0.000000 1327.847168 0.000000 0.027281 0.000000 0.999628 0.406568 0.406568 0.406568
1765.428711 0.000000 1285.748779 0.000000 0.673679 0.000000 0.739025 0.943943 0.943943 0.943943
1733.360718 0.000000 1304.334473 0.000000 0.092364 0.000000 0.995725 0.892971 0.892971 0.892971
1764.396973 0.000000 1296.374512 0.000000 0.100400 0.000000 0.994947 0.805464 0.805464 0.805464
1733.866211 0.000000 1313.456055 0.000000 0.485074 0.000000 0.874473 0.840568 0.840568 0.840568
1768.925659 0.000000 1338.553467 0.000000 0.451842 0.000000 0.892098 0.617595 0.617595 0.617595
1768.751221 0.000000 1285.386230 0.000000 0.735359 0.000000 0.677678 0.979552 0.979552 0.979552
1731.786621 0.000000 1341.274048 0.000000 0.269117 0.000000 0.963107 0.552698 0.552698 0.552698
1749.783325 0.000000 1291.341919 0.000000 0.512516 0.000000 0.858678 0.863358 0.863358 0.863358
1751.391846 0.000000 1327.405762 0.000000 0.309289 0.000000 0.950968 0.959225 0.959225 0.959225
1751.735352 0.000000 1282.405151 0.000000 0.300179 0.000000 0.953883 0.955754 0.955754 0.955754
1786.487793 0.000000 1338.469849 0.000000 0.324973 0.000000 0.945723 0.600712 0.600712 0.600712
1763.974487 0.000000 1288.327515 0.000000 0.712386 0.000000 0.701788 0.947564 0.947564 0.947564
1731.198608 0.000000 1312.385498 0.000000 0.392492 0.000000 0.919755 0.941708 0.941708 0.941708
1770.903931 0.000000 1340.461426 0.000000 0.591823 0.000000 0.806068 0.950850 0.950850 0.950850
1751.235962 0.000000 1322.692261 0.000000 0.105931 0.000000 0.994374 0.769634 0.769634 0.769634
1766.937378 0.000000 1338.081177 0.000000 0.697818 0.000000 0.716275 0.918272 0.918272 0.918272
1749.727051 0.000000 1284.411743 0.000000 0.599360 0.000000 0.800480 0.877197 0.877197 0.877197
1743.311523 0.000000 1314.858521 0.000000 0.685218 0.000000 0.728338 0.912413 0.912413 0.912413
1771.334839 0.000000 1329.788086 0.000000 0.602107 0.000000 0.798416 0.886886 0.886886 0.886886
1762.613037 0.000000 1289.560913 0.000000 0.084699 0.000000 0.996407 0.899834 0.899834 0.899834
1731.817261 0.000000 1343.135986 0.000000 0.681443 0.000000 0.731871 0.909808 0.909808 0.909808
1786.821167 0.000000 1340.197632 0.000000 0.713531 0.000000 0.700624 0.926356 0.926356 0.926356
1771.594482 0.000000 1326.355225 0.000000 0.056334 0.000000 0.998412 0.417749 0.417749 0.417749
1771.396240 0.000000 1338.882080 0.000000 0.031992 0.000000 0.999488 0.673457 0.673457 0.673457
1766.049683 0.000000 1296.178589 0.000000 0.347018 0.000000 0.937858 0.893711 0.893711 0.893711
1789.202515 0.000000 1332.397339 0.000000 0.471770 0.000000 0.881722 0.865249 0.865249 0.865249
1742.886719 0.000000 1311.556641 0.000000 0.666760 0.000000 0.745272 0.909723 0.909723 0.909723
1785.366943 0.000000 1339.701172 0.000000 0.180590 0.000000 0.983558 0.875144 0.875144 0.875144
1734.622192 0.000000 1312.082642 0.000000 0.115321 0.000000 0.993328 0.800184 0.800184 0.800184
1736.677002 0.000000 1304.361572 0.000000 0.031162 0.000000 0.999514 0.361936 0.361936 0.361936
1748.766479 0.000000 1325.237305 0.000000 0.198558 0.000000 0.980089 0.685126 0.685126 0.685126
1791.314575 0.000000 1339.834595 0.000000 0.440471 0.000000 0.897767 0.621534 0.621534 0.621534
1749.136353 0.000000 1285.635254 0.000000 0.326817 0.000000 0.945088 0.836210 0.836210 0.836210
1769.400024 0.000000 1327.129883 0.000000 0.151848 0.000000 0.988404 0.699015 0.699015 0.699015
1770.215088 0.000000 1338.448730 0.000000 0.638492 0.000000 0.769628 0.813628 0.813628 0.813628
1749.174072 0.000000 1323.662720 0.000000 0.501513 0.000000 0.865150 0.668528 0.668528 0.668528
1732.257812 0.000000 1313.001831 0.000000 0.547159 0.000000 0.837029 0.851431 0.851431 0.851431
1731.138306 0.000000 1340.199707 0.000000 0.263794 0.000000 0.964579 0.550795 0.550795 0.550795
1770.632690 0.000000 1326.719849 0.000000 0.480034 0.000000 0.877250 0.588579 0.588579 0.588579
1737.409546 0.000000 1302.151245 0.000000 0.685663 0.000000 0.727919 0.753718 0.753718 0.753718
1749.587280 0.000000 1325.763062 0.000000 0.636406 0.000000 0.771354 0.797657 0.797657 0.797657
1733.033447 0.000000 1341.390503 0.000000 0.127756 0.000000 0.991806 0.625418 0.625418 0.625418
1739.682739 0.000000 1302.954224 0.000000 0.351079 0.000000 0.936346 0.712530 0.712530 0.712530
1730.862427 0.000000 1341.079468 0.000000 0.390647 0.000000 0.920541 0.597093 0.597093 0.597093
1769.623535 0.000000 1339.115845 0.000000 0.378779 0.000000 0.925487 0.589711 0.589711 0.589711
1786.217041 0.000000 1339.521973 0.000000 0.253740 0.000000 0.967272 0.576739 0.576739 0.576739
1739.484619 0.000000 1305.765259 0.000000 0.282644 0.000000 0.959225 0.608846 0.608846 0.608846
1748.568115 0.000000 1323.091675 0.000000 0.463535 0.000000 0.886079 0.654778 0.654778 0.654778
1768.647949 0.000000 1339.831909 0.000000 0.591283 0.000000 0.806464 0.674444 0.674444 0.674444
1737.947754 0.000000 1305.588623 0.000000 0.413555 0.000000 0.910479 0.525713 0.525713 0.525713
1701.210205 0.000000 1389.929688 0.000000 0.041647 0.000000 0.999132 0.820574 0.820574 0.820574
1692.504150 0.000000 1406.992310 0.000000 0.517415 0.000000 0.855735 0.933339 0.933339 0.933339
1724.728638 0.000000 1399.943481 0.000000 0.104874 0.000000 0.994486 0.571866 0.571866 0.571866
1690.408813 0.000000 1390.532959 0.000000 0.485273 0.000000 0.874363 0.986717 0.986717 0.986717
1719.952515 0.000000 1379.111816 0.000000 0.577212 0.000000 0.816594 0.968990 0.968990 0.968990
1715.606567 0.000000 1347.285034 0.000000 0.618922 0.000000 0.785452 0.984212 0.984212 0.984212
1704.925659 0.000000 1402.553467 0.000000 0.085317 0.000000 0.996354 0.721877 0.721877 0.721877
1695.157227 0.000000 1396.205078 0.000000 0.658767 0.000000 0.752347 0.859677 0.859677 0.859677
1717.457520 0.000000 1383.845825 0.000000 0.347265 0.000000 0.937767 0.705492 0.705492 0.705492
1712.290405 0.000000 1379.640625 0.000000 0.701535 0.000000 0.712635 0.926726 0.926726 0.926726
1718.356934 0.000000 1398.923340 0.000000 0.053951 0.000000 0.998544 0.337308 0.337308 0.337308
1679.138184 0.000000 1397.559326 0.000000 0.033407 0.000000 0.999442 0.550936 0.550936 0.550936
1690.568115 0.000000 1393.466431 0.000000 0.618402 0.000000 0.785862 0.902945 0.902945 0.902945
1693.194336 0.000000 1390.420654 0.000000 0.540765 0.000000 0.841174 0.920154 0.920154 0.920154
1695.436157 0.000000 1390.529663 0.000000 0.480192 0.000000 0.877163 0.829049 0.829049 0.829049
1681.947144 0.000000 1391.230835 0.000000 0.282887 0.000000 0.959153 0.666623 0.666623 0.666623
1716.094849 0.000000 1405.647461 0.000000 0.061104 0.000000 0.998131 0.875625 0.875625 0.875625
1684.018555 0.000000 1397.322388 0.000000 0.501942 0.000000 0.864901 0.804342 0.804342 0.804342
1710.349976 0.000000 1407.578979 0.000000 0.526727 0.000000 0.850035 0.901072 0.901072 0.901072
1691.987427 0.000000 1392.046387 0.000000 0.527387 0.000000 0.849625 0.891009 0.891009 0.891009
1719.819580 0.000000 1403.816895 0.000000 0.357778 0.000000 0.933807 0.575856 0.575856 0.575856
1700.557983 0.000000 1388.037109 0.000000 0.649771 0.000000 0.760130 0.898677 0.898677 0.898677
1716.752930 0.000000 1399.812988 0.000000 0.219624 0.000000 0.975585 0.639543 0.639543 0.639543
1716.341431 0.000000 1382.448364 0.000000 0.108845 0.000000 0.994059 0.646019 0.646019 0.646019
1716.015991 0.000000 1403.520264 0.000000 0.187159 0.000000 0.982330 0.468462 0.468462 0.468462
1722.048706 0.000000 1397.636963 0.000000 0.007165 0.000000 0.999974 0.867275 0.867275 0.867275
1710.590210 0.000000 1344.062866 0.000000 0.234339 0.000000 0.972155 0.793476 0.793476 0.793476
1727.347290 0.000000 1396.326538 0.000000 0.509825 0.000000 0.860278 0.837084 0.837084 0.837084
1697.422607 0.000000 1386.711914 0.000000 0.179392 0.000000 0.983778 0.881977 0.881977 0.881977
1680.518921 0.000000 1396.759155 0.000000 0.563955 0.000000 0.825805 0.762280 0.762280 0.762280
1705.454956 0.000000 1403.991211 0.000000 0.698026 0.000000 0.716072 0.850552 0.850552 0.850552
1693.326538 0.000000 1395.410278 0.000000 0.483872 0.000000 0.875139 0.688707 0.688707 0.688707
1715.314209 0.000000 1345.803833 0.000000 0.270783 0.000000 0.962640 0.851098 0.851098 0.851098
1684.766846 0.000000 1399.313721 0.000000 0.346056 0.000000 0.938214 0.814598 0.814598 0.814598
1698.312744 0.000000 1394.146851 0.000000 0.144433 0.000000 0.989515 0.092272 0.092272 0.092272
1691.249023 0.000000 1394.797729 0.000000 0.102681 0.000000 0.994714 0.816762 0.816762 0.816762
1678.453857 0.000000 1399.438232 0.000000 0.091771 0.000000 0.995780 0.830162 0.830162 0.830162
1726.012451 0.000000 1399.304688 0.000000 0.597026 0.000000 0.802222 0.774542 0.774542 0.774542
1682.301636 0.000000 1392.893921 0.000000 0.040273 0.000000 0.999189 0.426850 0.426850 0.426850
1693.302490 0.000000 1392.640991 0.000000 0.630666 0.000000 0.776054 0.767121 0.767121 0.767121
1701.420410 0.000000 1393.497803 0.000000 0.513117 0.000000 0.858319 0.683103 0.683103 0.683103
1727.755615 0.000000 1399.492188 0.000000 0.674783 0.000000 0.738016 0.798973 0.798973 0.798973
1676.430664 0.000000 1399.363647 0.000000 0.082426 0.000000 0.996597 0.821653 0.821653 0.821653
1679.686157 0.000000 1393.955078 0.000000 0.566348 0.000000 0.824166 0.823451 0.823451 0.823451
1695.587769 0.000000 1393.636475 0.000000 0.016609 0.000000 0.999862 0.584829 0.584829 0.584829
1677.859009 0.000000 1397.220581 0.000000 0.632135 0.000000 0.774858 0.741060 0.741060 0.741060
1705.478882 0.000000 1401.347656 0.000000 0.573526 0.000000 0.819188 0.688433 0.688433 0.688433
1725.581543 0.000000 1400.958130 0.000000 0.020106 0.000000 0.999798 0.698033 0.698033 0.698033
1716.976196 0.000000 1402.854492 0.000000 0.472746 0.000000 0.881199 0.585392 0.585392 0.585392
1697.284058 0.000000 1396.388550 0.000000 0.471557 0.000000 0.881835 0.822089 0.822089 0.822089
1712.774658 0.000000 1345.286133 0.000000 0.540631 0.000000 0.841260 0.630655 0.630655 0.630655
1704.054443 0.000000 1401.715454 0.000000 0.667363 0.000000 0.744733 0.727333 0.727333 0.727333
1681.257324 0.000000 1394.012085 0.000000 0.394694 0.000000 0.918813 0.522984 0.522984 0.522984
1681.571411 0.000000 1397.431030 0.000000 0.011688 0.000000 0.999932 0.618546 0.618546 0.618546
1717.139404 0.000000 1400.828613 0.000000 0.113576 0.000000 0.993529 0.105198 0.105198 0.105198
1692.312378 0.000000 1395.024292 0.000000 0.598975 0.000000 0.800768 0.728766 0.728766 0.728766
1717.675415 0.000000 1380.417358 0.000000 0.458211 0.000000 0.888843 0.631010 0.631010 0.631010
1710.300537 0.000000 1380.443359 0.000000 0.246246 0.000000 0.969207 0.495036 0.495036 0.495036
1683.462280 0.000000 1394.830200 0.000000 0.358562 0.000000 0.933506 0.645290 0.645290 0.645290
1680.015503 0.000000 1392.331177 0.000000 0.552421 0.000000 0.833565 0.638317 0.638317 0.638317
1719.035156 0.000000 1398.165405 0.000000 0.527903 0.000000 0.849305 0.556696 0.556696 0.556696
1676.937622 0.000000 1396.769043 0.000000 0.388856 0.000000 0.921299 0.657836 0.657836 0.657836
1682.585083 0.000000 1390.406494 0.000000 0.029930 0.000000 0.999552 0.549920 0.549920 0.549920
1698.783203 0.000000 1393.239014 0.000000 0.123984 0.000000 0.992284 0.469148 0.469148 0.469148
1716.563843 0.000000 1380.345703 0.000000 0.677989 0.000000 0.735072 0.721686 0.721686 0.721686
1717.862427 0.000000 1399.809937 0.000000 0.180547 0.000000 0.983566 0.628888 0.628888 0.628888
1683.237671 0.000000 1393.208618 0.000000 0.606480 0.000000 0.795099 0.655787 0.655787 0.655787
1696.524780 0.000000 1390.995605 0.000000 0.388628 0.000000 0.921395 0.678240 0.678240 0.678240
1697.379028 0.000000 1391.607666 0.000000 0.383955 0.000000 0.923352 0.676849 0.676849 0.676849
1718.682373 0.000000 1401.519165 0.000000 0.220618 0.000000 0.975360 0.141615 0.141615 0.141615
1680.471191 0.000000 1394.514648 0.000000 0.085724 0.000000 0.996319 0.392004 0.392004 0.392004
1715.439819 0.000000 1382.387085 0.000000 0.148713 0.000000 0.988880 0.513798 0.513798 0.513798
1694.870361 0.000000 1395.346436 0.000000 0.380778 0.000000 0.924667 0.599300 0.599300 0.599300
1698.678223 0.000000 1388.750854 0.000000 0.321740 0.000000 0.946828 0.639961 0.639961 0.639961
1716.016602 0.000000 1381.648071 0.000000 0.353668 0.000000 0.935371 0.592422 0.592422 0.592422
1703.315063 0.000000 1401.253906 0.000000 0.248650 0.000000 0.968593 0.588223 0.588223 0.588223
1743.584717 0.000000 1376.958496 0.000000 0.000195 0.000000 1.000000 0.576523 0.576523 0.576523
1750.067505 0.000000 1388.634521 0.000000 0.412609 0.000000 0.910908 0.759781 0.759781 0.759781
1764.396973 0.000000 1360.374512 0.000000 0.501370 0.000000 0.865233 0.932129 0.932129 0.932129
1728.934570 0.000000 1400.146240 0.000000 0.043651 0.000000 0.999047 0.946624 0.946624 0.946624
1747.933838 0.000000 1378.131104 0.000000 0.316174 0.000000 0.948701 0.971934 0.971934 0.971934
1761.277344 0.000000 1357.673218 0.000000 0.692056 0.000000 0.721844 0.971813 0.971813 0.971813
1748.637329 0.000000 1395.133179 0.000000 0.268275 0.000000 0.963342 0.876747 0.876747 0.876747
1767.392944 0.000000 1359.058472 0.000000 0.431273 0.000000 0.902221 0.943833 0.943833 0.943833
1749.157593 0.000000 1386.428589 0.000000 0.712074 0.000000 0.702104 0.912557 0.912557 0.912557
1765.940063 0.000000 1354.897705 0.000000 0.526053 0.000000 0.850452 0.756294 0.756294 0.756294
1772.927124 0.000000 1382.741455 0.000000 0.311547 0.000000 0.950231 0.655633 0.655633 0.655633
1751.235962 0.000000 1386.692261 0.000000 0.508166 0.000000 0.861259 0.948184 0.948184 0.948184
1763.213013 0.000000 1357.156372 0.000000 0.625408 0.000000 0.780298 0.850271 0.850271 0.850271
1751.797485 0.000000 1389.517090 0.000000 0.588255 0.000000 0.808675 0.802475 0.802475 0.802475
1745.229248 0.000000 1374.602295 0.000000 0.406958 0.000000 0.913447 0.614721 0.614721 0.614721
1742.171265 0.000000 1377.758667 0.000000 0.089636 0.000000 0.995975 0.600671 0.600671 0.600671
1764.716919 0.000000 1356.145874 0.000000 0.694541 0.000000 0.719453 0.845633 0.845633 0.845633
1742.886719 0.000000 1375.556641 0.000000 0.110632 0.000000 0.993861 0.741219 0.741219 0.741219
1772.053589 0.000000 1381.417603 0.000000 0.427791 0.000000 0.903877 0.566032 0.566032 0.566032
1744.702515 0.000000 1375.989990 0.000000 0.032467 0.000000 0.999473 0.485373 0.485373 0.485373
1773.794067 0.000000 1381.669922 0.000000 0.403962 0.000000 0.914776 0.555957 0.555957 0.555957
1749.172607 0.000000 1396.573730 0.000000 0.149082 0.000000 0.988825 0.616817 0.616817 0.616817
1751.701416 0.000000 1396.530518 0.000000 0.526851 0.000000 0.849957 0.693113 0.693113 0.693113
1764.347656 0.000000 1357.198120 0.000000 0.489038 0.000000 0.872263 0.796268 0.796268 0.796268
1772.108032 0.000000 1380.379761 0.000000 0.032185 0.000000 0.999482 0.408455 0.408455 0.408455
1765.363281 0.000000 1354.064575 0.000000 0.372451 0.000000 0.928052 0.714998 0.714998 0.714998
1750.403198 0.000000 1390.984741 0.000000 0.321073 0.000000 0.947055 0.639757 0.639757 0.639757
1772.110229 0.000000 1383.546997 0.000000 0.704170 0.000000 0.710032 0.783175 0.783175 0.783175
1773.567627 0.000000 1383.422485 0.000000 0.679138 0.000000 0.734011 0.773655 0.773655 0.773655
1743.179321 0.000000 1377.768799 0.000000 0.169598 0.000000 0.985513 0.622421 0.622421 0.622421
1699.497070 0.000000 1408.566162 0.000000 0.643213 0.000000 0.765687 0.949923 0.949923 0.949923
1711.553467 0.000000 1409.432007 0.000000 0.647893 0.000000 0.761731 0.747050 0.747050 0.747050
1723.670044 0.000000 1414.378418 0.000000 0.713306 0.000000 0.700853 0.912754 0.912754 0.912754
1705.437256 0.000000 1410.075195 0.000000 0.028095 0.000000 0.999605 0.272082 0.272082 0.272082
1701.428711 0.000000 1413.748779 0.000000 0.574331 0.000000 0.818623 0.940145 0.940145 0.940145
1708.970947 0.000000 1433.687256 0.000000 0.040442 0.000000 0.999182 0.927409 0.927409 0.927409
1720.689331 0.000000 1417.062744 0.000000 0.703511 0.000000 0.710684 0.828310 0.828310 0.828310
1713.971924 0.000000 1436.266602 0.000000 0.291521 0.000000 0.956565 0.910875 0.910875 0.910875
1689.606445 0.000000 1408.135986 0.000000 0.368010 0.000000 0.929822 0.898656 0.898656 0.898656
1708.753296 0.000000 1412.234131 0.000000 0.234448 0.000000 0.972129 0.880093 0.880093 0.880093
1691.031494 0.000000 1412.294800 0.000000 0.140816 0.000000 0.990036 0.789438 0.789438 0.789438
1702.168701 0.000000 1410.670288 0.000000 0.087369 0.000000 0.996176 0.311210 0.311210 0.311210
1693.908813 0.000000 1413.035156 0.000000 0.256879 0.000000 0.966443 0.823259 0.823259 0.823259
1710.923584 0.000000 1435.676880 0.000000 0.306795 0.000000 0.951776 0.808272 0.808272 0.808272
1716.535278 0.000000 1435.741333 0.000000 0.360423 0.000000 0.932789 0.948982 0.948982 0.948982
1717.933472 0.000000 1417.676025 0.000000 0.516710 0.000000 0.856160 0.946115 0.946115 0.946115
1691.232788 0.000000 1410.011719 0.000000 0.699345 0.000000 0.714785 0.767399 0.767399 0.767399
1707.739990 0.000000 1410.272217 0.000000 0.202913 0.000000 0.979197 0.454169 0.454169 0.454169
1706.307007 0.000000 1411.900024 0.000000 0.171842 0.000000 0.985124 0.441533 0.441533 0.441533
1709.661255 0.000000 1409.647705 0.000000 0.420150 0.000000 0.907455 0.417997 0.417997 0.417997
1721.930298 0.000000 1418.480957 0.000000 0.132443 0.000000 0.991191 0.917431 0.917431 0.917431
1692.665894 0.000000 1411.388184 0.000000 0.393548 0.000000 0.919304 0.679708 0.679708 0.679708
1694.191528 0.000000 1408.050171 0.000000 0.567602 0.000000 0.823303 0.937218 0.937218 0.937218
1712.299683 0.000000 1436.954712 0.000000 0.169063 0.000000 0.985605 0.902071 0.902071 0.902071
1709.344727 0.000000 1439.997559 0.000000 0.158872 0.000000 0.987299 0.721663 0.721663 0.721663
1704.885376 0.000000 1408.556519 0.000000 0.526699 0.000000 0.850052 0.802137 0.802137 0.802137
1717.790771 0.000000 1428.512451 0.000000 0.096815 0.000000 0.995302 0.701962 0.701962 0.701962
1710.873047 0.000000 1437.122925 0.000000 0.386829 0.000000 0.922151 0.721653 0.721653 0.721653
1690.942505 0.000000 1408.684814 0.000000 0.214564 0.000000 0.976710 0.675357 0.675357 0.675357
1706.990112 0.000000 1437.521362 0.000000 0.552518 0.000000 0.833501 0.852392 0.852392 0.852392
1718.007080 0.000000 1414.480103 0.000000 0.007174 0.000000 0.999974 0.570598 0.570598 0.570598
1720.304688 0.000000 1413.932495 0.000000 0.106933 0.000000 0.994266 0.751522 0.751522 0.751522
1692.345947 0.000000 1409.262451 0.000000 0.256161 0.000000 0.966634 0.701989 0.701989 0.701989
1708.720093 0.000000 1438.909302 0.000000 0.460631 0.000000 0.887592 0.784610 0.784610 0.784610
1711.353149 0.000000 1438.257812 0.000000 0.600215 0.000000 0.799838 0.854195 0.854195 0.854195
1711.643921 0.000000 1434.700806 0.000000 0.613779 0.000000 0.789478 0.861423 0.861423 0.861423
1710.711792 0.000000 1410.223633 0.000000 0.579365 0.000000 0.815068 0.814451 0.814451 0.814451
1702.531372 0.000000 1413.909058 0.000000 0.014593 0.000000 0.999894 0.564865 0.564865 0.564865
1706.737061 0.000000 1409.615356 0.000000 0.651339 0.000000 0.758787 0.720416 0.720416 0.720416
1719.670532 0.000000 1417.311890 0.000000 0.127468 0.000000 0.991843 0.708200 0.708200 0.708200
1710.579712 0.000000 1409.121948 0.000000 0.363817 0.000000 0.931470 0.649942 0.649942 0.649942
1715.872559 0.000000 1431.906860 0.000000 0.625658 0.000000 0.780097 0.738626 0.738626 0.738626
1708.629028 0.000000 1436.150757 0.000000 0.548652 0.000000 0.836051 0.710812 0.710812 0.710812
1714.557251 0.000000 1430.760010 0.000000 0.655315 0.000000 0.755355 0.749908 0.749908 0.749908
1793.862793 0.000000 1334.902100 0.000000 0.255380 0.000000 0.966841 0.813219 0.813219 0.813219
"}
object={
	name="reeds_01_generator_1_1"
	render_pass=Map
	clamp_to_water_level=no
	generated_content=yes
	layer="grass_layer"
	pdxmesh="reeds_07_grass_mesh"
	count=545
	transform="1599.100098 0.000000 1210.470459 0.000000 0.894019 0.000000 0.448029 0.976804 0.976804 0.976804
1574.786133 0.000000 1196.402954 0.000000 0.975525 0.000000 0.219889 0.975647 0.975647 0.975647
1579.191650 0.000000 1194.497803 0.000000 0.891664 0.000000 0.452698 0.937839 0.937839 0.937839
1581.178711 0.000000 1212.881958 0.000000 0.972429 0.000000 0.233201 0.985897 0.985897 0.985897
1582.033936 0.000000 1208.538818 0.000000 0.918405 0.000000 0.395642 0.976643 0.976643 0.976643
1572.557983 0.000000 1196.037109 0.000000 0.883321 0.000000 0.468768 0.943969 0.943969 0.943969
1589.197632 0.000000 1193.737915 0.000000 0.899581 0.000000 0.436754 0.940194 0.940194 0.940194
1647.689575 0.000000 1162.353760 0.000000 0.842735 0.000000 0.538329 0.892143 0.892143 0.892143
1652.535278 0.000000 1179.741333 0.000000 0.987081 0.000000 0.160224 0.953800 0.953800 0.953800
1600.017456 0.000000 1210.450195 0.000000 0.878996 0.000000 0.476830 0.931751 0.931751 0.931751
1601.857178 0.000000 1215.164062 0.000000 0.882414 0.000000 0.470474 0.914398 0.914398 0.914398
1602.026123 0.000000 1212.529297 0.000000 0.964959 0.000000 0.262402 0.956251 0.956251 0.956251
1660.734497 0.000000 1166.837891 0.000000 0.952509 0.000000 0.304510 0.915798 0.915798 0.915798
1600.217285 0.000000 1214.801636 0.000000 0.969009 0.000000 0.247024 0.956379 0.956379 0.956379
1600.778442 0.000000 1211.737305 0.000000 0.988490 0.000000 0.151288 0.979147 0.979147 0.979147
1662.438110 0.000000 1164.711670 0.000000 0.899161 0.000000 0.437617 0.935544 0.935544 0.935544
1656.339966 0.000000 1180.386963 0.000000 0.976912 0.000000 0.213642 0.950012 0.950012 0.950012
1653.366943 0.000000 1178.724243 0.000000 0.749754 0.000000 0.661717 0.792394 0.792394 0.792394
1657.969482 0.000000 1178.589111 0.000000 0.836205 0.000000 0.548417 0.876821 0.876821 0.876821
1656.668823 0.000000 1178.648926 0.000000 0.993334 0.000000 0.115275 0.975483 0.975483 0.975483
1609.861328 0.000000 1214.647827 0.000000 0.948443 0.000000 0.316948 0.869564 0.869564 0.869564
1645.627563 0.000000 1174.090210 0.000000 0.797609 0.000000 0.603175 0.742984 0.742984 0.742984
1644.550171 0.000000 1175.312622 0.000000 0.966034 0.000000 0.258415 0.896244 0.896244 0.896244
1644.639038 0.000000 1174.416748 0.000000 0.805947 0.000000 0.591988 0.748522 0.748522 0.748522
1564.772583 0.000000 1231.317261 0.000000 0.940003 0.000000 0.341167 0.978270 0.978270 0.978270
1583.553467 0.000000 1217.432007 0.000000 0.749033 0.000000 0.662533 0.913217 0.913217 0.913217
1592.699219 0.000000 1255.607056 0.000000 0.834727 0.000000 0.550665 0.871882 0.871882 0.871882
1578.611206 0.000000 1263.847168 0.000000 0.827187 0.000000 0.561926 0.788460 0.788460 0.788460
1572.396973 0.000000 1232.374512 0.000000 0.859974 0.000000 0.510338 0.983955 0.983955 0.983955
1560.600586 0.000000 1226.099976 0.000000 0.963692 0.000000 0.267018 0.975707 0.975707 0.975707
1591.952515 0.000000 1251.111816 0.000000 0.965910 0.000000 0.258880 0.994770 0.994770 0.994770
1590.080200 0.000000 1278.430054 0.000000 0.828840 0.000000 0.559485 0.887340 0.887340 0.887340
1569.277344 0.000000 1229.673218 0.000000 0.768032 0.000000 0.640411 0.758809 0.758809 0.758809
1581.261963 0.000000 1265.486816 0.000000 0.971710 0.000000 0.236179 0.915474 0.915474 0.915474
1584.732300 0.000000 1220.006470 0.000000 0.861429 0.000000 0.507878 0.969411 0.969411 0.969411
1595.354004 0.000000 1279.140015 0.000000 0.990623 0.000000 0.136625 0.935674 0.935674 0.935674
1586.477783 0.000000 1222.194336 0.000000 0.970482 0.000000 0.241173 0.989662 0.989662 0.989662
1588.877319 0.000000 1259.650635 0.000000 0.929518 0.000000 0.368778 0.906650 0.906650 0.906650
1563.008545 0.000000 1225.677124 0.000000 0.995678 0.000000 0.092877 0.978637 0.978637 0.978637
1567.094360 0.000000 1230.609375 0.000000 0.978986 0.000000 0.203928 0.937962 0.937962 0.937962
1570.241943 0.000000 1233.576294 0.000000 0.910765 0.000000 0.412925 0.923486 0.923486 0.923486
1591.004517 0.000000 1255.024414 0.000000 0.994248 0.000000 0.107105 0.963297 0.963297 0.963297
1561.797485 0.000000 1227.467041 0.000000 0.816946 0.000000 0.576715 0.944753 0.944753 0.944753
1591.896484 0.000000 1278.571899 0.000000 0.994122 0.000000 0.108268 0.979417 0.979417 0.979417
1582.193726 0.000000 1264.042114 0.000000 0.778799 0.000000 0.627273 0.939060 0.939060 0.939060
1590.572021 0.000000 1263.742065 0.000000 0.961178 0.000000 0.275929 0.936489 0.936489 0.936489
1594.821167 0.000000 1276.197632 0.000000 0.839839 0.000000 0.542836 0.924075 0.924075 0.924075
1583.476318 0.000000 1259.549561 0.000000 0.921330 0.000000 0.388780 0.931215 0.931215 0.931215
1574.766846 0.000000 1258.892090 0.000000 0.947988 0.000000 0.318307 0.961181 0.961181 0.961181
1585.182129 0.000000 1225.999634 0.000000 0.900334 0.000000 0.435199 0.940423 0.940423 0.940423
1590.201538 0.000000 1258.759155 0.000000 0.877221 0.000000 0.480086 0.876235 0.876235 0.876235
1574.755493 0.000000 1261.856201 0.000000 0.961878 0.000000 0.273478 0.966805 0.966805 0.966805
1566.082764 0.000000 1226.146240 0.000000 0.983893 0.000000 0.178759 0.969938 0.969938 0.969938
1570.491699 0.000000 1230.322021 0.000000 0.862212 0.000000 0.506548 0.818323 0.818323 0.818323
1591.560913 0.000000 1256.211670 0.000000 0.964039 0.000000 0.265761 0.900610 0.900610 0.900610
1590.945679 0.000000 1279.443970 0.000000 0.784185 0.000000 0.620527 0.872987 0.872987 0.872987
1569.070801 0.000000 1228.371704 0.000000 0.778029 0.000000 0.628228 0.764278 0.764278 0.764278
1594.871338 0.000000 1253.746948 0.000000 0.766272 0.000000 0.642517 0.782245 0.782245 0.782245
1569.334839 0.000000 1232.351685 0.000000 0.937348 0.000000 0.348394 0.806326 0.806326 0.806326
1579.482666 0.000000 1264.652588 0.000000 0.756695 0.000000 0.653768 0.733162 0.733162 0.733162
1591.012817 0.000000 1261.031982 0.000000 0.746015 0.000000 0.665929 0.774403 0.774403 0.774403
1578.436401 0.000000 1256.321045 0.000000 0.837103 0.000000 0.547045 0.744221 0.744221 0.744221
1592.648926 0.000000 1276.493530 0.000000 0.827806 0.000000 0.561015 0.876581 0.876581 0.876581
1594.320679 0.000000 1252.826538 0.000000 0.989917 0.000000 0.141648 0.955647 0.955647 0.955647
1594.164917 0.000000 1279.483765 0.000000 0.920586 0.000000 0.390540 0.811688 0.811688 0.811688
1571.689941 0.000000 1228.260986 0.000000 0.901565 0.000000 0.432645 0.843618 0.843618 0.843618
1578.914917 0.000000 1261.582031 0.000000 0.821715 0.000000 0.569898 0.735074 0.735074 0.735074
1579.487427 0.000000 1263.325317 0.000000 0.765823 0.000000 0.643051 0.752383 0.752383 0.752383
1580.338501 0.000000 1265.085571 0.000000 0.963968 0.000000 0.266020 0.904544 0.904544 0.904544
1567.282959 0.000000 1235.603394 0.000000 0.959667 0.000000 0.281140 0.902529 0.902529 0.902529
1581.752563 0.000000 1257.594971 0.000000 0.994312 0.000000 0.106503 0.957110 0.957110 0.957110
1569.363770 0.000000 1233.332642 0.000000 0.916654 0.000000 0.399681 0.776222 0.776222 0.776222
1562.528931 0.000000 1226.835327 0.000000 0.745497 0.000000 0.666509 0.739558 0.739558 0.739558
1580.243652 0.000000 1260.456787 0.000000 0.956437 0.000000 0.291937 0.894236 0.894236 0.894236
1594.055542 0.000000 1253.612427 0.000000 0.949372 0.000000 0.314153 0.900274 0.900274 0.900274
1576.983765 0.000000 1258.727539 0.000000 0.848122 0.000000 0.529802 0.760234 0.760234 0.760234
1623.480469 0.000000 1221.307617 0.000000 0.900407 0.000000 0.435048 0.991011 0.991011 0.991011
1610.125244 0.000000 1240.783813 0.000000 0.858399 0.000000 0.512982 0.885694 0.885694 0.885694
1608.186768 0.000000 1252.134155 0.000000 0.960688 0.000000 0.277629 0.972609 0.972609 0.972609
1608.366577 0.000000 1255.641602 0.000000 0.784189 0.000000 0.620523 0.852933 0.852933 0.852933
1607.334717 0.000000 1262.736206 0.000000 0.937366 0.000000 0.348347 0.959139 0.959139 0.959139
1615.504517 0.000000 1245.846924 0.000000 0.751318 0.000000 0.659940 0.956815 0.956815 0.956815
1636.481567 0.000000 1269.076538 0.000000 0.917475 0.000000 0.397795 0.931568 0.931568 0.931568
1600.085083 0.000000 1257.292480 0.000000 0.901210 0.000000 0.433382 0.902642 0.902642 0.902642
1602.518188 0.000000 1261.470581 0.000000 0.984508 0.000000 0.175342 0.977559 0.977559 0.977559
1609.286987 0.000000 1257.684448 0.000000 0.833985 0.000000 0.551786 0.855535 0.855535 0.855535
1610.413086 0.000000 1255.727417 0.000000 0.995682 0.000000 0.092830 0.965187 0.965187 0.965187
1621.727051 0.000000 1220.411743 0.000000 0.953277 0.000000 0.302097 0.973184 0.973184 0.973184
1635.200195 0.000000 1272.933105 0.000000 0.763053 0.000000 0.646336 0.740333 0.740333 0.740333
1606.783813 0.000000 1260.857544 0.000000 0.979156 0.000000 0.203109 0.924428 0.924428 0.924428
1612.530151 0.000000 1239.444824 0.000000 0.995685 0.000000 0.092795 0.980976 0.980976 0.980976
1632.671143 0.000000 1267.298828 0.000000 0.844305 0.000000 0.535863 0.781160 0.781160 0.781160
1612.295044 0.000000 1252.438843 0.000000 0.954374 0.000000 0.298615 0.935650 0.935650 0.935650
1611.856323 0.000000 1265.413330 0.000000 0.955087 0.000000 0.296326 0.914378 0.914378 0.914378
1633.648804 0.000000 1275.685059 0.000000 0.991499 0.000000 0.130111 0.975243 0.975243 0.975243
1608.273315 0.000000 1261.061157 0.000000 0.872637 0.000000 0.488369 0.843324 0.843324 0.843324
1612.522827 0.000000 1266.896606 0.000000 0.980738 0.000000 0.195330 0.948956 0.948956 0.948956
1611.114258 0.000000 1245.213989 0.000000 0.903125 0.000000 0.429377 0.941277 0.941277 0.941277
1601.499634 0.000000 1257.547485 0.000000 0.956894 0.000000 0.290436 0.935995 0.935995 0.935995
1637.599731 0.000000 1268.240356 0.000000 0.779850 0.000000 0.625967 0.886864 0.886864 0.886864
1604.380493 0.000000 1266.874878 0.000000 0.880725 0.000000 0.473628 0.907614 0.907614 0.907614
1635.875488 0.000000 1271.811035 0.000000 0.927404 0.000000 0.374062 0.801872 0.801872 0.801872
1601.285645 0.000000 1253.813965 0.000000 0.895677 0.000000 0.444705 0.937872 0.937872 0.937872
1613.859009 0.000000 1269.220581 0.000000 0.958888 0.000000 0.283786 0.955462 0.955462 0.955462
1613.870239 0.000000 1264.385254 0.000000 0.903179 0.000000 0.429264 0.833851 0.833851 0.833851
1633.284058 0.000000 1268.388550 0.000000 0.981885 0.000000 0.189475 0.951457 0.951457 0.951457
1613.191895 0.000000 1242.432495 0.000000 0.984513 0.000000 0.175314 0.906730 0.906730 0.906730
1611.532471 0.000000 1256.245117 0.000000 0.966168 0.000000 0.257913 0.952459 0.952459 0.952459
1608.231079 0.000000 1258.297485 0.000000 0.866527 0.000000 0.499130 0.775595 0.775595 0.775595
1614.403198 0.000000 1240.807251 0.000000 0.972754 0.000000 0.231838 0.952103 0.952103 0.952103
1615.143677 0.000000 1243.042358 0.000000 0.910066 0.000000 0.414464 0.894376 0.894376 0.894376
1604.211304 0.000000 1267.995605 0.000000 0.760374 0.000000 0.649485 0.867638 0.867638 0.867638
1610.363525 0.000000 1253.432983 0.000000 0.951884 0.000000 0.306457 0.907466 0.907466 0.907466
1613.347656 0.000000 1252.194214 0.000000 0.978130 0.000000 0.207993 0.955538 0.955538 0.955538
1606.124878 0.000000 1266.964600 0.000000 0.758119 0.000000 0.652117 0.843934 0.843934 0.843934
1630.127930 0.000000 1268.079834 0.000000 0.811069 0.000000 0.584951 0.825292 0.825292 0.825292
1635.234253 0.000000 1264.134766 0.000000 0.996033 0.000000 0.088985 0.969969 0.969969 0.969969
1602.913696 0.000000 1259.510132 0.000000 0.827261 0.000000 0.561817 0.801911 0.801911 0.801911
1602.202271 0.000000 1256.817139 0.000000 0.963993 0.000000 0.265929 0.912641 0.912641 0.912641
1615.908569 0.000000 1243.738770 0.000000 0.848159 0.000000 0.529741 0.862013 0.862013 0.862013
1611.708008 0.000000 1264.320557 0.000000 0.947375 0.000000 0.320125 0.907258 0.907258 0.907258
1612.500732 0.000000 1241.696045 0.000000 0.874349 0.000000 0.485297 0.796334 0.796334 0.796334
1634.783203 0.000000 1265.239014 0.000000 0.970643 0.000000 0.240524 0.918132 0.918132 0.918132
1612.498657 0.000000 1240.431030 0.000000 0.993983 0.000000 0.109539 0.955883 0.955883 0.955883
1630.870361 0.000000 1267.346436 0.000000 0.741282 0.000000 0.671194 0.724449 0.724449 0.724449
1604.029053 0.000000 1261.035889 0.000000 0.891702 0.000000 0.452623 0.838176 0.838176 0.838176
1602.102417 0.000000 1258.172241 0.000000 0.774464 0.000000 0.632618 0.772576 0.772576 0.772576
1631.870361 0.000000 1267.688232 0.000000 0.860045 0.000000 0.510219 0.799488 0.799488 0.799488
1665.592407 0.000000 1174.009033 0.000000 0.961837 0.000000 0.273622 0.913508 0.913508 0.913508
1667.472778 0.000000 1175.695557 0.000000 0.805816 0.000000 0.592166 0.832290 0.832290 0.832290
1665.885742 0.000000 1175.916504 0.000000 0.988208 0.000000 0.153119 0.952028 0.952028 0.952028
1726.173340 0.000000 1267.099121 0.000000 0.995779 0.000000 0.091782 0.984626 0.984626 0.984626
1724.531494 0.000000 1264.222534 0.000000 0.825935 0.000000 0.563766 0.977571 0.977571 0.977571
1722.149780 0.000000 1278.476440 0.000000 0.996487 0.000000 0.083749 0.987231 0.987231 0.987231
1725.986084 0.000000 1279.585815 0.000000 0.897034 0.000000 0.441961 0.916570 0.916570 0.916570
1724.128784 0.000000 1278.316406 0.000000 0.782304 0.000000 0.622897 0.877449 0.877449 0.877449
1788.463379 0.000000 1259.821045 0.000000 0.769053 0.000000 0.639185 0.993075 0.993075 0.993075
1758.703125 0.000000 1264.679688 0.000000 0.738658 0.000000 0.674081 0.837486 0.837486 0.837486
1765.095581 0.000000 1273.050659 0.000000 0.990602 0.000000 0.136775 0.995890 0.995890 0.995890
1783.952515 0.000000 1251.111816 0.000000 0.967188 0.000000 0.254063 0.949978 0.949978 0.949978
1783.090576 0.000000 1232.181030 0.000000 0.977854 0.000000 0.209287 0.982629 0.982629 0.982629
1790.713501 0.000000 1240.471313 0.000000 0.810517 0.000000 0.585715 0.979691 0.979691 0.979691
1786.227417 0.000000 1239.046509 0.000000 0.987468 0.000000 0.157822 0.943420 0.943420 0.943420
1740.040161 0.000000 1269.247681 0.000000 0.829758 0.000000 0.558124 0.957130 0.957130 0.957130
1770.376709 0.000000 1267.435547 0.000000 0.986350 0.000000 0.164660 0.995457 0.995457 0.995457
1780.878174 0.000000 1249.461426 0.000000 0.953679 0.000000 0.300825 0.868029 0.868029 0.868029
1780.370850 0.000000 1273.659180 0.000000 0.784576 0.000000 0.620032 0.889803 0.889803 0.889803
1750.163086 0.000000 1252.300171 0.000000 0.906516 0.000000 0.422172 0.918393 0.918393 0.918393
1733.467407 0.000000 1266.112061 0.000000 0.886029 0.000000 0.463631 0.962690 0.962690 0.962690
1733.870850 0.000000 1271.686035 0.000000 0.796090 0.000000 0.605178 0.957809 0.957809 0.957809
1791.176270 0.000000 1258.874756 0.000000 0.788170 0.000000 0.615457 0.942071 0.942071 0.942071
1752.821899 0.000000 1269.130737 0.000000 0.890801 0.000000 0.454393 0.982336 0.982336 0.982336
1757.194336 0.000000 1262.420654 0.000000 0.994506 0.000000 0.104681 0.983767 0.983767 0.983767
1764.481567 0.000000 1269.076538 0.000000 0.978834 0.000000 0.204655 0.938252 0.938252 0.938252
1729.475708 0.000000 1264.701904 0.000000 0.987508 0.000000 0.157568 0.989334 0.989334 0.989334
1778.907593 0.000000 1246.654053 0.000000 0.989986 0.000000 0.141168 0.965699 0.965699 0.965699
1785.340332 0.000000 1253.163208 0.000000 0.909217 0.000000 0.416322 0.931391 0.931391 0.931391
1784.498535 0.000000 1227.837402 0.000000 0.789290 0.000000 0.614020 0.925724 0.925724 0.925724
1768.944580 0.000000 1265.631714 0.000000 0.990655 0.000000 0.136390 0.990436 0.990436 0.990436
1756.727417 0.000000 1265.973755 0.000000 0.942359 0.000000 0.334603 0.885861 0.885861 0.885861
1787.502441 0.000000 1227.604736 0.000000 0.856736 0.000000 0.515756 0.909359 0.909359 0.909359
1779.077759 0.000000 1268.449585 0.000000 0.904113 0.000000 0.427293 0.948196 0.948196 0.948196
1742.964233 0.000000 1274.015747 0.000000 0.770384 0.000000 0.637581 0.929234 0.929234 0.929234
1791.129150 0.000000 1229.933594 0.000000 0.979678 0.000000 0.200577 0.953616 0.953616 0.953616
1785.930298 0.000000 1226.480957 0.000000 0.838250 0.000000 0.545287 0.935207 0.935207 0.935207
1741.460327 0.000000 1270.480469 0.000000 0.774183 0.000000 0.632962 0.846004 0.846004 0.846004
1761.143066 0.000000 1272.294189 0.000000 0.828873 0.000000 0.559438 0.937747 0.937747 0.937747
1730.026123 0.000000 1276.529297 0.000000 0.801405 0.000000 0.598122 0.932772 0.932772 0.932772
1780.861328 0.000000 1269.891724 0.000000 0.985374 0.000000 0.170403 0.955112 0.955112 0.955112
1768.563110 0.000000 1267.533569 0.000000 0.989421 0.000000 0.145075 0.980009 0.980009 0.980009
1731.894775 0.000000 1265.421387 0.000000 0.988799 0.000000 0.149255 0.985413 0.985413 0.985413
1762.795044 0.000000 1269.434814 0.000000 0.909650 0.000000 0.415376 0.929419 0.929419 0.929419
1783.175903 0.000000 1267.319580 0.000000 0.994522 0.000000 0.104531 0.980392 0.980392 0.980392
1787.966431 0.000000 1235.233521 0.000000 0.862176 0.000000 0.506608 0.905834 0.905834 0.905834
1748.760498 0.000000 1253.110107 0.000000 0.970753 0.000000 0.240079 0.959446 0.959446 0.959446
1769.906738 0.000000 1244.700562 0.000000 0.919688 0.000000 0.392650 0.946609 0.946609 0.946609
1775.599487 0.000000 1256.627686 0.000000 0.788226 0.000000 0.615386 0.913945 0.913945 0.913945
1729.862793 0.000000 1270.902100 0.000000 0.976009 0.000000 0.217732 0.970958 0.970958 0.970958
1757.326538 0.000000 1267.410278 0.000000 0.967331 0.000000 0.253518 0.897616 0.897616 0.897616
1789.229736 0.000000 1225.558960 0.000000 0.987029 0.000000 0.160541 0.968602 0.968602 0.968602
1780.335571 0.000000 1247.155396 0.000000 0.868644 0.000000 0.495437 0.868006 0.868006 0.868006
1731.701416 0.000000 1273.917969 0.000000 0.972977 0.000000 0.230902 0.959280 0.959280 0.959280
1728.778442 0.000000 1275.737305 0.000000 0.773138 0.000000 0.634238 0.895374 0.895374 0.895374
1755.249023 0.000000 1266.797729 0.000000 0.979650 0.000000 0.200712 0.948539 0.948539 0.948539
1728.535034 0.000000 1268.744873 0.000000 0.995581 0.000000 0.093903 0.983331 0.983331 0.983331
1790.711304 0.000000 1261.818970 0.000000 0.968968 0.000000 0.247188 0.966950 0.966950 0.966950
1757.302490 0.000000 1264.640991 0.000000 0.862907 0.000000 0.505363 0.822761 0.822761 0.822761
1776.336182 0.000000 1248.432251 0.000000 0.783390 0.000000 0.621531 0.832558 0.832558 0.832558
1790.438110 0.000000 1228.711670 0.000000 0.764594 0.000000 0.644513 0.839134 0.839134 0.839134
1763.616699 0.000000 1268.003174 0.000000 0.852950 0.000000 0.521993 0.909509 0.909509 0.909509
1779.930298 0.000000 1251.597656 0.000000 0.939929 0.000000 0.341371 0.830402 0.830402 0.830402
1789.473633 0.000000 1240.213867 0.000000 0.763955 0.000000 0.645269 0.908947 0.908947 0.908947
1729.275391 0.000000 1274.220825 0.000000 0.808094 0.000000 0.589054 0.904075 0.904075 0.904075
1755.764282 0.000000 1265.260864 0.000000 0.913046 0.000000 0.407856 0.902461 0.902461 0.902461
1759.654541 0.000000 1266.868774 0.000000 0.954028 0.000000 0.299717 0.923246 0.923246 0.923246
1741.728027 0.000000 1274.821411 0.000000 0.889559 0.000000 0.456820 0.902879 0.902879 0.902879
1780.749512 0.000000 1248.189087 0.000000 0.996152 0.000000 0.087645 0.962097 0.962097 0.962097
1788.492554 0.000000 1224.730713 0.000000 0.886951 0.000000 0.461864 0.906511 0.906511 0.906511
1781.675415 0.000000 1252.417358 0.000000 0.827667 0.000000 0.561220 0.846778 0.846778 0.846778
1764.641724 0.000000 1267.835083 0.000000 0.910093 0.000000 0.414403 0.859190 0.859190 0.859190
1789.508667 0.000000 1253.220093 0.000000 0.992967 0.000000 0.118394 0.957337 0.957337 0.957337
1781.288208 0.000000 1270.862183 0.000000 0.892018 0.000000 0.452001 0.861834 0.861834 0.861834
1783.035156 0.000000 1270.165405 0.000000 0.804829 0.000000 0.593507 0.784259 0.784259 0.784259
1781.862427 0.000000 1271.809937 0.000000 0.977839 0.000000 0.209360 0.937864 0.937864 0.937864
1737.578491 0.000000 1273.356934 0.000000 0.906805 0.000000 0.421551 0.900053 0.900053 0.900053
1738.397583 0.000000 1272.273438 0.000000 0.895807 0.000000 0.444444 0.813733 0.813733 0.813733
1791.852905 0.000000 1227.033447 0.000000 0.983211 0.000000 0.182471 0.926702 0.926702 0.926702
1778.859253 0.000000 1251.635742 0.000000 0.828846 0.000000 0.559476 0.710945 0.710945 0.710945
1739.231323 0.000000 1272.480835 0.000000 0.994168 0.000000 0.107838 0.956301 0.956301 0.956301
1786.055542 0.000000 1253.612427 0.000000 0.747560 0.000000 0.664195 0.758800 0.758800 0.758800
1793.974854 0.000000 1259.022827 0.000000 0.985265 0.000000 0.171034 0.984552 0.984552 0.984552
1805.661377 0.000000 1237.948853 0.000000 0.751536 0.000000 0.659692 0.926260 0.926260 0.926260
1802.125244 0.000000 1240.783813 0.000000 0.918202 0.000000 0.396111 0.966446 0.966446 0.966446
1792.278198 0.000000 1262.224487 0.000000 0.863714 0.000000 0.503982 0.977582 0.977582 0.977582
1807.162964 0.000000 1230.655762 0.000000 0.944543 0.000000 0.328387 0.956563 0.956563 0.956563
1804.911865 0.000000 1234.607422 0.000000 0.878079 0.000000 0.478515 0.978823 0.978823 0.978823
1808.860352 0.000000 1239.274780 0.000000 0.901600 0.000000 0.432570 0.902838 0.902838 0.902838
1801.304565 0.000000 1233.271240 0.000000 0.955617 0.000000 0.294612 0.970883 0.970883 0.970883
1807.504517 0.000000 1245.846924 0.000000 0.773359 0.000000 0.633968 0.960571 0.960571 0.960571
1803.949829 0.000000 1228.437378 0.000000 0.745528 0.000000 0.666474 0.890731 0.890731 0.890731
1810.725342 0.000000 1241.385376 0.000000 0.930330 0.000000 0.366722 0.972815 0.972815 0.972815
1794.896973 0.000000 1256.012817 0.000000 0.773415 0.000000 0.633900 0.857730 0.857730 0.857730
1808.452393 0.000000 1228.535522 0.000000 0.823830 0.000000 0.566837 0.956367 0.956367 0.956367
1810.242554 0.000000 1231.581177 0.000000 0.870383 0.000000 0.492376 0.880470 0.880470 0.880470
1792.955444 0.000000 1252.559326 0.000000 0.844343 0.000000 0.535802 0.942121 0.942121 0.942121
1792.141846 0.000000 1260.046875 0.000000 0.893342 0.000000 0.449377 0.941822 0.941822 0.941822
1793.796753 0.000000 1227.573608 0.000000 0.948287 0.000000 0.317415 0.910490 0.910490 0.910490
1799.333862 0.000000 1253.928467 0.000000 0.747059 0.000000 0.664758 0.776704 0.776704 0.776704
1801.798950 0.000000 1231.354736 0.000000 0.799476 0.000000 0.600698 0.839129 0.839129 0.839129
1795.909058 0.000000 1259.003174 0.000000 0.738473 0.000000 0.674283 0.953814 0.953814 0.953814
1804.530151 0.000000 1239.444824 0.000000 0.742010 0.000000 0.670389 0.833079 0.833079 0.833079
1802.802002 0.000000 1229.906982 0.000000 0.993521 0.000000 0.113652 0.982939 0.982939 0.982939
1802.167969 0.000000 1228.009644 0.000000 0.938280 0.000000 0.345876 0.947097 0.947097 0.947097
1808.937744 0.000000 1230.223267 0.000000 0.972643 0.000000 0.232303 0.943811 0.943811 0.943811
1798.887939 0.000000 1250.876831 0.000000 0.960925 0.000000 0.276810 0.953086 0.953086 0.953086
1797.992065 0.000000 1259.308350 0.000000 0.982140 0.000000 0.188152 0.980626 0.980626 0.980626
1803.362305 0.000000 1226.208984 0.000000 0.833793 0.000000 0.552078 0.948896 0.948896 0.948896
1810.819580 0.000000 1233.209717 0.000000 0.995521 0.000000 0.094538 0.966672 0.966672 0.966672
1797.150635 0.000000 1231.948364 0.000000 0.984196 0.000000 0.177085 0.973333 0.973333 0.973333
1799.052368 0.000000 1226.894165 0.000000 0.912588 0.000000 0.408881 0.912716 0.912716 0.912716
1807.945679 0.000000 1232.997803 0.000000 0.899279 0.000000 0.437376 0.915240 0.915240 0.915240
1801.140991 0.000000 1227.381348 0.000000 0.960954 0.000000 0.276709 0.946104 0.946104 0.946104
1798.249756 0.000000 1230.630737 0.000000 0.881006 0.000000 0.473104 0.865894 0.865894 0.865894
1797.166626 0.000000 1250.493896 0.000000 0.941257 0.000000 0.337691 0.941522 0.941522 0.941522
1811.323120 0.000000 1232.085205 0.000000 0.861288 0.000000 0.508117 0.812378 0.812378 0.812378
1793.182129 0.000000 1228.645996 0.000000 0.971802 0.000000 0.235796 0.958401 0.958401 0.958401
1801.984985 0.000000 1229.064331 0.000000 0.946986 0.000000 0.321274 0.895481 0.895481 0.895481
1801.767212 0.000000 1230.264648 0.000000 0.774479 0.000000 0.632600 0.829010 0.829010 0.829010
1810.329468 0.000000 1235.580444 0.000000 0.988643 0.000000 0.150285 0.965351 0.965351 0.965351
1798.512085 0.000000 1229.664429 0.000000 0.968057 0.000000 0.250730 0.910788 0.910788 0.910788
1805.444458 0.000000 1240.160522 0.000000 0.819462 0.000000 0.573133 0.846106 0.846106 0.846106
1793.662476 0.000000 1226.547241 0.000000 0.892014 0.000000 0.452007 0.870028 0.870028 0.870028
1794.919434 0.000000 1254.984863 0.000000 0.873430 0.000000 0.486949 0.860330 0.860330 0.860330
1808.693604 0.000000 1232.635254 0.000000 0.947247 0.000000 0.320504 0.880264 0.880264 0.880264
1585.762573 0.000000 1293.487793 0.000000 0.901152 0.000000 0.433504 0.912687 0.912687 0.912687
1579.660767 0.000000 1298.414185 0.000000 0.884202 0.000000 0.467104 0.941759 0.941759 0.941759
1585.111206 0.000000 1296.144043 0.000000 0.783626 0.000000 0.621232 0.902939 0.902939 0.902939
1592.841675 0.000000 1309.619507 0.000000 0.816071 0.000000 0.577952 0.886157 0.886157 0.886157
1587.831177 0.000000 1292.888428 0.000000 0.990515 0.000000 0.137408 0.982105 0.982105 0.982105
1594.581177 0.000000 1309.277954 0.000000 0.981696 0.000000 0.190455 0.878007 0.878007 0.878007
1585.732300 0.000000 1297.728271 0.000000 0.933137 0.000000 0.359520 0.946749 0.946749 0.946749
1586.960327 0.000000 1294.465088 0.000000 0.927170 0.000000 0.374641 0.891667 0.891667 0.891667
1596.576294 0.000000 1307.428955 0.000000 0.743363 0.000000 0.668888 0.619516 0.619516 0.619516
1584.706299 0.000000 1294.539795 0.000000 0.940217 0.000000 0.340575 0.869857 0.869857 0.869857
1595.179321 0.000000 1307.989258 0.000000 0.949684 0.000000 0.313209 0.826619 0.826619 0.826619
1598.563354 0.000000 1315.697144 0.000000 0.913721 0.000000 0.406341 0.750324 0.750324 0.750324
1596.030396 0.000000 1315.447266 0.000000 0.754833 0.000000 0.655917 0.812468 0.812468 0.812468
1578.214844 0.000000 1311.046265 0.000000 0.879743 0.000000 0.475449 0.867643 0.867643 0.867643
1598.477417 0.000000 1316.906860 0.000000 0.832508 0.000000 0.554012 0.659908 0.659908 0.659908
1579.849854 0.000000 1300.982422 0.000000 0.984382 0.000000 0.176047 0.946541 0.946541 0.946541
1599.794434 0.000000 1300.788086 0.000000 0.949680 0.000000 0.313221 0.856836 0.856836 0.856836
1596.223389 0.000000 1306.473267 0.000000 0.779003 0.000000 0.627020 0.648071 0.648071 0.648071
1594.900146 0.000000 1280.957275 0.000000 0.989214 0.000000 0.146475 0.947519 0.947519 0.947519
1596.898193 0.000000 1308.334839 0.000000 0.845765 0.000000 0.533556 0.652951 0.652951 0.652951
1616.442627 0.000000 1325.369995 0.000000 0.981812 0.000000 0.189858 0.979971 0.979971 0.979971
1619.627563 0.000000 1318.229858 0.000000 0.900659 0.000000 0.434527 0.713831 0.713831 0.713831
1623.480469 0.000000 1285.307617 0.000000 0.864958 0.000000 0.501844 0.922562 0.922562 0.922562
1601.917603 0.000000 1300.549194 0.000000 0.765666 0.000000 0.643239 0.570880 0.570880 0.570880
1605.865112 0.000000 1291.321777 0.000000 0.879926 0.000000 0.475110 0.966628 0.966628 0.966628
1616.064575 0.000000 1316.701782 0.000000 0.814796 0.000000 0.579748 0.823994 0.823994 0.823994
1606.541992 0.000000 1288.038086 0.000000 0.840544 0.000000 0.541743 0.834201 0.834201 0.834201
1609.046265 0.000000 1293.519165 0.000000 0.849738 0.000000 0.527205 0.911273 0.911273 0.911273
1611.949829 0.000000 1292.437378 0.000000 0.864332 0.000000 0.502922 0.952638 0.952638 0.952638
1619.368530 0.000000 1325.546509 0.000000 0.885424 0.000000 0.464784 0.963796 0.963796 0.963796
1614.434082 0.000000 1323.554077 0.000000 0.866706 0.000000 0.498819 0.847457 0.847457 0.847457
1613.099976 0.000000 1311.973999 0.000000 0.984402 0.000000 0.175932 0.965120 0.965120 0.965120
1613.817627 0.000000 1318.457031 0.000000 0.811383 0.000000 0.584516 0.931424 0.931424 0.931424
1600.788208 0.000000 1298.336548 0.000000 0.809841 0.000000 0.586650 0.647847 0.647847 0.647847
1627.008545 0.000000 1289.677124 0.000000 0.985570 0.000000 0.169271 0.925264 0.925264 0.925264
1614.705811 0.000000 1297.071655 0.000000 0.981607 0.000000 0.190910 0.930943 0.930943 0.930943
1624.088989 0.000000 1292.448608 0.000000 0.851339 0.000000 0.524616 0.793187 0.793187 0.793187
1607.628052 0.000000 1289.790527 0.000000 0.989666 0.000000 0.143392 0.958330 0.958330 0.958330
1610.167969 0.000000 1292.009644 0.000000 0.962345 0.000000 0.271831 0.975258 0.975258 0.975258
1608.834839 0.000000 1288.392578 0.000000 0.827395 0.000000 0.561620 0.793057 0.793057 0.793057
1625.441284 0.000000 1285.584473 0.000000 0.884240 0.000000 0.467032 0.947834 0.947834 0.947834
1621.654297 0.000000 1297.697998 0.000000 0.987544 0.000000 0.157343 0.971994 0.971994 0.971994
1622.250610 0.000000 1286.460571 0.000000 0.976902 0.000000 0.213686 0.900002 0.900002 0.900002
1624.103394 0.000000 1288.625488 0.000000 0.920912 0.000000 0.389770 0.745109 0.745109 0.745109
1631.135010 0.000000 1281.307129 0.000000 0.994195 0.000000 0.107590 0.987889 0.987889 0.987889
1609.399536 0.000000 1306.212158 0.000000 0.877377 0.000000 0.479801 0.932535 0.932535 0.932535
1603.979126 0.000000 1317.181274 0.000000 0.815805 0.000000 0.578327 0.941497 0.941497 0.941497
1626.037964 0.000000 1292.972778 0.000000 0.996371 0.000000 0.085122 0.988936 0.988936 0.988936
1620.299561 0.000000 1298.015381 0.000000 0.907581 0.000000 0.419877 0.859369 0.859369 0.859369
1613.877563 0.000000 1308.985352 0.000000 0.948923 0.000000 0.315507 0.912651 0.912651 0.912651
1600.063599 0.000000 1315.386841 0.000000 0.940077 0.000000 0.340963 0.779362 0.779362 0.779362
1601.285645 0.000000 1317.813965 0.000000 0.868812 0.000000 0.495142 0.701269 0.701269 0.701269
1603.247681 0.000000 1282.186279 0.000000 0.982524 0.000000 0.186136 0.940637 0.940637 0.940637
1616.764648 0.000000 1317.953003 0.000000 0.993178 0.000000 0.116607 0.966737 0.966737 0.966737
1603.334595 0.000000 1287.045044 0.000000 0.804767 0.000000 0.593591 0.855620 0.855620 0.855620
1621.005859 0.000000 1301.093262 0.000000 0.859039 0.000000 0.511910 0.860467 0.860467 0.860467
1600.921387 0.000000 1287.639404 0.000000 0.988337 0.000000 0.152282 0.942750 0.942750 0.942750
1618.901245 0.000000 1301.958740 0.000000 0.940487 0.000000 0.339829 0.903914 0.903914 0.903914
1614.708618 0.000000 1319.024048 0.000000 0.976963 0.000000 0.213409 0.881879 0.881879 0.881879
1603.329590 0.000000 1313.448120 0.000000 0.950986 0.000000 0.309233 0.899535 0.899535 0.899535
1621.494873 0.000000 1287.671753 0.000000 0.814065 0.000000 0.580774 0.849935 0.849935 0.849935
1608.845215 0.000000 1308.553955 0.000000 0.845041 0.000000 0.534701 0.715496 0.715496 0.715496
1619.589844 0.000000 1319.244751 0.000000 0.986077 0.000000 0.166288 0.893644 0.893644 0.893644
1616.439819 0.000000 1320.553589 0.000000 0.953964 0.000000 0.299921 0.806079 0.806079 0.806079
1616.959717 0.000000 1316.999268 0.000000 0.843933 0.000000 0.536448 0.838849 0.838849 0.838849
1626.692749 0.000000 1291.730713 0.000000 0.938126 0.000000 0.346294 0.910835 0.910835 0.910835
1601.227417 0.000000 1299.929199 0.000000 0.791748 0.000000 0.610848 0.630874 0.630874 0.630874
1618.188477 0.000000 1321.463867 0.000000 0.780605 0.000000 0.625025 0.570178 0.570178 0.570178
1600.036743 0.000000 1287.906128 0.000000 0.844174 0.000000 0.536069 0.788128 0.788128 0.788128
1614.488281 0.000000 1321.549194 0.000000 0.927336 0.000000 0.374231 0.755814 0.755814 0.755814
1612.944458 0.000000 1309.986938 0.000000 0.797424 0.000000 0.603420 0.823723 0.823723 0.823723
1626.558350 0.000000 1288.897827 0.000000 0.884435 0.000000 0.466664 0.786668 0.786668 0.786668
1615.018555 0.000000 1319.860840 0.000000 0.793028 0.000000 0.609185 0.640229 0.640229 0.640229
1600.919312 0.000000 1302.611328 0.000000 0.873252 0.000000 0.487268 0.842441 0.842441 0.842441
1609.050293 0.000000 1311.615723 0.000000 0.924861 0.000000 0.380305 0.751638 0.751638 0.751638
1616.912720 0.000000 1298.364014 0.000000 0.967945 0.000000 0.251163 0.903658 0.903658 0.903658
1619.452026 0.000000 1320.150391 0.000000 0.952904 0.000000 0.303271 0.803842 0.803842 0.803842
1618.527954 0.000000 1296.413818 0.000000 0.739876 0.000000 0.672743 0.686821 0.686821 0.686821
1616.693604 0.000000 1296.635254 0.000000 0.971948 0.000000 0.235197 0.892122 0.892122 0.892122
1687.673828 0.000000 1330.428345 0.000000 0.959938 0.000000 0.280213 0.963129 0.963129 0.963129
1719.376587 0.000000 1300.529785 0.000000 0.821990 0.000000 0.569502 0.891089 0.891089 0.891089
1677.640869 0.000000 1329.921997 0.000000 0.860723 0.000000 0.509074 0.957330 0.957330 0.957330
1715.368530 0.000000 1297.918701 0.000000 0.996248 0.000000 0.086544 0.996755 0.996755 0.996755
1705.959961 0.000000 1335.235596 0.000000 0.978824 0.000000 0.204705 0.927943 0.927943 0.927943
1722.227417 0.000000 1303.046509 0.000000 0.882691 0.000000 0.469954 0.918166 0.918166 0.918166
1722.356689 0.000000 1281.698120 0.000000 0.861474 0.000000 0.507802 0.852399 0.852399 0.852399
1714.858154 0.000000 1343.878296 0.000000 0.903279 0.000000 0.429055 0.981180 0.981180 0.981180
1707.883667 0.000000 1312.944336 0.000000 0.931899 0.000000 0.362719 0.992587 0.992587 0.992587
1712.406372 0.000000 1305.438843 0.000000 0.968763 0.000000 0.247988 0.987487 0.987487 0.987487
1725.974243 0.000000 1284.018677 0.000000 0.936492 0.000000 0.350689 0.946328 0.946328 0.946328
1707.747192 0.000000 1308.383545 0.000000 0.922027 0.000000 0.387125 0.965266 0.965266 0.965266
1711.066406 0.000000 1294.245850 0.000000 0.838749 0.000000 0.544518 0.925247 0.925247 0.925247
1713.111206 0.000000 1296.144043 0.000000 0.780850 0.000000 0.624718 0.892186 0.892186 0.892186
1723.323608 0.000000 1283.964722 0.000000 0.858375 0.000000 0.513023 0.861475 0.861475 0.861475
1719.301025 0.000000 1286.958862 0.000000 0.964212 0.000000 0.265131 0.964494 0.964494 0.964494
1724.650513 0.000000 1303.208740 0.000000 0.870030 0.000000 0.493000 0.962675 0.962675 0.962675
1721.258789 0.000000 1305.536011 0.000000 0.936135 0.000000 0.351641 0.982956 0.982956 0.982956
1721.252319 0.000000 1296.563721 0.000000 0.909789 0.000000 0.415072 0.938022 0.938022 0.938022
1714.036743 0.000000 1300.506348 0.000000 0.843501 0.000000 0.537127 0.951869 0.951869 0.951869
1707.433716 0.000000 1310.806030 0.000000 0.950746 0.000000 0.309972 0.960659 0.960659 0.960659
1685.890869 0.000000 1329.067383 0.000000 0.895275 0.000000 0.445514 0.940056 0.940056 0.940056
1703.178955 0.000000 1321.458984 0.000000 0.993004 0.000000 0.118077 0.954792 0.954792 0.954792
1714.479492 0.000000 1305.896729 0.000000 0.816258 0.000000 0.577687 0.956947 0.956947 0.956947
1684.018555 0.000000 1333.322388 0.000000 0.783470 0.000000 0.621429 0.837612 0.837612 0.837612
1724.566406 0.000000 1282.398315 0.000000 0.848566 0.000000 0.529089 0.823230 0.823230 0.823230
1676.667603 0.000000 1328.010376 0.000000 0.822008 0.000000 0.569476 0.951597 0.951597 0.951597
1677.917725 0.000000 1325.395508 0.000000 0.876794 0.000000 0.480866 0.908577 0.908577 0.908577
1711.482788 0.000000 1300.351074 0.000000 0.936574 0.000000 0.350470 0.932954 0.932954 0.932954
1712.687866 0.000000 1341.326294 0.000000 0.985309 0.000000 0.170781 0.959296 0.959296 0.959296
1711.564209 0.000000 1295.811523 0.000000 0.740759 0.000000 0.671771 0.904375 0.904375 0.904375
1709.278564 0.000000 1298.251465 0.000000 0.792011 0.000000 0.610507 0.799983 0.799983 0.799983
1723.866211 0.000000 1297.439087 0.000000 0.954890 0.000000 0.296959 0.960106 0.960106 0.960106
1724.611816 0.000000 1284.808838 0.000000 0.991587 0.000000 0.129444 0.980556 0.980556 0.980556
1708.445557 0.000000 1309.692993 0.000000 0.858893 0.000000 0.512155 0.838915 0.838915 0.838915
1684.766479 0.000000 1325.237305 0.000000 0.965881 0.000000 0.258986 0.901242 0.901242 0.901242
1685.041992 0.000000 1327.947632 0.000000 0.986431 0.000000 0.164178 0.963355 0.963355 0.963355
1723.437378 0.000000 1302.748657 0.000000 0.994104 0.000000 0.108435 0.981827 0.981827 0.981827
1721.494507 0.000000 1297.803955 0.000000 0.982281 0.000000 0.187415 0.972701 0.972701 0.972701
1713.336182 0.000000 1299.699951 0.000000 0.830362 0.000000 0.557224 0.892284 0.892284 0.892284
1704.443604 0.000000 1332.573364 0.000000 0.995543 0.000000 0.094307 0.978779 0.978779 0.978779
1724.649536 0.000000 1281.261841 0.000000 0.813485 0.000000 0.581586 0.786162 0.786162 0.786162
1705.420166 0.000000 1332.081909 0.000000 0.736723 0.000000 0.676194 0.833149 0.833149 0.833149
1710.520020 0.000000 1296.057617 0.000000 0.770129 0.000000 0.637888 0.799669 0.799669 0.799669
1723.470459 0.000000 1298.335571 0.000000 0.811257 0.000000 0.584690 0.828500 0.828500 0.828500
1684.251221 0.000000 1332.268555 0.000000 0.833341 0.000000 0.552759 0.858171 0.858171 0.858171
1697.379028 0.000000 1327.607666 0.000000 0.753485 0.000000 0.657465 0.790436 0.790436 0.790436
1725.696167 0.000000 1283.136841 0.000000 0.888987 0.000000 0.457933 0.849184 0.849184 0.849184
1709.471680 0.000000 1297.391357 0.000000 0.994083 0.000000 0.108622 0.971198 0.971198 0.971198
1703.485352 0.000000 1320.235596 0.000000 0.977726 0.000000 0.209887 0.919228 0.919228 0.919228
1733.561279 0.000000 1338.570312 0.000000 0.907872 0.000000 0.419248 0.966519 0.966519 0.966519
1728.367310 0.000000 1283.297363 0.000000 0.955422 0.000000 0.295244 0.985783 0.985783 0.985783
1773.892334 0.000000 1323.312134 0.000000 0.879257 0.000000 0.476348 0.996281 0.996281 0.996281
1747.637207 0.000000 1289.028809 0.000000 0.957256 0.000000 0.289241 0.980953 0.980953 0.980953
1769.437256 0.000000 1282.075195 0.000000 0.992326 0.000000 0.123646 0.995358 0.995358 0.995358
1750.067505 0.000000 1324.634521 0.000000 0.974345 0.000000 0.225058 0.964863 0.964863 0.964863
1735.353149 0.000000 1341.442749 0.000000 0.893979 0.000000 0.448108 0.974480 0.974480 0.974480
1733.749634 0.000000 1307.519897 0.000000 0.974294 0.000000 0.225281 0.989789 0.989789 0.989789
1731.059570 0.000000 1315.984131 0.000000 0.858759 0.000000 0.512380 0.970453 0.970453 0.970453
1773.360352 0.000000 1326.471802 0.000000 0.756727 0.000000 0.653731 0.905723 0.905723 0.905723
1790.933350 0.000000 1333.930298 0.000000 0.985684 0.000000 0.168603 0.960243 0.960243 0.960243
1730.457031 0.000000 1338.742798 0.000000 0.863735 0.000000 0.503946 0.941982 0.941982 0.941982
1752.890625 0.000000 1323.964600 0.000000 0.990274 0.000000 0.139134 0.996167 0.996167 0.996167
1768.175781 0.000000 1326.330444 0.000000 0.963589 0.000000 0.267387 0.942560 0.942560 0.942560
1747.368530 0.000000 1325.546509 0.000000 0.844141 0.000000 0.536122 0.967509 0.967509 0.967509
1767.024048 0.000000 1297.525635 0.000000 0.974252 0.000000 0.225461 0.980129 0.980129 0.980129
1738.295898 0.000000 1307.469727 0.000000 0.743661 0.000000 0.668557 0.846436 0.846436 0.846436
1739.019165 0.000000 1302.267700 0.000000 0.970220 0.000000 0.242227 0.941973 0.941973 0.941973
1735.835815 0.000000 1305.980225 0.000000 0.895070 0.000000 0.445925 0.890377 0.890377 0.890377
1768.944580 0.000000 1329.631714 0.000000 0.994881 0.000000 0.101057 0.994946 0.994946 0.994946
1741.959351 0.000000 1307.320801 0.000000 0.749064 0.000000 0.662497 0.945764 0.945764 0.945764
1770.765991 0.000000 1337.304077 0.000000 0.960861 0.000000 0.277030 0.978976 0.978976 0.978976
1746.009033 0.000000 1324.066040 0.000000 0.989247 0.000000 0.146257 0.991572 0.991572 0.991572
1733.600586 0.000000 1340.534058 0.000000 0.755553 0.000000 0.655087 0.814539 0.814539 0.814539
1739.952393 0.000000 1306.527100 0.000000 0.962985 0.000000 0.269553 0.942764 0.942764 0.942764
1730.026123 0.000000 1340.529297 0.000000 0.812435 0.000000 0.583052 0.785541 0.785541 0.785541
1745.229248 0.000000 1310.602295 0.000000 0.965046 0.000000 0.262081 0.981463 0.981463 0.981463
1765.683105 0.000000 1289.140625 0.000000 0.860649 0.000000 0.509198 0.929309 0.929309 0.929309
1732.579712 0.000000 1305.981812 0.000000 0.770916 0.000000 0.636937 0.950006 0.950006 0.950006
1734.542969 0.000000 1309.213257 0.000000 0.908843 0.000000 0.417137 0.926951 0.926951 0.926951
1742.171265 0.000000 1313.758667 0.000000 0.979426 0.000000 0.201804 0.929486 0.929486 0.929486
1789.727295 0.000000 1339.601074 0.000000 0.977824 0.000000 0.209426 0.908347 0.908347 0.908347
1769.454956 0.000000 1339.991211 0.000000 0.889747 0.000000 0.456454 0.835510 0.835510 0.835510
1744.999878 0.000000 1313.445923 0.000000 0.927199 0.000000 0.374568 0.902233 0.902233 0.902233
1730.432129 0.000000 1341.877930 0.000000 0.764309 0.000000 0.644851 0.758548 0.758548 0.758548
1751.453979 0.000000 1324.112305 0.000000 0.926582 0.000000 0.376092 0.940318 0.940318 0.940318
1790.012451 0.000000 1335.304688 0.000000 0.773370 0.000000 0.633955 0.737717 0.737717 0.737717
1789.581543 0.000000 1336.958130 0.000000 0.778330 0.000000 0.627856 0.877986 0.877986 0.877986
1742.157104 0.000000 1312.492920 0.000000 0.986390 0.000000 0.164424 0.942681 0.942681 0.942681
1735.073486 0.000000 1302.059204 0.000000 0.900503 0.000000 0.434851 0.915765 0.915765 0.915765
1790.300903 0.000000 1332.312744 0.000000 0.995717 0.000000 0.092452 0.978273 0.978273 0.978273
1790.054932 0.000000 1338.620972 0.000000 0.952089 0.000000 0.305822 0.894473 0.894473 0.894473
1790.934448 0.000000 1334.927490 0.000000 0.925059 0.000000 0.379823 0.851182 0.851182 0.851182
1736.683472 0.000000 1305.437134 0.000000 0.972748 0.000000 0.231865 0.903026 0.903026 0.903026
1743.740479 0.000000 1312.033325 0.000000 0.987488 0.000000 0.157693 0.945048 0.945048 0.945048
1734.208252 0.000000 1304.915894 0.000000 0.994033 0.000000 0.109080 0.974078 0.974078 0.974078
1787.053101 0.000000 1339.281616 0.000000 0.874802 0.000000 0.484480 0.837115 0.837115 0.837115
1737.619751 0.000000 1304.002441 0.000000 0.762192 0.000000 0.647351 0.708200 0.708200 0.708200
1711.553467 0.000000 1345.432007 0.000000 0.904753 0.000000 0.425937 0.931895 0.931895 0.931895
1702.957764 0.000000 1396.401733 0.000000 0.976608 0.000000 0.215027 0.983227 0.983227 0.983227
1709.218750 0.000000 1380.399780 0.000000 0.906211 0.000000 0.422826 0.969483 0.969483 0.969483
1715.179810 0.000000 1398.579102 0.000000 0.905543 0.000000 0.424254 0.993437 0.993437 0.993437
1685.874756 0.000000 1398.274536 0.000000 0.919225 0.000000 0.393732 0.938370 0.938370 0.938370
1712.097412 0.000000 1382.939331 0.000000 0.836463 0.000000 0.548023 0.737913 0.737913 0.737913
1680.745361 0.000000 1393.017822 0.000000 0.983413 0.000000 0.181380 0.933064 0.933064 0.933064
1715.088501 0.000000 1344.206421 0.000000 0.995240 0.000000 0.097453 0.988791 0.988791 0.988791
1702.004639 0.000000 1403.951050 0.000000 0.787372 0.000000 0.616478 0.875623 0.875623 0.875623
1726.933350 0.000000 1397.930298 0.000000 0.984451 0.000000 0.175658 0.972228 0.972228 0.972228
1684.637329 0.000000 1395.133179 0.000000 0.893009 0.000000 0.450039 0.981353 0.981353 0.981353
1699.784912 0.000000 1393.119385 0.000000 0.947410 0.000000 0.320022 0.880451 0.880451 0.880451
1703.165161 0.000000 1399.206543 0.000000 0.911029 0.000000 0.412342 0.926785 0.926785 0.926785
1678.303833 0.000000 1391.169800 0.000000 0.896550 0.000000 0.442943 0.986253 0.986253 0.986253
1700.481567 0.000000 1397.076538 0.000000 0.882688 0.000000 0.469960 0.688537 0.688537 0.688537
1679.953735 0.000000 1395.270264 0.000000 0.911820 0.000000 0.410589 0.853176 0.853176 0.853176
1705.916748 0.000000 1407.792969 0.000000 0.994246 0.000000 0.107123 0.994641 0.994641 0.994641
1713.539307 0.000000 1381.343140 0.000000 0.875853 0.000000 0.482578 0.741006 0.741006 0.741006
1726.798340 0.000000 1400.448853 0.000000 0.887478 0.000000 0.460849 0.924669 0.924669 0.924669
1699.696655 0.000000 1391.146606 0.000000 0.900757 0.000000 0.434323 0.868765 0.868765 0.868765
1694.597534 0.000000 1394.468872 0.000000 0.881931 0.000000 0.471379 0.833340 0.833340 0.833340
1719.004517 0.000000 1383.024414 0.000000 0.942840 0.000000 0.333246 0.966921 0.966921 0.966921
1720.039307 0.000000 1400.049683 0.000000 0.741572 0.000000 0.670874 0.820079 0.820079 0.820079
1699.225220 0.000000 1389.491699 0.000000 0.860426 0.000000 0.509575 0.845154 0.845154 0.845154
1723.471680 0.000000 1398.824585 0.000000 0.952246 0.000000 0.305332 0.955070 0.955070 0.955070
1698.795044 0.000000 1397.434814 0.000000 0.932638 0.000000 0.360813 0.764998 0.764998 0.764998
1693.391968 0.000000 1396.928101 0.000000 0.895082 0.000000 0.445901 0.937692 0.937692 0.937692
1718.053345 0.000000 1402.278442 0.000000 0.935344 0.000000 0.353739 0.872724 0.872724 0.872724
1719.795654 0.000000 1380.659180 0.000000 0.885902 0.000000 0.463872 0.938584 0.938584 0.938584
1682.741577 0.000000 1398.047241 0.000000 0.882156 0.000000 0.470957 0.911854 0.911854 0.911854
1712.367310 0.000000 1346.637207 0.000000 0.766024 0.000000 0.642812 0.921565 0.921565 0.921565
1717.721680 0.000000 1382.491089 0.000000 0.799651 0.000000 0.600465 0.844026 0.844026 0.844026
1692.114624 0.000000 1397.463867 0.000000 0.839683 0.000000 0.543076 0.922604 0.922604 0.922604
1699.616699 0.000000 1396.003174 0.000000 0.880550 0.000000 0.473953 0.685654 0.685654 0.685654
1713.377930 0.000000 1382.681641 0.000000 0.862209 0.000000 0.506552 0.759972 0.759972 0.759972
1718.828491 0.000000 1403.204224 0.000000 0.951002 0.000000 0.309185 0.889350 0.889350 0.889350
1725.919434 0.000000 1397.302734 0.000000 0.825265 0.000000 0.564746 0.884635 0.884635 0.884635
1727.554688 0.000000 1401.387451 0.000000 0.965510 0.000000 0.260365 0.958572 0.958572 0.958572
1703.085327 0.000000 1403.234497 0.000000 0.915241 0.000000 0.402907 0.922353 0.922353 0.922353
1695.331177 0.000000 1391.727051 0.000000 0.863521 0.000000 0.504313 0.915543 0.915543 0.915543
1693.986084 0.000000 1393.524902 0.000000 0.988167 0.000000 0.153379 0.959634 0.959634 0.959634
1682.817139 0.000000 1391.943604 0.000000 0.943051 0.000000 0.332647 0.900947 0.900947 0.900947
1681.147461 0.000000 1391.962891 0.000000 0.865213 0.000000 0.501404 0.863631 0.863631 0.863631
1713.069580 0.000000 1380.386108 0.000000 0.771005 0.000000 0.636829 0.644946 0.644946 0.644946
1683.020996 0.000000 1396.965698 0.000000 0.932965 0.000000 0.359966 0.906231 0.906231 0.906231
1699.531860 0.000000 1388.441528 0.000000 0.979501 0.000000 0.201438 0.941262 0.941262 0.941262
1700.641724 0.000000 1395.835083 0.000000 0.770749 0.000000 0.637138 0.560236 0.560236 0.560236
1719.278931 0.000000 1400.756348 0.000000 0.969754 0.000000 0.244085 0.843024 0.843024 0.843024
1680.526489 0.000000 1397.821777 0.000000 0.924030 0.000000 0.382320 0.904018 0.904018 0.904018
1701.078003 0.000000 1397.905762 0.000000 0.994741 0.000000 0.102427 0.934679 0.934679 0.934679
1713.630615 0.000000 1383.655029 0.000000 0.910985 0.000000 0.412440 0.807894 0.807894 0.807894
1712.355835 0.000000 1383.927856 0.000000 0.859476 0.000000 0.511176 0.757545 0.757545 0.757545
1711.328125 0.000000 1383.647827 0.000000 0.736267 0.000000 0.676691 0.743930 0.743930 0.743930
1720.307739 0.000000 1400.987671 0.000000 0.961147 0.000000 0.276038 0.931575 0.931575 0.931575
1693.635376 0.000000 1394.463135 0.000000 0.908221 0.000000 0.418492 0.873878 0.873878 0.873878
1720.996582 0.000000 1400.103394 0.000000 0.951850 0.000000 0.306564 0.923768 0.923768 0.923768
1726.052124 0.000000 1398.314087 0.000000 0.776114 0.000000 0.630592 0.834767 0.834767 0.834767
1712.121216 0.000000 1380.705566 0.000000 0.985021 0.000000 0.172437 0.910872 0.910872 0.910872
1701.612549 0.000000 1397.139282 0.000000 0.949486 0.000000 0.313811 0.796789 0.796789 0.796789
1696.460693 0.000000 1394.401245 0.000000 0.989092 0.000000 0.147301 0.957555 0.957555 0.957555
1699.596680 0.000000 1396.895386 0.000000 0.922678 0.000000 0.385572 0.748009 0.748009 0.748009
1677.776855 0.000000 1395.116333 0.000000 0.769822 0.000000 0.638259 0.815083 0.815083 0.815083
1699.240234 0.000000 1393.943481 0.000000 0.931676 0.000000 0.363289 0.863554 0.863554 0.863554
1705.265259 0.000000 1400.521484 0.000000 0.741169 0.000000 0.671318 0.761135 0.761135 0.761135
1717.765625 0.000000 1401.392212 0.000000 0.784422 0.000000 0.620227 0.589113 0.589113 0.589113
1751.673828 0.000000 1394.428345 0.000000 0.995421 0.000000 0.095583 0.989484 0.989484 0.989484
1753.707886 0.000000 1399.805664 0.000000 0.808641 0.000000 0.588302 0.992149 0.992149 0.992149
1767.941406 0.000000 1356.199341 0.000000 0.814333 0.000000 0.580398 0.953623 0.953623 0.953623
1746.959473 0.000000 1373.962769 0.000000 0.980856 0.000000 0.194733 0.997064 0.997064 0.997064
1767.417358 0.000000 1352.753906 0.000000 0.973565 0.000000 0.228409 0.953975 0.953975 0.953975
1770.505127 0.000000 1381.666382 0.000000 0.877760 0.000000 0.479100 0.940127 0.940127 0.940127
1747.368530 0.000000 1389.546509 0.000000 0.941550 0.000000 0.336872 0.963115 0.963115 0.963115
1729.896240 0.000000 1397.310303 0.000000 0.893825 0.000000 0.448416 0.983748 0.983748 0.983748
1746.127686 0.000000 1376.360474 0.000000 0.950465 0.000000 0.310831 0.972382 0.972382 0.972382
1749.323486 0.000000 1390.696045 0.000000 0.776040 0.000000 0.630683 0.853479 0.853479 0.853479
1750.452271 0.000000 1396.231689 0.000000 0.982836 0.000000 0.184484 0.943950 0.943950 0.943950
1762.613037 0.000000 1353.560913 0.000000 0.888977 0.000000 0.457952 0.960810 0.960810 0.960810
1763.999146 0.000000 1358.674927 0.000000 0.739429 0.000000 0.673235 0.710510 0.710510 0.710510
1774.437988 0.000000 1383.150879 0.000000 0.862958 0.000000 0.505276 0.936524 0.936524 0.936524
1751.374390 0.000000 1397.617554 0.000000 0.889815 0.000000 0.456321 0.856856 0.856856 0.856856
1764.278320 0.000000 1353.805420 0.000000 0.995468 0.000000 0.095102 0.971941 0.971941 0.971941
1751.453979 0.000000 1388.112305 0.000000 0.989345 0.000000 0.145589 0.969360 0.969360 0.969360
1763.194336 0.000000 1360.766113 0.000000 0.749276 0.000000 0.662258 0.904225 0.904225 0.904225
1744.008423 0.000000 1374.974243 0.000000 0.892939 0.000000 0.450177 0.843783 0.843783 0.843783
1742.157104 0.000000 1376.492920 0.000000 0.942929 0.000000 0.332995 0.908467 0.908467 0.908467
1763.468140 0.000000 1359.640015 0.000000 0.833159 0.000000 0.553034 0.770312 0.770312 0.770312
1748.890991 0.000000 1397.939209 0.000000 0.988441 0.000000 0.151608 0.958964 0.958964 0.958964
1764.988403 0.000000 1352.450806 0.000000 0.956094 0.000000 0.293059 0.912381 0.912381 0.912381
1772.945312 0.000000 1381.292725 0.000000 0.995360 0.000000 0.096224 0.962948 0.962948 0.962948
1748.776978 0.000000 1388.395630 0.000000 0.763644 0.000000 0.645637 0.745928 0.745928 0.745928
1710.140869 0.000000 1438.295532 0.000000 0.957420 0.000000 0.288698 0.953937 0.953937 0.953937
1707.747192 0.000000 1436.383545 0.000000 0.814074 0.000000 0.580761 0.907179 0.907179 0.907179
1703.352783 0.000000 1408.085938 0.000000 0.791852 0.000000 0.610713 0.808104 0.808104 0.808104
1720.498535 0.000000 1419.837402 0.000000 0.945766 0.000000 0.324849 0.981002 0.981002 0.981002
1706.958130 0.000000 1413.742920 0.000000 0.950314 0.000000 0.311293 0.940728 0.940728 0.940728
1714.479492 0.000000 1433.896729 0.000000 0.812055 0.000000 0.583580 0.863101 0.863101 0.863101
1700.594360 0.000000 1409.954712 0.000000 0.930020 0.000000 0.367508 0.919201 0.919201 0.919201
1711.189209 0.000000 1439.611084 0.000000 0.952511 0.000000 0.304505 0.951334 0.951334 0.951334
1719.039551 0.000000 1416.511230 0.000000 0.939211 0.000000 0.343340 0.929128 0.929128 0.929128
1709.118408 0.000000 1410.937988 0.000000 0.818257 0.000000 0.574853 0.697268 0.697268 0.697268
1709.994019 0.000000 1434.849731 0.000000 0.881353 0.000000 0.472458 0.904177 0.904177 0.904177
1709.427856 0.000000 1408.486450 0.000000 0.994192 0.000000 0.107624 0.944812 0.944812 0.944812
1707.598511 0.000000 1409.037598 0.000000 0.769758 0.000000 0.638335 0.775302 0.775302 0.775302
1706.013916 0.000000 1413.023315 0.000000 0.837063 0.000000 0.547107 0.891605 0.891605 0.891605
1708.604858 0.000000 1409.393921 0.000000 0.982128 0.000000 0.188215 0.903095 0.903095 0.903095
1700.498657 0.000000 1408.874023 0.000000 0.965851 0.000000 0.259100 0.943728 0.943728 0.943728
1703.293701 0.000000 1410.721680 0.000000 0.964114 0.000000 0.265487 0.875223 0.875223 0.875223
1709.382812 0.000000 1437.690063 0.000000 0.987445 0.000000 0.157963 0.953665 0.953665 0.953665
1721.770874 0.000000 1415.379639 0.000000 0.786794 0.000000 0.617216 0.805698 0.805698 0.805698
1693.382446 0.000000 1410.850708 0.000000 0.957731 0.000000 0.287666 0.919869 0.919869 0.919869
1720.646729 0.000000 1414.770386 0.000000 0.855686 0.000000 0.517496 0.841122 0.841122 0.841122
1792.100708 0.000000 1341.086426 0.000000 0.929962 0.000000 0.367656 0.994361 0.994361 0.994361
1792.934570 0.000000 1336.146240 0.000000 0.947462 0.000000 0.319867 0.982117 0.982117 0.982117
1792.010376 0.000000 1334.110107 0.000000 0.833870 0.000000 0.551961 0.916793 0.916793 0.916793
"}
object={
	name="reeds_01_generator_1_2"
	render_pass=Map
	clamp_to_water_level=no
	generated_content=yes
	layer="grass_layer"
	pdxmesh="reeds_01_tall_grass_mesh"
	count=1376
	transform="1576.809204 0.000000 1195.521362 0.000000 0.964882 0.000000 -0.262685 1.012608 1.012608 1.012608
1589.457520 0.000000 1191.845825 0.000000 0.376969 0.000000 -0.926226 1.041392 1.041392 1.041392
1583.181274 0.000000 1212.684937 0.000000 0.932468 0.000000 -0.361254 1.016610 1.016610 1.016610
1599.000488 0.000000 1214.940552 0.000000 0.059291 0.000000 -0.998241 1.116977 1.116977 1.116977
1579.321655 0.000000 1196.613647 0.000000 0.456548 0.000000 -0.889699 1.052021 1.052021 1.052021
1598.490112 0.000000 1213.001465 0.000000 0.739908 0.000000 -0.672709 1.152895 1.152895 1.152895
1574.425659 0.000000 1199.262695 0.000000 0.052358 0.000000 -0.998628 1.193331 1.193331 1.193331
1578.272705 0.000000 1195.659302 0.000000 0.005215 0.000000 -0.999986 1.207153 1.207153 1.207153
1581.421265 0.000000 1211.567749 0.000000 0.078340 0.000000 -0.996927 1.197467 1.197467 1.197467
1599.372925 0.000000 1213.857300 0.000000 0.999819 0.000000 0.019027 0.996057 0.996057 0.996057
1600.100708 0.000000 1213.086426 0.000000 0.397495 0.000000 -0.917605 1.493173 1.493173 1.493173
1652.455933 0.000000 1177.110718 0.000000 0.940170 0.000000 -0.340705 1.007812 1.007812 1.007812
1642.893677 0.000000 1173.241943 0.000000 0.485463 0.000000 -0.874257 1.010624 1.010624 1.010624
1644.443726 0.000000 1164.538574 0.000000 0.165769 0.000000 -0.986165 1.077128 1.077128 1.077128
1662.265503 0.000000 1162.700684 0.000000 0.861540 0.000000 -0.507690 1.139589 1.139589 1.139589
1662.278442 0.000000 1167.923340 0.000000 0.940940 0.000000 -0.338573 1.072434 1.072434 1.072434
1603.786621 0.000000 1213.274048 0.000000 0.966085 0.000000 -0.258226 1.043036 1.043036 1.043036
1648.406372 0.000000 1177.438843 0.000000 0.153459 0.000000 -0.988155 1.240511 1.240511 1.240511
1603.059570 0.000000 1187.984131 0.000000 0.999554 0.000000 -0.029872 1.002611 1.002611 1.002611
1603.198608 0.000000 1184.385498 0.000000 0.591554 0.000000 -0.806265 1.124088 1.124088 1.124088
1643.660767 0.000000 1170.414185 0.000000 0.690421 0.000000 -0.723408 1.030285 1.030285 1.030285
1663.945312 0.000000 1173.680908 0.000000 0.587528 0.000000 -0.809204 1.037660 1.037660 1.037660
1645.479858 0.000000 1175.074219 0.000000 0.275477 0.000000 -0.961308 1.512746 1.512746 1.512746
1605.270386 0.000000 1187.638672 0.000000 0.224137 0.000000 -0.974558 1.067144 1.067144 1.067144
1659.502441 0.000000 1163.604736 0.000000 0.038961 0.000000 -0.999241 1.122377 1.122377 1.122377
1608.783936 0.000000 1215.134644 0.000000 0.106113 0.000000 -0.994354 1.592297 1.592297 1.592297
1663.129150 0.000000 1165.933594 0.000000 0.515826 0.000000 -0.856693 1.146405 1.146405 1.146405
1609.032959 0.000000 1212.223755 0.000000 0.935019 0.000000 -0.354597 1.046153 1.046153 1.046153
1618.067749 0.000000 1215.289062 0.000000 0.001850 0.000000 -0.999998 1.137093 1.137093 1.137093
1662.291382 0.000000 1174.420898 0.000000 0.590078 0.000000 -0.807346 1.288540 1.288540 1.288540
1646.770508 0.000000 1177.830444 0.000000 0.991628 0.000000 -0.129125 1.026831 1.026831 1.026831
1602.395874 0.000000 1185.891602 0.000000 0.795258 0.000000 -0.606271 1.086186 1.086186 1.086186
1663.485229 0.000000 1163.846680 0.000000 0.490325 0.000000 -0.871540 1.277429 1.277429 1.277429
1648.736084 0.000000 1179.160278 0.000000 0.798837 0.000000 -0.601548 1.107961 1.107961 1.107961
1607.055786 0.000000 1215.286621 0.000000 0.450062 0.000000 -0.892998 1.143317 1.143317 1.143317
1645.431519 0.000000 1163.395508 0.000000 0.604835 0.000000 -0.796351 1.119596 1.119596 1.119596
1661.105103 0.000000 1163.677368 0.000000 0.845129 0.000000 -0.534563 1.166147 1.166147 1.166147
1602.432129 0.000000 1213.877930 0.000000 0.618452 0.000000 -0.785822 1.148958 1.148958 1.148958
1649.625854 0.000000 1176.779297 0.000000 0.890860 0.000000 -0.454277 1.080055 1.080055 1.080055
1660.343384 0.000000 1162.588379 0.000000 0.686670 0.000000 -0.726969 1.239768 1.239768 1.239768
1663.466797 0.000000 1167.216064 0.000000 0.767611 0.000000 -0.640917 1.145894 1.145894 1.145894
1661.868164 0.000000 1166.289673 0.000000 0.015590 0.000000 -0.999878 1.423208 1.423208 1.423208
1601.275391 0.000000 1210.220825 0.000000 0.682356 0.000000 -0.731020 1.112569 1.112569 1.112569
1603.138306 0.000000 1212.199707 0.000000 0.999224 0.000000 0.039390 0.993508 0.993508 0.993508
1646.758911 0.000000 1163.062744 0.000000 0.865057 0.000000 -0.501674 1.099713 1.099713 1.099713
1649.353516 0.000000 1178.093872 0.000000 0.143382 0.000000 -0.989667 1.238679 1.238679 1.238679
1645.383911 0.000000 1171.356079 0.000000 0.797801 0.000000 -0.602921 1.164797 1.164797 1.164797
1647.467041 0.000000 1176.886108 0.000000 0.987005 0.000000 -0.160687 1.033441 1.033441 1.033441
1657.217529 0.000000 1174.785767 0.000000 0.892220 0.000000 -0.451602 1.198863 1.198863 1.198863
1661.377075 0.000000 1167.521118 0.000000 0.552600 0.000000 -0.833446 1.268128 1.268128 1.268128
1656.115845 0.000000 1175.279053 0.000000 0.934664 0.000000 -0.355531 1.154267 1.154267 1.154267
1661.287720 0.000000 1162.775269 0.000000 0.981070 0.000000 -0.193653 1.057412 1.057412 1.057412
1663.220703 0.000000 1174.440796 0.000000 0.989609 0.000000 -0.143785 1.044306 1.044306 1.044306
1663.852905 0.000000 1163.033447 0.000000 0.996386 0.000000 -0.084936 1.022292 1.022292 1.022292
1609.552612 0.000000 1215.448364 0.000000 0.544274 0.000000 -0.838907 1.402529 1.402529 1.402529
1564.366943 0.000000 1223.669678 0.000000 0.731588 0.000000 -0.681747 1.014982 1.014982 1.014982
1571.523926 0.000000 1227.150513 0.000000 0.980729 0.000000 -0.195375 1.043201 1.043201 1.043201
1597.275879 0.000000 1252.162109 0.000000 0.951641 0.000000 -0.307214 1.052232 1.052232 1.052232
1583.949219 0.000000 1263.976807 0.000000 0.402622 0.000000 -0.915366 1.057741 1.057741 1.057741
1566.775513 0.000000 1227.332642 0.000000 0.993911 0.000000 -0.110182 1.018468 1.018468 1.018468
1568.448853 0.000000 1233.080078 0.000000 0.963189 0.000000 -0.268824 1.148129 1.148129 1.148129
1580.753296 0.000000 1220.234131 0.000000 0.995784 0.000000 -0.091734 1.002293 1.002293 1.002293
1579.523193 0.000000 1256.381348 0.000000 0.920699 0.000000 -0.390273 1.177166 1.177166 1.177166
1569.075317 0.000000 1224.515991 0.000000 0.704594 0.000000 -0.709611 1.068937 1.068937 1.068937
1578.376709 0.000000 1267.435547 0.000000 0.999984 0.000000 0.005587 0.999149 0.999149 0.999149
1593.270386 0.000000 1277.388550 0.000000 0.724466 0.000000 -0.689310 1.157593 1.157593 1.157593
1580.305664 0.000000 1216.071289 0.000000 0.671612 0.000000 -0.740903 1.016665 1.016665 1.016665
1587.167358 0.000000 1226.150757 0.000000 0.400194 0.000000 -0.916431 1.101278 1.101278 1.101278
1589.457520 0.000000 1255.845825 0.000000 0.619445 0.000000 -0.785040 1.274962 1.274962 1.274962
1591.016235 0.000000 1265.444336 0.000000 0.982314 0.000000 -0.187243 1.004232 1.004232 1.004232
1595.566895 0.000000 1254.746704 0.000000 0.990871 0.000000 -0.134813 1.030383 1.030383 1.030383
1581.360352 0.000000 1262.471802 0.000000 0.987449 0.000000 -0.157937 1.046327 1.046327 1.046327
1576.175781 0.000000 1262.330444 0.000000 0.009184 0.000000 -0.999958 1.198831 1.198831 1.198831
1571.974487 0.000000 1224.327515 0.000000 0.706195 0.000000 -0.708018 1.070704 1.070704 1.070704
1579.321655 0.000000 1260.613647 0.000000 0.812358 0.000000 -0.583160 1.272017 1.272017 1.272017
1571.569336 0.000000 1234.871094 0.000000 0.898428 0.000000 -0.439120 1.021565 1.021565 1.021565
1590.357178 0.000000 1253.203247 0.000000 0.801988 0.000000 -0.597341 1.084707 1.084707 1.084707
1582.050293 0.000000 1256.694336 0.000000 0.999251 0.000000 -0.038706 1.003866 1.003866 1.003866
1593.340332 0.000000 1253.163208 0.000000 0.076203 0.000000 -0.997092 1.406694 1.406694 1.406694
1569.140991 0.000000 1226.909058 0.000000 0.019666 0.000000 -0.999807 1.302053 1.302053 1.302053
1592.013306 0.000000 1230.074585 0.000000 0.456501 0.000000 -0.889723 1.043809 1.043809 1.043809
1576.944580 0.000000 1265.631714 0.000000 0.516068 0.000000 -0.856547 1.041085 1.041085 1.041085
1585.723877 0.000000 1217.977539 0.000000 0.548519 0.000000 -0.836138 1.046970 1.046970 1.046970
1593.202637 0.000000 1279.846680 0.000000 0.673606 0.000000 -0.739090 1.458890 1.458890 1.458890
1574.786133 0.000000 1260.402954 0.000000 0.023835 0.000000 -0.999716 1.185379 1.185379 1.185379
1570.254395 0.000000 1231.647949 0.000000 0.190660 0.000000 -0.981656 1.471642 1.471642 1.471642
1568.390747 0.000000 1235.296997 0.000000 0.689840 0.000000 -0.723962 1.286986 1.286986 1.286986
1580.927124 0.000000 1254.741455 0.000000 0.252141 0.000000 -0.967690 1.137979 1.137979 1.137979
1579.191650 0.000000 1258.497803 0.000000 0.663980 0.000000 -0.747750 1.537732 1.537732 1.537732
1585.481201 0.000000 1227.448608 0.000000 0.295400 0.000000 -0.955374 1.117398 1.117398 1.117398
1564.762695 0.000000 1226.758423 0.000000 0.496736 0.000000 -0.867902 1.377824 1.377824 1.377824
1565.637451 0.000000 1229.138672 0.000000 0.028344 0.000000 -0.999598 1.412035 1.412035 1.412035
1595.333130 0.000000 1252.601440 0.000000 0.685242 0.000000 -0.728315 1.254604 1.254604 1.254604
1571.213013 0.000000 1229.156372 0.000000 0.365618 0.000000 -0.930765 1.418197 1.418197 1.418197
1579.334839 0.000000 1265.788086 0.000000 0.989387 0.000000 -0.145307 1.054608 1.054608 1.054608
1577.965454 0.000000 1261.952026 0.000000 0.267472 0.000000 -0.963566 1.366751 1.366751 1.366751
1589.953491 0.000000 1261.046875 0.000000 0.295401 0.000000 -0.955373 1.453727 1.453727 1.453727
1580.415771 0.000000 1267.165283 0.000000 0.750775 0.000000 -0.660558 1.100879 1.100879 1.100879
1567.678101 0.000000 1228.877808 0.000000 0.495294 0.000000 -0.868725 1.459887 1.459887 1.459887
1588.341431 0.000000 1254.448364 0.000000 0.807334 0.000000 -0.590095 1.192243 1.192243 1.192243
1580.390747 0.000000 1263.976685 0.000000 0.728371 0.000000 -0.685183 1.220490 1.220490 1.220490
1571.999146 0.000000 1230.674927 0.000000 0.998849 0.000000 0.047958 0.983591 0.983591 0.983591
1579.594482 0.000000 1262.355225 0.000000 0.577371 0.000000 -0.816482 1.338660 1.338660 1.338660
1581.077515 0.000000 1260.800903 0.000000 0.902303 0.000000 -0.431102 1.159122 1.159122 1.159122
1568.616577 0.000000 1231.394165 0.000000 0.999939 0.000000 -0.011019 1.003769 1.003769 1.003769
1582.590210 0.000000 1216.062866 0.000000 0.824394 0.000000 -0.566016 1.072100 1.072100 1.072100
1566.382446 0.000000 1235.266479 0.000000 0.902964 0.000000 -0.429717 1.151921 1.151921 1.151921
1562.881592 0.000000 1234.807617 0.000000 0.052275 0.000000 -0.998633 1.197132 1.197132 1.197132
1572.716919 0.000000 1228.145874 0.000000 0.845629 0.000000 -0.533771 1.049199 1.049199 1.049199
1597.038696 0.000000 1255.259399 0.000000 0.454203 0.000000 -0.890898 1.137225 1.137225 1.137225
1583.599487 0.000000 1256.627686 0.000000 0.997872 0.000000 -0.065203 1.006516 1.006516 1.006516
1570.233521 0.000000 1227.983154 0.000000 0.696048 0.000000 -0.717996 1.175959 1.175959 1.175959
1562.899780 0.000000 1224.076050 0.000000 0.988359 0.000000 -0.152138 1.035080 1.035080 1.035080
1591.795654 0.000000 1252.659180 0.000000 0.039485 0.000000 -0.999220 1.202617 1.202617 1.202617
1587.899902 0.000000 1260.841675 0.000000 0.912072 0.000000 -0.410031 1.040081 1.040081 1.040081
1593.956909 0.000000 1254.532104 0.000000 0.999918 0.000000 0.012801 0.997188 0.997188 0.997188
1593.581177 0.000000 1251.667358 0.000000 0.967866 0.000000 -0.251468 1.028558 1.028558 1.028558
1562.037964 0.000000 1228.972778 0.000000 0.586285 0.000000 -0.810105 1.139096 1.139096 1.139096
1596.508667 0.000000 1253.530640 0.000000 0.355862 0.000000 -0.934538 1.201887 1.201887 1.201887
1592.223145 0.000000 1254.162476 0.000000 0.592012 0.000000 -0.805929 1.205909 1.205909 1.205909
1595.242676 0.000000 1277.629883 0.000000 0.966943 0.000000 -0.254994 1.034117 1.034117 1.034117
1580.306641 0.000000 1259.503418 0.000000 0.040418 0.000000 -0.999183 1.687714 1.687714 1.687714
1591.302124 0.000000 1228.822021 0.000000 0.974949 0.000000 -0.222429 1.023520 1.023520 1.023520
1594.149780 0.000000 1278.476440 0.000000 0.875204 0.000000 -0.483754 1.236993 1.236993 1.236993
1581.118408 0.000000 1218.937988 0.000000 0.730019 0.000000 -0.683427 1.086412 1.086412 1.086412
1583.739258 0.000000 1220.880127 0.000000 0.321257 0.000000 -0.946992 1.173883 1.173883 1.173883
1578.184570 0.000000 1265.112427 0.000000 0.879519 0.000000 -0.475863 1.185723 1.185723 1.185723
1577.400024 0.000000 1263.129883 0.000000 0.999673 0.000000 0.025588 0.996742 0.996742 0.996742
1564.377563 0.000000 1229.503784 0.000000 0.300189 0.000000 -0.953880 1.338162 1.338162 1.338162
1568.053711 0.000000 1227.611572 0.000000 0.993984 0.000000 -0.109523 1.021370 1.021370 1.021370
1590.045654 0.000000 1262.477417 0.000000 0.197043 0.000000 -0.980395 1.311803 1.311803 1.311803
1577.802002 0.000000 1258.403442 0.000000 0.931810 0.000000 -0.362947 1.159494 1.159494 1.159494
1563.425415 0.000000 1226.912231 0.000000 0.067454 0.000000 -0.997722 1.536685 1.536685 1.536685
1582.214478 0.000000 1261.538452 0.000000 0.961069 0.000000 -0.276310 1.037042 1.037042 1.037042
1571.194336 0.000000 1232.766113 0.000000 0.421559 0.000000 -0.906801 1.204132 1.204132 1.204132
1576.177490 0.000000 1256.694092 0.000000 0.036137 0.000000 -0.999347 1.241374 1.241374 1.241374
1578.687744 0.000000 1257.352295 0.000000 0.999920 0.000000 0.012622 0.994422 0.994422 0.994422
1563.887695 0.000000 1224.825806 0.000000 0.566997 0.000000 -0.823720 1.222319 1.222319 1.222319
1565.170532 0.000000 1234.592041 0.000000 0.967205 0.000000 -0.253997 1.039751 1.039751 1.039751
1577.650391 0.000000 1260.762573 0.000000 0.884621 0.000000 -0.466311 1.136856 1.136856 1.136856
1568.202393 0.000000 1230.229004 0.000000 0.403583 0.000000 -0.914943 1.395167 1.395167 1.395167
1591.984619 0.000000 1279.980347 0.000000 0.938938 0.000000 -0.344088 1.066648 1.066648 1.066648
1590.071899 0.000000 1256.850342 0.000000 0.956919 0.000000 -0.290356 1.108851 1.108851 1.108851
1590.421997 0.000000 1259.978638 0.000000 0.198419 0.000000 -0.980117 1.338867 1.338867 1.338867
1570.422119 0.000000 1226.809570 0.000000 0.029093 0.000000 -0.999577 1.338706 1.338706 1.338706
1566.563354 0.000000 1228.482788 0.000000 0.454029 0.000000 -0.890987 1.480373 1.480373 1.480373
1591.514038 0.000000 1258.449585 0.000000 0.028131 0.000000 -0.999604 1.381282 1.381282 1.381282
1593.081909 0.000000 1278.748047 0.000000 0.946140 0.000000 -0.323758 1.181907 1.181907 1.181907
1565.716797 0.000000 1227.537109 0.000000 0.526031 0.000000 -0.850466 1.365568 1.365568 1.365568
1580.155151 0.000000 1261.414795 0.000000 0.734295 0.000000 -0.678830 1.266387 1.266387 1.266387
1582.711792 0.000000 1218.223633 0.000000 0.791600 0.000000 -0.611040 1.249457 1.249457 1.249457
1579.817627 0.000000 1257.424805 0.000000 0.505111 0.000000 -0.863054 1.460133 1.460133 1.460133
1566.846436 0.000000 1229.559692 0.000000 0.193224 0.000000 -0.981155 1.601321 1.601321 1.601321
1569.506836 0.000000 1230.737183 0.000000 0.999998 0.000000 0.001797 0.999385 0.999385 0.999385
1583.731934 0.000000 1219.530884 0.000000 0.945975 0.000000 -0.324240 1.125306 1.125306 1.125306
1588.792480 0.000000 1256.725708 0.000000 0.998559 0.000000 -0.053668 1.017695 1.017695 1.017695
1588.916504 0.000000 1261.242188 0.000000 0.765368 0.000000 -0.643593 1.249613 1.249613 1.249613
1566.978394 0.000000 1233.286743 0.000000 0.668201 0.000000 -0.743981 1.222030 1.222030 1.222030
1581.245728 0.000000 1263.464111 0.000000 0.220240 0.000000 -0.975446 1.393960 1.393960 1.393960
1567.968628 0.000000 1232.200562 0.000000 0.612606 0.000000 -0.790389 1.241199 1.241199 1.241199
1581.043457 0.000000 1258.827881 0.000000 0.521660 0.000000 -0.853154 1.459265 1.459265 1.459265
1594.711060 0.000000 1255.259644 0.000000 0.998989 0.000000 0.044960 0.989894 0.989894 0.989894
1579.213623 0.000000 1259.478027 0.000000 0.595791 0.000000 -0.803139 1.593677 1.593677 1.593677
1588.927490 0.000000 1258.694702 0.000000 0.273038 0.000000 -0.962003 1.319884 1.319884 1.319884
1588.498657 0.000000 1255.739746 0.000000 0.925976 0.000000 -0.377582 1.117928 1.117928 1.117928
1562.692749 0.000000 1227.730713 0.000000 0.667407 0.000000 -0.744693 1.299912 1.299912 1.299912
1580.128540 0.000000 1258.527344 0.000000 0.450607 0.000000 -0.892722 1.495823 1.495823 1.495823
1564.075439 0.000000 1227.584106 0.000000 0.014324 0.000000 -0.999897 1.559556 1.559556 1.559556
1581.055054 0.000000 1256.963379 0.000000 0.593560 0.000000 -0.804790 1.375947 1.375947 1.375947
1567.512451 0.000000 1231.424316 0.000000 0.519371 0.000000 -0.854549 1.309538 1.309538 1.309538
1568.480103 0.000000 1229.244995 0.000000 0.241868 0.000000 -0.970309 1.460324 1.460324 1.460324
1582.005981 0.000000 1218.794800 0.000000 0.665558 0.000000 -0.746347 1.319729 1.319729 1.319729
1591.834839 0.000000 1255.344116 0.000000 0.497808 0.000000 -0.867287 1.359035 1.359035 1.359035
1571.353027 0.000000 1230.060059 0.000000 0.076216 0.000000 -0.997091 1.511162 1.511162 1.511162
1589.334229 0.000000 1260.407593 0.000000 0.586047 0.000000 -0.810277 1.337237 1.337237 1.337237
1568.232422 0.000000 1233.957031 0.000000 0.444219 0.000000 -0.895918 1.604383 1.604383 1.604383
1589.020630 0.000000 1255.014404 0.000000 0.304577 0.000000 -0.952488 1.384166 1.384166 1.384166
1566.643188 0.000000 1231.372070 0.000000 0.998745 0.000000 -0.050092 1.015138 1.015138 1.015138
1581.854126 0.000000 1258.434814 0.000000 0.998170 0.000000 0.060471 0.972809 0.972809 0.972809
1581.118042 0.000000 1259.955444 0.000000 0.945005 0.000000 -0.327055 1.149726 1.149726 1.149726
1580.959717 0.000000 1261.703125 0.000000 0.238761 0.000000 -0.971078 1.474714 1.474714 1.474714
1595.219238 0.000000 1279.990479 0.000000 0.182482 0.000000 -0.983209 1.651124 1.651124 1.651124
1569.238403 0.000000 1235.073730 0.000000 0.007672 0.000000 -0.999971 1.554143 1.554143 1.554143
1580.269165 0.000000 1256.704224 0.000000 0.322724 0.000000 -0.946493 1.499291 1.499291 1.499291
1590.035400 0.000000 1255.240234 0.000000 0.992727 0.000000 -0.120388 1.041276 1.041276 1.041276
1592.452637 0.000000 1279.310303 0.000000 0.834678 0.000000 -0.550739 1.321800 1.321800 1.321800
1570.969116 0.000000 1230.997070 0.000000 0.703400 0.000000 -0.710794 1.270416 1.270416 1.270416
1601.974854 0.000000 1259.022827 0.000000 0.998187 0.000000 0.060183 0.995039 0.995039 0.995039
1621.573120 0.000000 1216.357666 0.000000 0.766181 0.000000 -0.642625 1.203859 1.203859 1.203859
1611.373291 0.000000 1253.818604 0.000000 0.522928 0.000000 -0.852377 1.303184 1.303184 1.303184
1630.703125 0.000000 1264.679688 0.000000 0.133842 0.000000 -0.991003 1.136284 1.136284 1.136284
1608.257080 0.000000 1259.504028 0.000000 0.933871 0.000000 -0.357610 1.157037 1.157037 1.157037
1613.640869 0.000000 1265.921997 0.000000 0.001971 0.000000 -0.999998 1.587497 1.587497 1.587497
1634.333984 0.000000 1267.662842 0.000000 0.999304 0.000000 0.037292 0.979047 0.979047 0.979047
1604.492310 0.000000 1269.102539 0.000000 0.989786 0.000000 -0.142559 1.016070 1.016070 1.016070
1600.331177 0.000000 1254.835327 0.000000 0.930498 0.000000 -0.366296 1.091754 1.091754 1.091754
1611.433594 0.000000 1257.447021 0.000000 0.837574 0.000000 -0.546324 1.105334 1.105334 1.105334
1612.040161 0.000000 1269.247681 0.000000 0.996118 0.000000 -0.088024 1.013643 1.013643 1.013643
1619.875366 0.000000 1221.113403 0.000000 0.960436 0.000000 -0.278503 1.019024 1.019024 1.019024
1605.248779 0.000000 1257.675903 0.000000 0.038610 0.000000 -0.999254 1.501095 1.501095 1.501095
1631.157227 0.000000 1268.205078 0.000000 0.223382 0.000000 -0.974731 1.376224 1.376224 1.376224
1631.928833 0.000000 1279.411377 0.000000 0.313370 0.000000 -0.949631 1.218807 1.218807 1.218807
1604.930786 0.000000 1260.693970 0.000000 0.999627 0.000000 0.027303 0.990592 0.990592 0.990592
1610.833252 0.000000 1263.841553 0.000000 0.242565 0.000000 -0.970135 1.185354 1.185354 1.185354
1615.138184 0.000000 1269.559326 0.000000 0.475617 0.000000 -0.879653 1.187888 1.187888 1.187888
1635.784912 0.000000 1265.119385 0.000000 0.813967 0.000000 -0.580912 1.208910 1.208910 1.208910
1602.896973 0.000000 1256.012817 0.000000 0.995795 0.000000 -0.091605 1.029772 1.029772 1.029772
1611.019165 0.000000 1238.267700 0.000000 0.993869 0.000000 -0.110563 1.015489 1.015489 1.015489
1607.254761 0.000000 1268.158447 0.000000 0.513831 0.000000 -0.857892 1.079804 1.079804 1.079804
1603.063721 0.000000 1266.984985 0.000000 0.986889 0.000000 -0.161401 1.009308 1.009308 1.009308
1620.695923 0.000000 1218.732422 0.000000 0.814277 0.000000 -0.580476 1.170076 1.170076 1.170076
1609.663330 0.000000 1261.650024 0.000000 0.803908 0.000000 -0.594754 1.195595 1.195595 1.195595
1632.939941 0.000000 1265.623413 0.000000 0.879098 0.000000 -0.476640 1.076902 1.076902 1.076902
1635.754761 0.000000 1275.327393 0.000000 0.998848 0.000000 0.047981 0.989455 0.989455 0.989455
1630.371948 0.000000 1277.639160 0.000000 0.985328 0.000000 -0.170671 1.010705 1.010705 1.010705
1637.227295 0.000000 1266.910278 0.000000 0.999702 0.000000 0.024395 0.992143 0.992143 0.992143
1613.959351 0.000000 1243.320801 0.000000 0.966344 0.000000 -0.257255 1.137705 1.137705 1.137705
1610.508667 0.000000 1259.506348 0.000000 0.997490 0.000000 -0.070810 1.006546 1.006546 1.006546
1632.913086 0.000000 1269.532227 0.000000 0.752408 0.000000 -0.658697 1.183114 1.183114 1.183114
1609.366089 0.000000 1217.546997 0.000000 0.985942 0.000000 -0.167087 1.031014 1.031014 1.031014
1600.955444 0.000000 1252.559326 0.000000 0.295862 0.000000 -0.955231 1.171272 1.171272 1.171272
1631.389893 0.000000 1274.043213 0.000000 0.155842 0.000000 -0.987782 1.084742 1.084742 1.084742
1614.805176 0.000000 1239.727051 0.000000 0.533530 0.000000 -0.845781 1.065431 1.065431 1.065431
1606.899170 0.000000 1264.676880 0.000000 0.593873 0.000000 -0.804559 1.184394 1.184394 1.184394
1636.948608 0.000000 1270.992920 0.000000 0.793957 0.000000 -0.607974 1.154994 1.154994 1.154994
1616.616943 0.000000 1217.732422 0.000000 0.989493 0.000000 -0.144584 1.010505 1.010505 1.010505
1607.172241 0.000000 1257.840332 0.000000 0.632820 0.000000 -0.774299 1.196775 1.196775 1.196775
1611.952393 0.000000 1242.527100 0.000000 0.400675 0.000000 -0.916220 1.323944 1.323944 1.323944
1608.723267 0.000000 1264.026245 0.000000 0.887361 0.000000 -0.461076 1.089727 1.089727 1.089727
1606.542847 0.000000 1269.876343 0.000000 0.962347 0.000000 -0.271824 1.021305 1.021305 1.021305
1603.909058 0.000000 1259.003174 0.000000 0.198168 0.000000 -0.980168 1.455330 1.455330 1.455330
1633.143066 0.000000 1272.294189 0.000000 0.236264 0.000000 -0.971689 1.339262 1.339262 1.339262
1634.207031 0.000000 1264.348877 0.000000 0.614056 0.000000 -0.789262 1.306568 1.306568 1.306568
1615.082520 0.000000 1264.763550 0.000000 0.340955 0.000000 -0.940080 1.189282 1.189282 1.189282
1634.795044 0.000000 1269.434814 0.000000 0.760882 0.000000 -0.648890 1.370204 1.370204 1.370204
1605.992065 0.000000 1259.308350 0.000000 0.653447 0.000000 -0.756973 1.482334 1.482334 1.482334
1623.963623 0.000000 1216.739014 0.000000 0.229456 0.000000 -0.973319 1.187240 1.187240 1.187240
1629.391968 0.000000 1268.928101 0.000000 0.130737 0.000000 -0.991417 1.186900 1.186900 1.186900
1605.232544 0.000000 1264.369995 0.000000 0.556860 0.000000 -0.830606 1.112567 1.112567 1.112567
1605.454712 0.000000 1267.761597 0.000000 0.467804 0.000000 -0.883832 1.202968 1.202968 1.202968
1619.932861 0.000000 1216.023193 0.000000 0.116257 0.000000 -0.993219 1.359436 1.359436 1.359436
1610.083374 0.000000 1265.289062 0.000000 0.999610 0.000000 -0.027937 1.007952 1.007952 1.007952
1614.718994 0.000000 1241.929077 0.000000 0.177094 0.000000 -0.984194 1.285122 1.285122 1.285122
1637.061157 0.000000 1264.071411 0.000000 0.095864 0.000000 -0.995394 1.346096 1.346096 1.346096
1635.677246 0.000000 1266.671143 0.000000 0.020261 0.000000 -0.999795 1.870971 1.870971 1.870971
1602.832031 0.000000 1257.595947 0.000000 0.653690 0.000000 -0.756762 1.278577 1.278577 1.278577
1611.160522 0.000000 1262.311768 0.000000 0.981461 0.000000 -0.191660 1.026962 1.026962 1.026962
1622.258545 0.000000 1217.857422 0.000000 0.847515 0.000000 -0.530771 1.078223 1.078223 1.078223
1604.005371 0.000000 1261.927246 0.000000 0.921896 0.000000 -0.387436 1.137068 1.137068 1.137068
1623.153198 0.000000 1219.806274 0.000000 0.984859 0.000000 -0.173356 1.022619 1.022619 1.022619
1603.979126 0.000000 1253.181274 0.000000 0.906852 0.000000 -0.421450 1.072769 1.072769 1.072769
1634.312744 0.000000 1266.146851 0.000000 0.036927 0.000000 -0.999318 1.861606 1.861606 1.861606
1612.657227 0.000000 1262.532104 0.000000 0.860223 0.000000 -0.509918 1.080153 1.080153 1.080153
1608.545776 0.000000 1267.398926 0.000000 0.715566 0.000000 -0.698545 1.077229 1.077229 1.077229
1611.665649 0.000000 1243.936401 0.000000 0.905909 0.000000 -0.423473 1.122268 1.122268 1.122268
1603.444458 0.000000 1260.375488 0.000000 0.321001 0.000000 -0.947079 1.158392 1.158392 1.158392
1611.022705 0.000000 1239.688110 0.000000 0.425282 0.000000 -0.905061 1.158194 1.158194 1.158194
1628.114624 0.000000 1269.463867 0.000000 0.315903 0.000000 -0.948792 1.162196 1.162196 1.162196
1637.420410 0.000000 1265.497803 0.000000 0.911203 0.000000 -0.411958 1.099644 1.099644 1.099644
1612.361084 0.000000 1254.780273 0.000000 0.141883 0.000000 -0.989883 1.374446 1.374446 1.374446
1614.655762 0.000000 1266.848022 0.000000 0.383444 0.000000 -0.923564 1.243947 1.243947 1.243947
1609.628906 0.000000 1263.043335 0.000000 0.915129 0.000000 -0.403161 1.061123 1.061123 1.061123
1615.686157 0.000000 1265.955078 0.000000 0.954978 0.000000 -0.296677 1.046623 1.046623 1.046623
1635.616699 0.000000 1268.003174 0.000000 0.318530 0.000000 -0.947913 1.653571 1.653571 1.653571
1635.731201 0.000000 1270.437866 0.000000 0.373786 0.000000 -0.927515 1.613791 1.613791 1.613791
1636.083862 0.000000 1273.911743 0.000000 0.981236 0.000000 -0.192813 1.031970 1.031970 1.031970
1632.580811 0.000000 1274.830444 0.000000 0.978918 0.000000 -0.204252 1.039029 1.039029 1.039029
1610.675415 0.000000 1241.960693 0.000000 0.933256 0.000000 -0.359211 1.077970 1.077970 1.077970
1631.649048 0.000000 1269.443359 0.000000 0.995828 0.000000 -0.091248 1.025550 1.025550 1.025550
1608.531372 0.000000 1262.321045 0.000000 0.441804 0.000000 -0.897112 1.163969 1.163969 1.163969
1632.464355 0.000000 1273.398193 0.000000 0.971995 0.000000 -0.235003 1.060408 1.060408 1.060408
1601.954346 0.000000 1255.116089 0.000000 0.318281 0.000000 -0.947996 1.305064 1.305064 1.305064
1613.185913 0.000000 1253.324097 0.000000 0.074209 0.000000 -0.997243 1.317571 1.317571 1.317571
1605.232666 0.000000 1256.435547 0.000000 0.910311 0.000000 -0.413925 1.139572 1.139572 1.139572
1612.912964 0.000000 1244.006958 0.000000 0.773456 0.000000 -0.633850 1.135401 1.135401 1.135401
1637.734009 0.000000 1271.925903 0.000000 0.503405 0.000000 -0.864051 1.247432 1.247432 1.247432
1609.376831 0.000000 1258.915527 0.000000 0.939264 0.000000 -0.343196 1.150429 1.150429 1.150429
1634.910522 0.000000 1274.278687 0.000000 0.984556 0.000000 -0.175067 1.038661 1.038661 1.038661
1609.325439 0.000000 1256.399536 0.000000 0.704247 0.000000 -0.709955 1.195115 1.195115 1.195115
1612.084595 0.000000 1268.040894 0.000000 0.267909 0.000000 -0.963444 1.201156 1.201156 1.201156
1631.452271 0.000000 1278.233398 0.000000 0.860178 0.000000 -0.509994 1.093527 1.093527 1.093527
1603.701172 0.000000 1254.429321 0.000000 0.947837 0.000000 -0.318754 1.095570 1.095570 1.095570
1607.099854 0.000000 1259.729614 0.000000 0.957788 0.000000 -0.287477 1.147778 1.147778 1.147778
1613.694458 0.000000 1239.203491 0.000000 0.574426 0.000000 -0.818557 1.196302 1.196302 1.196302
1610.366821 0.000000 1256.944214 0.000000 0.781521 0.000000 -0.623879 1.122780 1.122780 1.122780
1632.897461 0.000000 1278.758179 0.000000 0.810081 0.000000 -0.586318 1.117308 1.117308 1.117308
1621.116455 0.000000 1217.511841 0.000000 0.930868 0.000000 -0.365357 1.109249 1.109249 1.109249
1606.470215 0.000000 1261.967896 0.000000 0.880961 0.000000 -0.473189 1.182124 1.182124 1.182124
1608.309326 0.000000 1254.511841 0.000000 0.569658 0.000000 -0.821882 1.211942 1.211942 1.211942
1631.654541 0.000000 1266.868774 0.000000 0.622561 0.000000 -0.782572 1.336579 1.336579 1.336579
1634.101440 0.000000 1273.003662 0.000000 0.837969 0.000000 -0.545719 1.213286 1.213286 1.213286
1604.867310 0.000000 1259.542969 0.000000 0.702705 0.000000 -0.711481 1.444662 1.444662 1.444662
1607.534180 0.000000 1265.571777 0.000000 0.465742 0.000000 -0.884920 1.214252 1.214252 1.214252
1607.305176 0.000000 1256.321533 0.000000 0.247955 0.000000 -0.968772 1.293345 1.293345 1.293345
1611.337036 0.000000 1255.156128 0.000000 0.987473 0.000000 -0.157786 1.059336 1.059336 1.059336
1632.230591 0.000000 1268.484497 0.000000 0.930603 0.000000 -0.366031 1.095427 1.095427 1.095427
1633.800293 0.000000 1278.169800 0.000000 0.086088 0.000000 -0.996288 1.277978 1.277978 1.277978
1636.468018 0.000000 1265.957520 0.000000 0.602129 0.000000 -0.798399 1.216988 1.216988 1.216988
1636.641724 0.000000 1267.835083 0.000000 0.808652 0.000000 -0.588287 1.202553 1.202553 1.202553
1606.449219 0.000000 1265.716553 0.000000 0.160363 0.000000 -0.987058 1.278039 1.278039 1.278039
1630.517212 0.000000 1269.046997 0.000000 0.998633 0.000000 -0.052262 1.014620 1.014620 1.014620
1612.949829 0.000000 1265.057251 0.000000 0.713544 0.000000 -0.700610 1.290693 1.290693 1.290693
1620.901855 0.000000 1219.810303 0.000000 0.847109 0.000000 -0.531419 1.153863 1.153863 1.153863
1604.042480 0.000000 1257.997070 0.000000 0.222571 0.000000 -0.974916 1.440319 1.440319 1.440319
1634.566040 0.000000 1275.215942 0.000000 0.976989 0.000000 -0.213288 1.047221 1.047221 1.047221
1633.359619 0.000000 1266.527100 0.000000 0.530268 0.000000 -0.847830 1.391562 1.391562 1.391562
1607.601440 0.000000 1261.791870 0.000000 0.703053 0.000000 -0.711138 1.292308 1.292308 1.292308
1610.951660 0.000000 1265.828369 0.000000 0.656800 0.000000 -0.754065 1.243119 1.243119 1.243119
1613.444458 0.000000 1240.160522 0.000000 0.806733 0.000000 -0.590916 1.254107 1.254107 1.254107
1633.812012 0.000000 1269.209473 0.000000 0.998740 0.000000 -0.050193 1.012787 1.012787 1.012787
1603.065552 0.000000 1258.550537 0.000000 0.924105 0.000000 -0.382138 1.130196 1.130196 1.130196
1604.967163 0.000000 1261.679199 0.000000 0.054745 0.000000 -0.998500 1.522306 1.522306 1.522306
1602.919434 0.000000 1254.984863 0.000000 0.999928 0.000000 0.011997 0.996466 0.996466 0.996466
1604.802734 0.000000 1258.577393 0.000000 0.995958 0.000000 -0.089821 1.050523 1.050523 1.050523
1607.373901 0.000000 1258.783569 0.000000 0.370483 0.000000 -0.928839 1.603734 1.603734 1.603734
1613.245239 0.000000 1255.221313 0.000000 0.036843 0.000000 -0.999321 1.402104 1.402104 1.402104
1611.068970 0.000000 1242.905640 0.000000 0.999832 0.000000 0.018331 0.994874 0.994874 0.994874
1620.671143 0.000000 1216.646240 0.000000 0.132274 0.000000 -0.991213 1.420073 1.420073 1.420073
1619.311890 0.000000 1216.720947 0.000000 0.962168 0.000000 -0.272457 1.068202 1.068202 1.068202
1634.781616 0.000000 1268.506470 0.000000 0.975182 0.000000 -0.221407 1.117048 1.117048 1.117048
1632.460693 0.000000 1266.401245 0.000000 0.991403 0.000000 -0.130845 1.050778 1.050778 1.050778
1635.596680 0.000000 1268.895386 0.000000 0.254049 0.000000 -0.967191 1.688862 1.688862 1.688862
1634.799927 0.000000 1266.896851 0.000000 0.977073 0.000000 -0.212907 1.120517 1.120517 1.120517
1621.497681 0.000000 1218.345459 0.000000 0.243598 0.000000 -0.969876 1.363796 1.363796 1.363796
1612.612915 0.000000 1243.132690 0.000000 0.936580 0.000000 -0.350455 1.189508 1.189508 1.189508
1613.844238 0.000000 1241.853394 0.000000 0.552059 0.000000 -0.833805 1.396303 1.396303 1.396303
1634.465088 0.000000 1270.242554 0.000000 0.866786 0.000000 -0.498681 1.269801 1.269801 1.269801
1635.240234 0.000000 1265.943481 0.000000 0.979576 0.000000 -0.201076 1.068235 1.068235 1.068235
1633.532349 0.000000 1267.345947 0.000000 0.792262 0.000000 -0.610181 1.253961 1.253961 1.253961
1603.818726 0.000000 1256.022339 0.000000 0.278493 0.000000 -0.960438 1.418208 1.418208 1.418208
1672.797729 0.000000 1172.335449 0.000000 0.889259 0.000000 -0.457403 1.042698 1.042698 1.042698
1666.628174 0.000000 1175.326050 0.000000 0.704838 0.000000 -0.709368 1.208691 1.208691 1.208691
1664.104858 0.000000 1174.272827 0.000000 0.988199 0.000000 -0.153175 1.047990 1.047990 1.047990
1675.053101 0.000000 1171.927002 0.000000 0.998920 0.000000 -0.046462 1.004990 1.004990 1.004990
1673.521973 0.000000 1170.874512 0.000000 0.919210 0.000000 -0.393767 1.257657 1.257657 1.257657
1665.042603 0.000000 1175.553345 0.000000 0.999887 0.000000 0.015028 0.995310 0.995310 0.995310
1668.263916 0.000000 1175.190063 0.000000 0.898832 0.000000 -0.438292 1.061165 1.061165 1.061165
1672.565552 0.000000 1170.164917 0.000000 0.273437 0.000000 -0.961890 1.823679 1.823679 1.823679
1673.882690 0.000000 1171.958618 0.000000 0.555490 0.000000 -0.831523 1.625061 1.625061 1.625061
1664.155151 0.000000 1175.274902 0.000000 0.480157 0.000000 -0.877182 1.333902 1.333902 1.333902
1665.824951 0.000000 1174.885498 0.000000 0.183189 0.000000 -0.983078 1.432704 1.432704 1.432704
1724.556885 0.000000 1276.735474 0.000000 0.921088 0.000000 -0.389356 1.018970 1.018970 1.018970
1727.000488 0.000000 1278.940552 0.000000 0.548003 0.000000 -0.836476 1.108840 1.108840 1.108840
1726.933350 0.000000 1269.930298 0.000000 0.965274 0.000000 -0.261238 1.040911 1.040911 1.040911
1723.354004 0.000000 1279.140015 0.000000 0.197257 0.000000 -0.980352 1.208977 1.208977 1.208977
1721.202637 0.000000 1279.846680 0.000000 0.631251 0.000000 -0.775579 1.048752 1.048752 1.048752
1727.347290 0.000000 1268.326538 0.000000 0.100123 0.000000 -0.994975 1.227614 1.227614 1.227614
1784.645386 0.000000 1268.367310 0.000000 0.808515 0.000000 -0.588476 1.136656 1.136656 1.136656
1733.561279 0.000000 1274.570312 0.000000 0.834373 0.000000 -0.551201 1.024777 1.024777 1.024777
1786.416138 0.000000 1229.527710 0.000000 0.886393 0.000000 -0.462934 1.016822 1.016822 1.016822
1754.973267 0.000000 1257.816772 0.000000 0.726306 0.000000 -0.687371 1.032165 1.032165 1.032165
1751.673828 0.000000 1266.428345 0.000000 0.833691 0.000000 -0.552231 1.002921 1.002921 1.002921
1774.140869 0.000000 1246.295532 0.000000 0.859992 0.000000 -0.510307 1.012033 1.012033 1.012033
1789.275879 0.000000 1252.162109 0.000000 0.028412 0.000000 -0.999596 1.554490 1.554490 1.554490
1747.627563 0.000000 1254.229858 0.000000 0.050072 0.000000 -0.998746 1.201215 1.201215 1.201215
1783.376587 0.000000 1236.529785 0.000000 0.711510 0.000000 -0.702676 1.048630 1.048630 1.048630
1787.670044 0.000000 1222.378418 0.000000 0.265637 0.000000 -0.964073 1.039004 1.039004 1.039004
1773.218750 0.000000 1252.399780 0.000000 0.992788 0.000000 -0.119886 1.004200 1.004200 1.004200
1728.100708 0.000000 1277.086426 0.000000 0.122398 0.000000 -0.992481 1.126533 1.126533 1.126533
1779.179810 0.000000 1270.579102 0.000000 0.577702 0.000000 -0.816248 1.126348 1.126348 1.126348
1784.699219 0.000000 1255.607056 0.000000 0.943258 0.000000 -0.332062 1.033802 1.033802 1.033802
1753.410400 0.000000 1252.740967 0.000000 0.325422 0.000000 -0.945569 1.133045 1.133045 1.133045
1728.934570 0.000000 1272.146240 0.000000 0.288400 0.000000 -0.957510 1.127648 1.127648 1.127648
1736.725952 0.000000 1270.708008 0.000000 0.967799 0.000000 -0.251725 1.043199 1.043199 1.043199
1754.408813 0.000000 1262.532959 0.000000 0.943918 0.000000 -0.330179 1.035283 1.035283 1.035283
1790.265503 0.000000 1226.700684 0.000000 0.982423 0.000000 -0.186669 1.075005 1.075005 1.075005
1790.278442 0.000000 1231.923340 0.000000 0.620633 0.000000 -0.784101 1.060750 1.060750 1.060750
1791.609375 0.000000 1262.860840 0.000000 0.156765 0.000000 -0.987636 1.067043 1.067043 1.067043
1777.663208 0.000000 1248.828247 0.000000 0.738715 0.000000 -0.674018 1.184653 1.184653 1.184653
1758.574585 0.000000 1260.103027 0.000000 0.305120 0.000000 -0.952314 1.022032 1.022032 1.022032
1769.210327 0.000000 1250.904785 0.000000 0.163132 0.000000 -0.986604 1.122937 1.122937 1.122937
1790.313843 0.000000 1256.150757 0.000000 0.607715 0.000000 -0.794155 1.025200 1.025200 1.025200
1784.689331 0.000000 1225.062744 0.000000 0.876202 0.000000 -0.481944 1.066539 1.066539 1.066539
1777.971924 0.000000 1244.266602 0.000000 0.050234 0.000000 -0.998738 1.030369 1.030369 1.030369
1750.794189 0.000000 1256.649292 0.000000 0.288650 0.000000 -0.957435 1.382864 1.382864 1.382864
1746.711548 0.000000 1258.198486 0.000000 0.760427 0.000000 -0.649423 1.033528 1.033528 1.033528
1776.097412 0.000000 1254.939331 0.000000 0.500301 0.000000 -0.865852 1.209081 1.209081 1.209081
1786.515747 0.000000 1234.426025 0.000000 0.789503 0.000000 -0.613747 1.117130 1.117130 1.117130
1791.362305 0.000000 1222.895264 0.000000 0.968956 0.000000 -0.247234 1.029938 1.029938 1.029938
1737.161621 0.000000 1274.236450 0.000000 0.999197 0.000000 0.040059 0.993698 0.993698 0.993698
1761.726562 0.000000 1262.735229 0.000000 0.687753 0.000000 -0.725945 1.014197 1.014197 1.014197
1771.883667 0.000000 1248.944336 0.000000 0.720426 0.000000 -0.693532 1.088012 1.088012 1.088012
1781.457520 0.000000 1255.845825 0.000000 0.624870 0.000000 -0.780729 1.100642 1.100642 1.100642
1762.570923 0.000000 1271.112549 0.000000 0.998144 0.000000 -0.060893 1.004411 1.004411 1.004411
1783.016235 0.000000 1265.444336 0.000000 0.573366 0.000000 -0.819299 1.045546 1.045546 1.045546
1782.356934 0.000000 1270.923340 0.000000 0.997255 0.000000 0.074041 0.974838 0.974838 0.974838
1771.747192 0.000000 1244.383545 0.000000 0.682966 0.000000 -0.730450 1.026580 1.026580 1.026580
1787.648315 0.000000 1269.040283 0.000000 0.156123 0.000000 -0.987738 1.088255 1.088255 1.088255
1785.664062 0.000000 1271.247559 0.000000 0.616729 0.000000 -0.787175 1.187780 1.187780 1.187780
1791.692627 0.000000 1234.553345 0.000000 0.584946 0.000000 -0.811072 1.030702 1.030702 1.030702
1756.505981 0.000000 1270.950684 0.000000 0.999809 0.000000 0.019544 0.998536 0.998536 0.998536
1787.632568 0.000000 1225.393555 0.000000 0.373942 0.000000 -0.927452 1.198638 1.198638 1.198638
1763.784912 0.000000 1265.119385 0.000000 0.831718 0.000000 -0.555198 1.057309 1.057309 1.057309
1730.457031 0.000000 1274.742798 0.000000 0.329329 0.000000 -0.944215 1.262118 1.262118 1.262118
1752.890625 0.000000 1259.964600 0.000000 0.998115 0.000000 0.061378 0.995400 0.995400 0.995400
1747.236816 0.000000 1277.685303 0.000000 0.931932 0.000000 -0.362633 1.022235 1.022235 1.022235
1786.345093 0.000000 1257.899170 0.000000 0.837848 0.000000 -0.545903 1.033159 1.033159 1.033159
1774.680054 0.000000 1249.104980 0.000000 0.523855 0.000000 -0.851807 1.071261 1.071261 1.071261
1755.274902 0.000000 1254.917725 0.000000 0.514311 0.000000 -0.857604 1.051458 1.051458 1.051458
1767.165161 0.000000 1271.206543 0.000000 0.316669 0.000000 -0.948536 1.158974 1.158974 1.158974
1791.945312 0.000000 1237.680908 0.000000 0.713361 0.000000 -0.700796 1.065912 1.065912 1.065912
1774.923584 0.000000 1243.676880 0.000000 0.034305 0.000000 -0.999411 1.203303 1.203303 1.203303
1781.727539 0.000000 1275.854614 0.000000 0.725035 0.000000 -0.688712 1.030347 1.030347 1.030347
1787.440430 0.000000 1231.945068 0.000000 0.565233 0.000000 -0.824932 1.050859 1.050859 1.050859
1776.187012 0.000000 1258.112427 0.000000 0.266929 0.000000 -0.963716 1.061693 1.061693 1.061693
1781.947998 0.000000 1268.438965 0.000000 0.752080 0.000000 -0.659072 1.188630 1.188630 1.188630
1731.063721 0.000000 1266.984985 0.000000 0.455595 0.000000 -0.890187 1.167176 1.167176 1.167176
1774.050293 0.000000 1256.694336 0.000000 0.733330 0.000000 -0.679873 1.097052 1.097052 1.097052
1739.076660 0.000000 1271.520386 0.000000 0.209397 0.000000 -0.977831 1.363254 1.363254 1.363254
1789.251587 0.000000 1234.173706 0.000000 0.232914 0.000000 -0.972497 1.170070 1.170070 1.170070
1760.939941 0.000000 1265.623413 0.000000 0.845023 0.000000 -0.534729 1.043664 1.043664 1.043664
1728.017456 0.000000 1274.450195 0.000000 0.869254 0.000000 -0.494367 1.078750 1.078750 1.078750
1791.694702 0.000000 1252.460327 0.000000 0.261065 0.000000 -0.965321 1.247925 1.247925 1.247925
1752.618164 0.000000 1255.050781 0.000000 0.562706 0.000000 -0.826657 1.184641 1.184641 1.184641
1749.157593 0.000000 1258.428589 0.000000 0.173788 0.000000 -0.984783 1.170789 1.170789 1.170789
1776.499023 0.000000 1246.730347 0.000000 0.984792 0.000000 -0.173737 1.020054 1.020054 1.020054
1778.638428 0.000000 1255.206665 0.000000 0.967057 0.000000 -0.254559 1.053977 1.053977 1.053977
1788.650513 0.000000 1239.208740 0.000000 0.889502 0.000000 -0.456931 1.117287 1.117287 1.117287
1787.086060 0.000000 1236.743774 0.000000 0.054205 0.000000 -0.998530 1.530065 1.530065 1.530065
1784.013306 0.000000 1230.074585 0.000000 0.852279 0.000000 -0.523087 1.072837 1.072837 1.072837
1743.776245 0.000000 1271.863892 0.000000 0.697633 0.000000 -0.716455 1.069790 1.069790 1.069790
1778.186890 0.000000 1272.689819 0.000000 0.973122 0.000000 -0.230292 1.016244 1.016244 1.016244
1789.418335 0.000000 1224.048462 0.000000 0.365091 0.000000 -0.930972 1.233106 1.233106 1.233106
1737.458496 0.000000 1268.552490 0.000000 0.850303 0.000000 -0.526293 1.026290 1.026290 1.026290
1779.010498 0.000000 1250.719116 0.000000 0.944108 0.000000 -0.329638 1.163535 1.163535 1.163535
1785.252319 0.000000 1232.563721 0.000000 0.047817 0.000000 -0.998856 1.235733 1.235733 1.235733
1748.253052 0.000000 1256.385742 0.000000 0.923166 0.000000 -0.384402 1.104414 1.104414 1.104414
1782.071899 0.000000 1238.322998 0.000000 0.467084 0.000000 -0.884213 1.070415 1.070415 1.070415
1752.865601 0.000000 1257.229614 0.000000 0.235440 0.000000 -0.971889 1.226318 1.226318 1.226318
1749.859253 0.000000 1254.653564 0.000000 0.216726 0.000000 -0.976232 1.398388 1.398388 1.398388
1771.452881 0.000000 1251.092896 0.000000 0.798188 0.000000 -0.602408 1.085545 1.085545 1.085545
1784.390137 0.000000 1234.662476 0.000000 0.997856 0.000000 0.065443 0.992643 0.992643 0.992643
1769.258911 0.000000 1269.231201 0.000000 0.911927 0.000000 -0.410352 1.052782 1.052782 1.052782
1791.178223 0.000000 1250.425781 0.000000 0.551768 0.000000 -0.833997 1.140356 1.140356 1.140356
1751.235962 0.000000 1258.692261 0.000000 0.786831 0.000000 -0.617169 1.092991 1.092991 1.092991
1754.763428 0.000000 1269.840820 0.000000 0.800878 0.000000 -0.598828 1.097775 1.097775 1.097775
1753.959473 0.000000 1267.441162 0.000000 0.344797 0.000000 -0.938677 1.103453 1.103453 1.103453
1755.987427 0.000000 1264.046387 0.000000 0.394447 0.000000 -0.918919 1.270565 1.270565 1.270565
1781.255371 0.000000 1251.462891 0.000000 0.416871 0.000000 -0.908966 1.441448 1.441448 1.441448
1787.333130 0.000000 1252.601440 0.000000 0.915989 0.000000 -0.401203 1.137076 1.137076 1.137076
1764.948608 0.000000 1270.992920 0.000000 0.996812 0.000000 -0.079782 1.011166 1.011166 1.011166
1758.527222 0.000000 1270.125488 0.000000 0.563381 0.000000 -0.826197 1.097098 1.097098 1.097098
1784.273926 0.000000 1238.336670 0.000000 0.556061 0.000000 -0.831142 1.220456 1.220456 1.220456
1788.702148 0.000000 1250.280029 0.000000 0.229228 0.000000 -0.973373 1.344448 1.344448 1.344448
1785.163696 0.000000 1249.542480 0.000000 0.999998 0.000000 -0.001988 1.000179 1.000179 1.000179
1775.039795 0.000000 1253.212158 0.000000 0.999250 0.000000 0.038727 0.993907 0.993907 0.993907
1789.595581 0.000000 1222.000122 0.000000 0.998107 0.000000 0.061500 0.995698 0.995698 0.995698
1728.010376 0.000000 1270.110107 0.000000 0.593624 0.000000 -0.804743 1.123748 1.123748 1.123748
1773.218628 0.000000 1250.373779 0.000000 0.848521 0.000000 -0.529162 1.038979 1.038979 1.038979
1742.557983 0.000000 1277.532837 0.000000 0.061892 0.000000 -0.998083 1.124309 1.124309 1.124309
1777.188232 0.000000 1256.553467 0.000000 0.982254 0.000000 -0.187558 1.017428 1.017428 1.017428
1787.037720 0.000000 1240.712036 0.000000 0.946725 0.000000 -0.322043 1.058938 1.058938 1.058938
1785.283447 0.000000 1236.398438 0.000000 0.945940 0.000000 -0.324341 1.072569 1.072569 1.072569
1790.270874 0.000000 1260.461182 0.000000 0.823903 0.000000 -0.566730 1.079725 1.079725 1.079725
1782.156250 0.000000 1230.039062 0.000000 0.902823 0.000000 -0.430012 1.035511 1.035511 1.035511
1780.752930 0.000000 1271.812988 0.000000 0.128007 0.000000 -0.991773 1.424932 1.424932 1.424932
1758.597534 0.000000 1266.468872 0.000000 0.251840 0.000000 -0.967769 1.331885 1.331885 1.331885
1790.291382 0.000000 1238.420898 0.000000 0.894967 0.000000 -0.446133 1.039253 1.039253 1.039253
1737.408936 0.000000 1272.377808 0.000000 0.740825 0.000000 -0.671698 1.169161 1.169161 1.169161
1782.633789 0.000000 1249.806030 0.000000 0.543133 0.000000 -0.839647 1.211492 1.211492 1.211492
1781.841675 0.000000 1247.996460 0.000000 0.857590 0.000000 -0.514333 1.137568 1.137568 1.137568
1784.039307 0.000000 1272.049683 0.000000 0.512728 0.000000 -0.858551 1.110834 1.110834 1.110834
1782.225464 0.000000 1272.693237 0.000000 0.953321 0.000000 -0.301958 1.057435 1.057435 1.057435
1791.042236 0.000000 1236.141968 0.000000 0.996879 0.000000 0.078941 0.993292 0.993292 0.993292
1762.207031 0.000000 1264.348877 0.000000 0.901477 0.000000 -0.432828 1.043583 1.043583 1.043583
1760.671143 0.000000 1267.298828 0.000000 0.973526 0.000000 -0.228578 1.028787 1.028787 1.028787
1776.194946 0.000000 1249.896851 0.000000 0.999869 0.000000 0.016160 0.995965 0.995965 0.995965
1785.274902 0.000000 1273.249023 0.000000 0.402127 0.000000 -0.915584 1.124201 1.124201 1.124201
1738.372803 0.000000 1269.970703 0.000000 0.893360 0.000000 -0.449342 1.044212 1.044212 1.044212
1772.821899 0.000000 1257.859497 0.000000 0.996801 0.000000 0.079923 0.994008 0.994008 0.994008
1766.154297 0.000000 1269.862915 0.000000 0.822922 0.000000 -0.568155 1.162925 1.162925 1.162925
1774.635742 0.000000 1251.452881 0.000000 0.991576 0.000000 -0.129523 1.018159 1.018159 1.018159
1757.391968 0.000000 1268.928101 0.000000 0.938819 0.000000 -0.344412 1.077248 1.077248 1.077248
1746.707275 0.000000 1255.776611 0.000000 0.962672 0.000000 -0.270672 1.036267 1.036267 1.036267
1785.586548 0.000000 1230.962891 0.000000 0.670461 0.000000 -0.741944 1.110613 1.110613 1.110613
1781.683838 0.000000 1266.762207 0.000000 0.439490 0.000000 -0.898247 1.158777 1.158777 1.158777
1789.038696 0.000000 1255.259399 0.000000 0.514728 0.000000 -0.857353 1.226310 1.226310 1.226310
1766.063354 0.000000 1243.765625 0.000000 0.999807 0.000000 -0.019656 1.001865 1.001865 1.001865
1783.052368 0.000000 1246.676270 0.000000 0.990767 0.000000 -0.135579 1.019692 1.019692 1.019692
1730.115967 0.000000 1273.161499 0.000000 0.997672 0.000000 -0.068191 1.011926 1.011926 1.011926
1774.437988 0.000000 1255.150879 0.000000 0.809424 0.000000 -0.587225 1.059542 1.059542 1.059542
1787.866211 0.000000 1233.439087 0.000000 0.999028 0.000000 0.044077 0.995817 0.995817 0.995817
1784.888672 0.000000 1239.772583 0.000000 0.872561 0.000000 -0.488505 1.114676 1.114676 1.114676
1729.705688 0.000000 1266.245972 0.000000 0.266670 0.000000 -0.963788 1.217593 1.217593 1.217593
1785.956909 0.000000 1254.532104 0.000000 0.693036 0.000000 -0.720903 1.080399 1.080399 1.080399
1785.581177 0.000000 1251.667358 0.000000 0.049293 0.000000 -0.998784 1.224109 1.224109 1.224109
1788.508667 0.000000 1253.530640 0.000000 0.733517 0.000000 -0.679671 1.268662 1.268662 1.268662
1784.223145 0.000000 1254.162476 0.000000 0.971203 0.000000 -0.238255 1.024024 1.024024 1.024024
1788.278442 0.000000 1237.796631 0.000000 0.247058 0.000000 -0.969001 1.326534 1.326534 1.326534
1762.312744 0.000000 1266.146851 0.000000 0.399910 0.000000 -0.916554 1.208400 1.208400 1.208400
1738.654541 0.000000 1273.183472 0.000000 0.898626 0.000000 -0.438716 1.183685 1.183685 1.183685
1789.105103 0.000000 1227.677368 0.000000 0.573847 0.000000 -0.818963 1.227591 1.227591 1.227591
1790.568359 0.000000 1224.927979 0.000000 0.334406 0.000000 -0.942429 1.365367 1.365367 1.365367
1777.480225 0.000000 1250.540405 0.000000 0.999897 0.000000 -0.014318 1.005004 1.005004 1.005004
1774.680908 0.000000 1258.043823 0.000000 0.558784 0.000000 -0.829313 1.129390 1.129390 1.129390
1730.432129 0.000000 1277.877930 0.000000 0.432026 0.000000 -0.901861 1.117863 1.117863 1.117863
1782.688232 0.000000 1251.734741 0.000000 0.282627 0.000000 -0.959230 1.250086 1.250086 1.250086
1741.036499 0.000000 1273.902832 0.000000 0.994780 0.000000 -0.102046 1.031390 1.031390 1.031390
1740.215698 0.000000 1275.633057 0.000000 0.836012 0.000000 -0.548711 1.118904 1.118904 1.118904
1781.721680 0.000000 1254.491089 0.000000 0.999381 0.000000 -0.035175 1.003953 1.003953 1.003953
1756.114624 0.000000 1269.463867 0.000000 0.671003 0.000000 -0.741455 1.183498 1.183498 1.183498
1765.420410 0.000000 1265.497803 0.000000 0.934498 0.000000 -0.355969 1.064512 1.064512 1.064512
1789.721069 0.000000 1235.452271 0.000000 0.823781 0.000000 -0.566908 1.076744 1.076744 1.076744
1791.269531 0.000000 1255.082886 0.000000 0.935851 0.000000 -0.352395 1.044954 1.044954 1.044954
1740.430664 0.000000 1271.363647 0.000000 0.323242 0.000000 -0.946316 1.278984 1.278984 1.278984
1790.563354 0.000000 1251.697144 0.000000 0.547800 0.000000 -0.836609 1.141032 1.141032 1.141032
1765.599731 0.000000 1268.240356 0.000000 0.984894 0.000000 -0.173157 1.052138 1.052138 1.052138
1786.325073 0.000000 1225.179077 0.000000 0.998688 0.000000 0.051201 0.991432 0.991432 0.991432
1788.030396 0.000000 1251.447266 0.000000 0.479842 0.000000 -0.877355 1.275227 1.275227 1.275227
1788.343384 0.000000 1226.588379 0.000000 0.777025 0.000000 -0.629469 1.161483 1.161483 1.161483
1758.479004 0.000000 1273.008667 0.000000 0.847434 0.000000 -0.530900 1.074053 1.074053 1.074053
1759.587769 0.000000 1265.636475 0.000000 0.652952 0.000000 -0.757399 1.188789 1.188789 1.188789
1777.377930 0.000000 1254.681641 0.000000 0.996688 0.000000 0.081319 0.983741 0.983741 0.983741
1776.268188 0.000000 1253.623047 0.000000 0.915146 0.000000 -0.403122 1.142952 1.142952 1.142952
1778.770996 0.000000 1253.765625 0.000000 0.700514 0.000000 -0.713639 1.325368 1.325368 1.325368
1754.656250 0.000000 1268.507324 0.000000 0.265329 0.000000 -0.964158 1.198319 1.198319 1.198319
1743.931519 0.000000 1273.128662 0.000000 0.256073 0.000000 -0.966657 1.170304 1.170304 1.170304
1759.649048 0.000000 1269.443359 0.000000 0.807754 0.000000 -0.589519 1.097587 1.097587 1.097587
1782.141235 0.000000 1269.680908 0.000000 0.222055 0.000000 -0.975034 1.480843 1.480843 1.480843
1748.538940 0.000000 1255.121948 0.000000 0.638030 0.000000 -0.770011 1.258905 1.258905 1.258905
1749.349243 0.000000 1257.197510 0.000000 0.991977 0.000000 -0.126421 1.033545 1.033545 1.033545
1752.090454 0.000000 1256.279785 0.000000 0.939455 0.000000 -0.342671 1.059377 1.059377 1.059377
1765.734009 0.000000 1271.925903 0.000000 0.998790 0.000000 -0.049177 1.006878 1.006878 1.006878
1785.494507 0.000000 1233.803955 0.000000 0.978818 0.000000 -0.204734 1.031916 1.031916 1.031916
1750.376465 0.000000 1257.824219 0.000000 0.770569 0.000000 -0.637357 1.207033 1.207033 1.207033
1791.448608 0.000000 1224.096802 0.000000 0.999976 0.000000 -0.006976 1.002072 1.002072 1.002072
1736.500488 0.000000 1273.177368 0.000000 0.924769 0.000000 -0.380530 1.089661 1.089661 1.089661
1788.295898 0.000000 1236.380249 0.000000 0.894762 0.000000 -0.446544 1.114409 1.114409 1.114409
1780.534790 0.000000 1250.570557 0.000000 0.361340 0.000000 -0.932434 1.464780 1.464780 1.464780
1787.099731 0.000000 1226.502197 0.000000 0.620277 0.000000 -0.784383 1.150826 1.150826 1.150826
1781.642212 0.000000 1250.335205 0.000000 0.853936 0.000000 -0.520378 1.211783 1.211783 1.211783
1753.991943 0.000000 1257.263672 0.000000 0.071725 0.000000 -0.997424 1.254480 1.254480 1.254480
1778.350342 0.000000 1249.764648 0.000000 0.884823 0.000000 -0.465928 1.211756 1.211756 1.211756
1736.363647 0.000000 1271.993408 0.000000 0.979402 0.000000 -0.201922 1.034517 1.034517 1.034517
1784.394531 0.000000 1237.090942 0.000000 0.114651 0.000000 -0.993406 1.319854 1.319854 1.319854
1780.291138 0.000000 1270.821533 0.000000 0.736162 0.000000 -0.676805 1.219004 1.219004 1.219004
1756.312378 0.000000 1267.024292 0.000000 0.702663 0.000000 -0.711523 1.316228 1.316228 1.316228
1777.069580 0.000000 1252.386108 0.000000 0.998446 0.000000 0.055723 0.980792 0.980792 0.980792
1783.389282 0.000000 1271.207642 0.000000 0.408836 0.000000 -0.912608 1.390330 1.390330 1.390330
1766.100098 0.000000 1266.301758 0.000000 0.996343 0.000000 -0.085440 1.025201 1.025201 1.025201
1786.850708 0.000000 1237.843872 0.000000 0.916422 0.000000 -0.400214 1.143914 1.143914 1.143914
1784.622314 0.000000 1271.184326 0.000000 0.812916 0.000000 -0.582381 1.128815 1.128815 1.128815
1766.192871 0.000000 1267.362671 0.000000 0.932587 0.000000 -0.360946 1.108788 1.108788 1.108788
1778.711548 0.000000 1252.607422 0.000000 0.960978 0.000000 -0.276625 1.114756 1.114756 1.114756
1755.074829 0.000000 1264.500366 0.000000 0.956996 0.000000 -0.290101 1.068338 1.068338 1.068338
1779.659180 0.000000 1255.326782 0.000000 0.998398 0.000000 0.056579 0.988129 0.988129 0.988129
1786.320679 0.000000 1252.826538 0.000000 0.618875 0.000000 -0.785489 1.299994 1.299994 1.299994
1765.078003 0.000000 1269.905762 0.000000 0.606727 0.000000 -0.794910 1.275277 1.275277 1.275277
1789.264893 0.000000 1254.264038 0.000000 0.515546 0.000000 -0.856862 1.226101 1.226101 1.226101
1787.146484 0.000000 1239.719727 0.000000 0.630365 0.000000 -0.776299 1.317298 1.317298 1.317298
1790.493408 0.000000 1227.687500 0.000000 0.652696 0.000000 -0.757620 1.343389 1.343389 1.343389
1791.548096 0.000000 1228.877930 0.000000 0.855496 0.000000 -0.517810 1.125014 1.125014 1.125014
1778.643188 0.000000 1248.834839 0.000000 0.977495 0.000000 -0.210957 1.092864 1.092864 1.092864
1788.326294 0.000000 1252.418701 0.000000 0.012589 0.000000 -0.999921 1.560180 1.560180 1.560180
1780.563843 0.000000 1252.345703 0.000000 0.476066 0.000000 -0.879409 1.276333 1.276333 1.276333
1781.829346 0.000000 1249.173950 0.000000 0.132420 0.000000 -0.991194 1.621070 1.621070 1.621070
1759.724609 0.000000 1264.622437 0.000000 0.889737 0.000000 -0.456474 1.104142 1.104142 1.104142
1739.317383 0.000000 1275.203003 0.000000 0.022718 0.000000 -0.999742 1.378755 1.378755 1.378755
1750.906006 0.000000 1254.327393 0.000000 0.998837 0.000000 0.048220 0.983501 0.983501 0.983501
1786.138428 0.000000 1236.791504 0.000000 0.912079 0.000000 -0.410014 1.147660 1.147660 1.147660
1777.114380 0.000000 1249.616943 0.000000 0.370983 0.000000 -0.928640 1.297271 1.297271 1.297271
1776.121216 0.000000 1252.705566 0.000000 0.256823 0.000000 -0.966458 1.451692 1.451692 1.451692
1782.763184 0.000000 1271.909912 0.000000 0.653584 0.000000 -0.756854 1.291482 1.291482 1.291482
1790.346924 0.000000 1224.065674 0.000000 0.999883 0.000000 0.015292 0.995457 0.995457 0.995457
1777.157959 0.000000 1251.420288 0.000000 0.923692 0.000000 -0.383137 1.137426 1.137426 1.137426
1780.175415 0.000000 1248.933838 0.000000 0.998425 0.000000 -0.056099 1.024242 1.024242 1.024242
1778.208984 0.000000 1251.042236 0.000000 0.262399 0.000000 -0.964959 1.635450 1.635450 1.635450
1740.567505 0.000000 1272.189697 0.000000 0.817081 0.000000 -0.576523 1.188688 1.188688 1.188688
1756.462769 0.000000 1264.758789 0.000000 0.929597 0.000000 -0.368578 1.126281 1.126281 1.126281
1793.501099 0.000000 1231.862915 0.000000 0.995057 0.000000 -0.099308 1.004222 1.004222 1.004222
1809.064331 0.000000 1233.424316 0.000000 0.453588 0.000000 -0.891212 1.403695 1.403695 1.403695
1801.671753 0.000000 1226.250977 0.000000 0.996094 0.000000 -0.088301 1.016997 1.016997 1.016997
1803.373291 0.000000 1253.818604 0.000000 0.594854 0.000000 -0.803834 1.032635 1.032635 1.032635
1808.207397 0.000000 1242.596069 0.000000 0.991513 0.000000 -0.130007 1.018227 1.018227 1.018227
1794.312622 0.000000 1225.467163 0.000000 0.875624 0.000000 -0.482994 1.037753 1.037753 1.037753
1814.726440 0.000000 1230.325928 0.000000 0.999945 0.000000 0.010455 0.999765 0.999765 0.999765
1798.784302 0.000000 1220.691895 0.000000 0.890279 0.000000 -0.455416 1.060204 1.060204 1.060204
1797.252441 0.000000 1254.042725 0.000000 0.999358 0.000000 -0.035833 1.015390 1.015390 1.015390
1803.854736 0.000000 1231.435059 0.000000 0.954359 0.000000 -0.298661 1.035587 1.035587 1.035587
1798.586548 0.000000 1231.758423 0.000000 0.752640 0.000000 -0.658432 1.195585 1.195585 1.195585
1792.331177 0.000000 1254.835327 0.000000 0.873395 0.000000 -0.487012 1.062225 1.062225 1.062225
1804.546875 0.000000 1245.193726 0.000000 0.975178 0.000000 -0.221423 1.007246 1.007246 1.007246
1810.546143 0.000000 1229.387085 0.000000 0.771294 0.000000 -0.636478 1.048228 1.048228 1.048228
1800.366577 0.000000 1255.641602 0.000000 0.916863 0.000000 -0.399201 1.058436 1.058436 1.058436
1792.013794 0.000000 1228.653442 0.000000 0.584814 0.000000 -0.811168 1.165347 1.165347 1.165347
1797.248779 0.000000 1257.675903 0.000000 0.923736 0.000000 -0.383029 1.110890 1.110890 1.110890
1801.046265 0.000000 1229.519165 0.000000 0.813256 0.000000 -0.581906 1.198468 1.198468 1.198468
1812.391357 0.000000 1232.639160 0.000000 0.970691 0.000000 -0.240330 1.041809 1.041809 1.041809
1802.295898 0.000000 1243.469727 0.000000 0.999966 0.000000 -0.008255 1.000309 1.000309 1.000309
1792.085083 0.000000 1257.292480 0.000000 0.999614 0.000000 0.027796 0.998334 0.998334 0.998334
1806.705811 0.000000 1233.071655 0.000000 0.971799 0.000000 -0.235809 1.044573 1.044573 1.044573
1796.118042 0.000000 1223.968262 0.000000 0.983361 0.000000 -0.181664 1.021435 1.021435 1.021435
1795.713745 0.000000 1227.047241 0.000000 0.330902 0.000000 -0.943665 1.153979 1.153979 1.153979
1799.628052 0.000000 1225.790527 0.000000 0.942071 0.000000 -0.335415 1.019640 1.019640 1.019640
1797.300781 0.000000 1222.271118 0.000000 0.999993 0.000000 -0.003824 1.000449 1.000449 1.000449
1794.551514 0.000000 1253.985718 0.000000 0.650865 0.000000 -0.759194 1.163568 1.163568 1.163568
1806.805176 0.000000 1239.727051 0.000000 0.924459 0.000000 -0.381282 1.128912 1.128912 1.128912
1813.168213 0.000000 1235.255859 0.000000 0.571066 0.000000 -0.820904 1.110591 1.110591 1.110591
1799.954956 0.000000 1227.723877 0.000000 0.629344 0.000000 -0.777127 1.184438 1.184438 1.184438
1799.172241 0.000000 1257.840332 0.000000 0.690361 0.000000 -0.723465 1.157500 1.157500 1.157500
1796.029907 0.000000 1250.202759 0.000000 0.175497 0.000000 -0.984480 1.236718 1.236718 1.236718
1792.571777 0.000000 1224.710693 0.000000 0.869272 0.000000 -0.494334 1.114889 1.114889 1.114889
1807.580444 0.000000 1237.932007 0.000000 0.722897 0.000000 -0.690955 1.133307 1.133307 1.133307
1793.458496 0.000000 1229.745361 0.000000 0.559485 0.000000 -0.828840 1.170744 1.170744 1.170744
1799.461548 0.000000 1222.389038 0.000000 0.981605 0.000000 -0.190926 1.025419 1.025419 1.025419
1799.399536 0.000000 1230.179443 0.000000 0.235433 0.000000 -0.971891 1.362777 1.362777 1.362777
1808.167114 0.000000 1240.854248 0.000000 0.458550 0.000000 -0.888668 1.262301 1.262301 1.262301
1792.522217 0.000000 1226.452148 0.000000 0.994815 0.000000 -0.101700 1.028232 1.028232 1.028232
1808.396851 0.000000 1231.871338 0.000000 0.455349 0.000000 -0.890313 1.263164 1.263164 1.263164
1811.869141 0.000000 1230.990356 0.000000 0.241525 0.000000 -0.970395 1.308069 1.308069 1.308069
1813.654297 0.000000 1233.697998 0.000000 0.159454 0.000000 -0.987205 1.243003 1.243003 1.243003
1800.208008 0.000000 1231.877686 0.000000 0.990790 0.000000 -0.135407 1.033909 1.033909 1.033909
1806.718994 0.000000 1241.929077 0.000000 0.999790 0.000000 -0.020516 1.007888 1.007888 1.007888
1794.832031 0.000000 1257.595947 0.000000 0.971367 0.000000 -0.237584 1.049706 1.049706 1.049706
1798.650513 0.000000 1252.517822 0.000000 0.453073 0.000000 -0.891473 1.337963 1.337963 1.337963
1796.603882 0.000000 1228.339722 0.000000 0.336737 0.000000 -0.941599 1.229810 1.229810 1.229810
1806.616699 0.000000 1236.799805 0.000000 0.738565 0.000000 -0.674182 1.129296 1.129296 1.129296
1808.090820 0.000000 1234.661133 0.000000 0.914890 0.000000 -0.403704 1.103747 1.103747 1.103747
1813.325806 0.000000 1230.784668 0.000000 0.549044 0.000000 -0.835793 1.116115 1.116115 1.116115
1801.675293 0.000000 1252.550171 0.000000 0.999997 0.000000 -0.002300 1.000356 1.000356 1.000356
1796.021484 0.000000 1256.823242 0.000000 0.864486 0.000000 -0.502657 1.148579 1.148579 1.148579
1793.188477 0.000000 1261.016235 0.000000 0.036620 0.000000 -0.999329 1.191506 1.191506 1.191506
1812.299561 0.000000 1234.015381 0.000000 0.262203 0.000000 -0.965013 1.149924 1.149924 1.149924
1800.605103 0.000000 1230.699341 0.000000 0.214009 0.000000 -0.976832 1.338312 1.338312 1.338312
1806.166138 0.000000 1234.225708 0.000000 0.029202 0.000000 -0.999574 1.242465 1.242465 1.242465
1796.240967 0.000000 1229.686646 0.000000 0.103559 0.000000 -0.994623 1.274692 1.274692 1.274692
1797.232666 0.000000 1256.435547 0.000000 0.259457 0.000000 -0.965755 1.369095 1.369095 1.369095
1798.279053 0.000000 1254.694946 0.000000 0.666190 0.000000 -0.745782 1.239555 1.239555 1.239555
1797.140625 0.000000 1252.841309 0.000000 0.546557 0.000000 -0.837422 1.312221 1.312221 1.312221
1797.069824 0.000000 1230.734497 0.000000 0.840758 0.000000 -0.541411 1.085699 1.085699 1.085699
1794.158447 0.000000 1252.846924 0.000000 0.654689 0.000000 -0.755898 1.162610 1.162610 1.162610
1795.701172 0.000000 1254.429321 0.000000 0.201664 0.000000 -0.979455 1.375609 1.375609 1.375609
1805.694458 0.000000 1239.203491 0.000000 0.009134 0.000000 -0.999958 1.354788 1.354788 1.354788
1799.964966 0.000000 1228.940674 0.000000 0.655565 0.000000 -0.755139 1.301276 1.301276 1.301276
1806.403198 0.000000 1240.807251 0.000000 0.922122 0.000000 -0.386898 1.152736 1.152736 1.152736
1796.109375 0.000000 1251.369507 0.000000 0.913712 0.000000 -0.406362 1.071041 1.071041 1.071041
1792.554688 0.000000 1227.661133 0.000000 0.280160 0.000000 -0.959953 1.356604 1.356604 1.356604
1807.143677 0.000000 1243.042358 0.000000 0.832292 0.000000 -0.554337 1.121752 1.121752 1.121752
1799.269653 0.000000 1255.254883 0.000000 0.658739 0.000000 -0.752372 1.242387 1.242387 1.242387
1798.307007 0.000000 1257.048584 0.000000 0.178315 0.000000 -0.983973 1.270972 1.270972 1.270972
1810.037842 0.000000 1233.993774 0.000000 0.042724 0.000000 -0.999087 1.537897 1.537897 1.537897
1807.755615 0.000000 1239.051147 0.000000 0.780763 0.000000 -0.624827 1.222413 1.222413 1.222413
1809.479004 0.000000 1232.379883 0.000000 0.413006 0.000000 -0.910728 1.420223 1.420223 1.420223
1810.595337 0.000000 1230.494507 0.000000 0.986169 0.000000 -0.165745 1.038661 1.038661 1.038661
1806.648560 0.000000 1238.531006 0.000000 0.940764 0.000000 -0.339063 1.113996 1.113996 1.113996
1797.799927 0.000000 1228.408447 0.000000 0.233850 0.000000 -0.972273 1.249922 1.249922 1.249922
1793.785522 0.000000 1224.504883 0.000000 0.693185 0.000000 -0.720760 1.178843 1.178843 1.178843
1800.363037 0.000000 1226.604736 0.000000 0.506460 0.000000 -0.862264 1.199870 1.199870 1.199870
1798.153076 0.000000 1253.482056 0.000000 0.245757 0.000000 -0.969332 1.406106 1.406106 1.406106
1799.305176 0.000000 1256.321533 0.000000 0.845225 0.000000 -0.534410 1.109791 1.109791 1.109791
1809.234375 0.000000 1231.229736 0.000000 0.861826 0.000000 -0.507203 1.127488 1.127488 1.127488
1809.755981 0.000000 1238.742920 0.000000 0.995728 0.000000 -0.092339 1.020085 1.020085 1.020085
1801.058716 0.000000 1228.481323 0.000000 0.611560 0.000000 -0.791198 1.291682 1.291682 1.291682
1796.042480 0.000000 1257.997070 0.000000 0.912083 0.000000 -0.410005 1.119180 1.119180 1.119180
1799.471069 0.000000 1231.206543 0.000000 0.035095 0.000000 -0.999384 1.417899 1.417899 1.417899
1807.908569 0.000000 1243.738770 0.000000 0.439205 0.000000 -0.898387 1.231267 1.231267 1.231267
1797.457397 0.000000 1255.290405 0.000000 0.998748 0.000000 -0.050027 1.021491 1.021491 1.021491
1807.667969 0.000000 1241.700073 0.000000 0.917577 0.000000 -0.397557 1.157191 1.157191 1.157191
1804.500732 0.000000 1241.696045 0.000000 0.262116 0.000000 -0.965036 1.329204 1.329204 1.329204
1804.498657 0.000000 1240.431030 0.000000 0.907121 0.000000 -0.420870 1.109536 1.109536 1.109536
1808.080566 0.000000 1230.978027 0.000000 0.877774 0.000000 -0.479074 1.119738 1.119738 1.119738
1799.541504 0.000000 1252.850464 0.000000 0.519754 0.000000 -0.854316 1.314517 1.314517 1.314517
1808.666870 0.000000 1235.418335 0.000000 0.865456 0.000000 -0.500985 1.131003 1.131003 1.131003
1807.281372 0.000000 1240.516357 0.000000 0.930430 0.000000 -0.366470 1.144257 1.144257 1.144257
1808.251831 0.000000 1233.808228 0.000000 0.348371 0.000000 -0.937357 1.445883 1.445883 1.445883
1800.213623 0.000000 1229.864258 0.000000 0.151929 0.000000 -0.988391 1.453222 1.453222 1.453222
1797.836304 0.000000 1252.332031 0.000000 0.721230 0.000000 -0.692696 1.240712 1.240712 1.240712
1591.057983 0.000000 1280.752075 0.000000 0.877919 0.000000 -0.478809 1.067312 1.067312 1.067312
1594.787476 0.000000 1311.616577 0.000000 0.361340 0.000000 -0.932434 1.221895 1.221895 1.221895
1598.713501 0.000000 1304.471313 0.000000 0.778062 0.000000 -0.628188 1.067828 1.067828 1.067828
1594.356689 0.000000 1281.698120 0.000000 0.139547 0.000000 -0.990215 1.510802 1.510802 1.510802
1581.792725 0.000000 1300.390259 0.000000 0.663922 0.000000 -0.747802 1.124428 1.124428 1.124428
1576.309814 0.000000 1302.478882 0.000000 0.789061 0.000000 -0.614315 1.133772 1.133772 1.133772
1598.192017 0.000000 1307.004883 0.000000 0.995391 0.000000 -0.095895 1.007193 1.007193 1.007193
1579.433716 0.000000 1310.806030 0.000000 0.994430 0.000000 -0.105397 1.028207 1.028207 1.028207
1599.178223 0.000000 1314.425781 0.000000 0.653933 0.000000 -0.756553 1.511962 1.511962 1.511962
1599.276978 0.000000 1282.149902 0.000000 0.998599 0.000000 -0.052907 1.004625 1.004625 1.004625
1593.513916 0.000000 1307.779663 0.000000 0.972800 0.000000 -0.231647 1.029181 1.029181 1.029181
1586.967041 0.000000 1296.028076 0.000000 0.304842 0.000000 -0.952403 1.154262 1.154262 1.154262
1599.509155 0.000000 1284.986816 0.000000 0.899281 0.000000 -0.437371 1.113012 1.113012 1.113012
1579.778564 0.000000 1302.714355 0.000000 0.633379 0.000000 -0.773842 1.167896 1.167896 1.167896
1592.983887 0.000000 1280.630005 0.000000 0.161256 0.000000 -0.986913 1.608479 1.608479 1.608479
1599.042236 0.000000 1300.141968 0.000000 0.904116 0.000000 -0.427287 1.198396 1.198396 1.198396
1580.166992 0.000000 1300.029297 0.000000 0.996520 0.000000 -0.083356 1.012292 1.012292 1.012292
1599.315552 0.000000 1311.658081 0.000000 0.244961 0.000000 -0.969533 1.188312 1.188312 1.188312
1584.176514 0.000000 1292.953125 0.000000 0.810695 0.000000 -0.585469 1.121796 1.121796 1.121796
1578.626831 0.000000 1299.655640 0.000000 0.466053 0.000000 -0.884757 1.130137 1.130137 1.130137
1583.564209 0.000000 1295.811523 0.000000 0.900401 0.000000 -0.435061 1.051691 1.051691 1.051691
1580.760010 0.000000 1301.510010 0.000000 0.861317 0.000000 -0.508069 1.078500 1.078500 1.078500
1597.768921 0.000000 1308.490967 0.000000 0.550382 0.000000 -0.834913 1.609232 1.609232 1.609232
1595.617798 0.000000 1310.370850 0.000000 0.806886 0.000000 -0.590707 1.116747 1.116747 1.116747
1599.784790 0.000000 1313.010986 0.000000 0.977812 0.000000 -0.209485 1.107486 1.107486 1.107486
1599.455078 0.000000 1303.313965 0.000000 0.834865 0.000000 -0.550454 1.085860 1.085860 1.085860
1590.192627 0.000000 1281.741211 0.000000 0.943833 0.000000 -0.330424 1.045399 1.045399 1.045399
1599.594482 0.000000 1317.781616 0.000000 0.593402 0.000000 -0.804907 1.541851 1.541851 1.541851
1585.870239 0.000000 1295.157104 0.000000 0.648358 0.000000 -0.761336 1.324066 1.324066 1.324066
1598.034668 0.000000 1313.915649 0.000000 0.948389 0.000000 -0.317110 1.164340 1.164340 1.164340
1599.892334 0.000000 1310.294678 0.000000 0.407121 0.000000 -0.913374 1.163862 1.163862 1.163862
1598.556152 0.000000 1310.612305 0.000000 0.711399 0.000000 -0.702789 1.110898 1.110898 1.110898
1579.131226 0.000000 1311.985229 0.000000 0.732450 0.000000 -0.680820 1.200049 1.200049 1.200049
1594.392700 0.000000 1310.455933 0.000000 0.676111 0.000000 -0.736800 1.153029 1.153029 1.153029
1598.748901 0.000000 1301.318237 0.000000 0.870420 0.000000 -0.492310 1.231314 1.231314 1.231314
1592.061523 0.000000 1281.373413 0.000000 0.742688 0.000000 -0.669637 1.316896 1.316896 1.316896
1597.768555 0.000000 1309.695435 0.000000 0.718155 0.000000 -0.695883 1.474602 1.474602 1.474602
1597.158936 0.000000 1306.374268 0.000000 0.440668 0.000000 -0.897670 1.578716 1.578716 1.578716
1598.243164 0.000000 1287.167236 0.000000 0.952342 0.000000 -0.305032 1.077386 1.077386 1.077386
1597.613281 0.000000 1315.004883 0.000000 0.999071 0.000000 0.043086 0.988702 0.988702 0.988702
1598.320068 0.000000 1298.521484 0.000000 0.677156 0.000000 -0.735839 1.305532 1.305532 1.305532
1598.359619 0.000000 1285.181641 0.000000 0.998003 0.000000 0.063165 0.984220 0.984220 0.984220
1593.084717 0.000000 1281.669678 0.000000 0.874282 0.000000 -0.485417 1.218906 1.218906 1.218906
1599.131348 0.000000 1285.911865 0.000000 0.999543 0.000000 -0.030232 1.007549 1.007549 1.007549
1596.720703 0.000000 1309.939575 0.000000 0.780629 0.000000 -0.624995 1.416314 1.416314 1.416314
1599.665161 0.000000 1315.274414 0.000000 0.935826 0.000000 -0.352462 1.214923 1.214923 1.214923
1598.799927 0.000000 1313.270874 0.000000 0.974612 0.000000 -0.223899 1.115006 1.115006 1.115006
1598.990479 0.000000 1299.203613 0.000000 0.408692 0.000000 -0.912672 1.424830 1.424830 1.424830
1593.824585 0.000000 1280.969482 0.000000 0.529875 0.000000 -0.848075 1.437234 1.437234 1.437234
1584.496338 0.000000 1295.513184 0.000000 0.516452 0.000000 -0.856316 1.385003 1.385003 1.385003
1598.811768 0.000000 1312.381592 0.000000 0.463041 0.000000 -0.886337 1.554813 1.554813 1.554813
1579.308838 0.000000 1300.237183 0.000000 0.779597 0.000000 -0.626282 1.204442 1.204442 1.204442
1579.848633 0.000000 1301.854248 0.000000 0.479322 0.000000 -0.877639 1.323504 1.323504 1.323504
1595.359619 0.000000 1308.843994 0.000000 0.984063 0.000000 -0.177819 1.113808 1.113808 1.113808
1596.047607 0.000000 1308.119995 0.000000 0.020000 0.000000 -0.999800 1.956294 1.956294 1.956294
1595.736572 0.000000 1307.318481 0.000000 0.197472 0.000000 -0.980309 1.746717 1.746717 1.746717
1578.480225 0.000000 1300.495850 0.000000 0.912039 0.000000 -0.410105 1.127650 1.127650 1.127650
1594.413330 0.000000 1308.365479 0.000000 0.396953 0.000000 -0.917839 1.740135 1.740135 1.740135
1599.934204 0.000000 1313.985229 0.000000 0.998509 0.000000 0.054593 0.972182 0.972182 0.972182
1598.454224 0.000000 1314.855103 0.000000 0.418441 0.000000 -0.908244 1.679654 1.679654 1.679654
1597.154785 0.000000 1309.136719 0.000000 0.808792 0.000000 -0.588095 1.387687 1.387687 1.387687
1608.167114 0.000000 1309.333374 0.000000 0.998753 0.000000 0.049931 0.974809 0.974809 0.974809
1600.367310 0.000000 1283.297363 0.000000 0.957874 0.000000 -0.287189 1.090903 1.090903 1.090903
1609.671753 0.000000 1290.250977 0.000000 0.993367 0.000000 -0.114985 1.057253 1.057253 1.057253
1621.501099 0.000000 1306.272583 0.000000 0.389359 0.000000 -0.921086 1.032154 1.032154 1.032154
1619.874268 0.000000 1301.486328 0.000000 0.576007 0.000000 -0.817445 1.265190 1.265190 1.265190
1615.043945 0.000000 1320.765747 0.000000 0.125723 0.000000 -0.992065 1.919750 1.919750 1.919750
1624.600586 0.000000 1290.099976 0.000000 0.358835 0.000000 -0.933401 1.607068 1.607068 1.607068
1612.546875 0.000000 1309.193726 0.000000 0.087402 0.000000 -0.996173 1.403636 1.403636 1.403636
1603.216064 0.000000 1285.769775 0.000000 0.388774 0.000000 -0.921333 1.497198 1.497198 1.497198
1615.162964 0.000000 1294.655762 0.000000 0.425045 0.000000 -0.905172 1.096069 1.096069 1.096069
1627.393677 0.000000 1292.328369 0.000000 0.551775 0.000000 -0.833993 1.128043 1.128043 1.128043
1620.391357 0.000000 1296.639160 0.000000 0.407552 0.000000 -0.913182 1.204025 1.204025 1.204025
1600.016602 0.000000 1286.866577 0.000000 0.745595 0.000000 -0.666399 1.273136 1.273136 1.273136
1600.769775 0.000000 1280.060547 0.000000 0.990220 0.000000 -0.139514 1.022714 1.022714 1.022714
1632.272949 0.000000 1280.253662 0.000000 0.714967 0.000000 -0.699158 1.092778 1.092778 1.092778
1615.504517 0.000000 1309.846924 0.000000 0.217506 0.000000 -0.976059 1.077606 1.077606 1.077606
1603.059570 0.000000 1315.984131 0.000000 0.999986 0.000000 0.005206 0.997907 0.997907 0.997907
1616.442627 0.000000 1300.322998 0.000000 0.517960 0.000000 -0.855405 1.048683 1.048683 1.048683
1625.527588 0.000000 1287.397095 0.000000 0.374249 0.000000 -0.927328 1.518687 1.518687 1.518687
1602.628174 0.000000 1303.326050 0.000000 0.984765 0.000000 -0.173893 1.026181 1.026181 1.026181
1600.415039 0.000000 1311.452881 0.000000 0.966678 0.000000 -0.255996 1.081434 1.081434 1.081434
1608.166138 0.000000 1312.014404 0.000000 0.840022 0.000000 -0.542552 1.136012 1.136012 1.136012
1619.219604 0.000000 1298.984009 0.000000 0.057850 0.000000 -0.998325 1.755412 1.755412 1.755412
1600.104858 0.000000 1302.272827 0.000000 0.982702 0.000000 -0.185196 1.057664 1.057664 1.057664
1616.518555 0.000000 1322.711426 0.000000 0.607939 0.000000 -0.793984 1.583993 1.583993 1.583993
1621.859253 0.000000 1318.653564 0.000000 0.705688 0.000000 -0.708523 1.137605 1.137605 1.137605
1600.955444 0.000000 1316.559326 0.000000 0.930836 0.000000 -0.365437 1.215746 1.215746 1.215746
1619.236084 0.000000 1316.138916 0.000000 0.981674 0.000000 -0.190567 1.033508 1.033508 1.033508
1603.038818 0.000000 1298.730103 0.000000 0.953307 0.000000 -0.302004 1.023744 1.023744 1.023744
1602.551514 0.000000 1317.985718 0.000000 0.984281 0.000000 -0.176611 1.016843 1.016843 1.016843
1610.602051 0.000000 1288.344116 0.000000 0.164883 0.000000 -0.986313 1.164878 1.164878 1.164878
1620.724976 0.000000 1286.987549 0.000000 0.956229 0.000000 -0.292620 1.071915 1.071915 1.071915
1604.935669 0.000000 1283.539551 0.000000 0.947978 0.000000 -0.318337 1.029117 1.029117 1.029117
1602.014893 0.000000 1281.634277 0.000000 0.946676 0.000000 -0.322188 1.036035 1.036035 1.036035
1621.168213 0.000000 1299.255859 0.000000 0.650140 0.000000 -0.759814 1.280097 1.280097 1.280097
1614.747925 0.000000 1299.323120 0.000000 0.777640 0.000000 -0.628710 1.212173 1.212173 1.212173
1621.727051 0.000000 1284.411743 0.000000 0.654226 0.000000 -0.756299 1.062093 1.062093 1.062093
1607.954956 0.000000 1291.723877 0.000000 0.575325 0.000000 -0.817925 1.353895 1.353895 1.353895
1612.765625 0.000000 1320.088013 0.000000 0.028377 0.000000 -0.999597 1.223341 1.223341 1.223341
1604.941650 0.000000 1289.648682 0.000000 0.449476 0.000000 -0.893292 1.071701 1.071701 1.071701
1627.034912 0.000000 1286.168091 0.000000 0.998664 0.000000 0.051681 0.989932 0.989932 0.989932
1617.879761 0.000000 1317.442383 0.000000 0.514876 0.000000 -0.857265 1.293126 1.293126 1.293126
1630.191528 0.000000 1280.050171 0.000000 0.896082 0.000000 -0.443889 1.051671 1.051671 1.051671
1617.266235 0.000000 1321.045776 0.000000 0.263998 0.000000 -0.964523 1.829917 1.829917 1.829917
1619.892578 0.000000 1323.777588 0.000000 0.959177 0.000000 -0.282806 1.130993 1.130993 1.130993
1610.802002 0.000000 1293.906982 0.000000 0.932000 0.000000 -0.362459 1.033335 1.033335 1.033335
1616.937744 0.000000 1294.223267 0.000000 0.923061 0.000000 -0.384653 1.036471 1.036471 1.036471
1615.590088 0.000000 1318.449707 0.000000 0.139817 0.000000 -0.990177 1.785700 1.785700 1.785700
1622.837402 0.000000 1289.938477 0.000000 0.774625 0.000000 -0.632421 1.405110 1.405110 1.405110
1613.590088 0.000000 1321.704956 0.000000 0.993013 0.000000 -0.118006 1.017127 1.017127 1.017127
1608.515381 0.000000 1307.549561 0.000000 0.009568 0.000000 -0.999954 1.210475 1.210475 1.210475
1623.878174 0.000000 1287.029297 0.000000 0.985127 0.000000 -0.171829 1.080188 1.080188 1.080188
1621.261719 0.000000 1289.323853 0.000000 0.606908 0.000000 -0.794772 1.220167 1.220167 1.220167
1611.362305 0.000000 1290.208984 0.000000 0.991034 0.000000 -0.133608 1.028103 1.028103 1.028103
1618.819580 0.000000 1297.209717 0.000000 0.304608 0.000000 -0.952478 1.535300 1.535300 1.535300
1600.332520 0.000000 1300.064331 0.000000 0.884206 0.000000 -0.467098 1.298481 1.298481 1.298481
1602.963989 0.000000 1280.039307 0.000000 0.859136 0.000000 -0.511747 1.059012 1.059012 1.059012
1606.542969 0.000000 1309.213257 0.000000 0.684955 0.000000 -0.728586 1.154874 1.154874 1.154874
1618.707275 0.000000 1319.776611 0.000000 0.249713 0.000000 -0.968320 1.839328 1.839328 1.839328
1601.989868 0.000000 1304.870972 0.000000 0.071114 0.000000 -0.997468 1.277047 1.277047 1.277047
1609.773560 0.000000 1309.053101 0.000000 0.687462 0.000000 -0.726221 1.409901 1.409901 1.409901
1600.223633 0.000000 1281.596313 0.000000 0.326190 0.000000 -0.945304 1.200983 1.200983 1.200983
1633.931396 0.000000 1280.051392 0.000000 0.969383 0.000000 -0.245554 1.029730 1.029730 1.029730
1611.493164 0.000000 1311.919434 0.000000 0.834640 0.000000 -0.550795 1.371351 1.371351 1.371351
1622.230957 0.000000 1292.845703 0.000000 0.441714 0.000000 -0.897156 1.308511 1.308511 1.308511
1601.042603 0.000000 1303.553345 0.000000 0.953507 0.000000 -0.301372 1.094770 1.094770 1.094770
1603.129517 0.000000 1301.852295 0.000000 0.113734 0.000000 -0.993511 1.298235 1.298235 1.298235
1625.645630 0.000000 1288.990845 0.000000 0.902738 0.000000 -0.430190 1.283107 1.283107 1.283107
1626.899780 0.000000 1288.076050 0.000000 0.481542 0.000000 -0.876423 1.469440 1.469440 1.469440
1609.839600 0.000000 1312.017822 0.000000 0.986238 0.000000 -0.165330 1.039393 1.039393 1.039393
1608.863159 0.000000 1310.730957 0.000000 0.191481 0.000000 -0.981496 1.877342 1.877342 1.877342
1612.323242 0.000000 1310.675293 0.000000 0.154168 0.000000 -0.988045 1.279276 1.279276 1.279276
1604.512817 0.000000 1285.017456 0.000000 0.467395 0.000000 -0.884049 1.105588 1.105588 1.105588
1617.839722 0.000000 1325.772217 0.000000 0.966824 0.000000 -0.255444 1.027085 1.027085 1.027085
1623.599976 0.000000 1291.157593 0.000000 0.930571 0.000000 -0.366112 1.151595 1.151595 1.151595
1615.935059 0.000000 1319.751587 0.000000 0.708786 0.000000 -0.705424 1.430067 1.430067 1.430067
1601.620483 0.000000 1283.822510 0.000000 0.857393 0.000000 -0.514663 1.168709 1.168709 1.168709
1611.114258 0.000000 1309.213989 0.000000 0.266977 0.000000 -0.963703 1.808470 1.808470 1.808470
1617.302368 0.000000 1316.139282 0.000000 0.545232 0.000000 -0.838285 1.282936 1.282936 1.282936
1620.183594 0.000000 1300.144287 0.000000 0.946096 0.000000 -0.323887 1.085639 1.085639 1.085639
1614.062866 0.000000 1319.834106 0.000000 0.985418 0.000000 -0.170151 1.093910 1.093910 1.093910
1606.380127 0.000000 1289.353027 0.000000 0.624461 0.000000 -0.781056 1.259584 1.259584 1.259584
1619.934326 0.000000 1321.679810 0.000000 0.742242 0.000000 -0.670132 1.467525 1.467525 1.467525
1624.487549 0.000000 1293.677856 0.000000 0.609591 0.000000 -0.792716 1.342746 1.342746 1.342746
1600.067749 0.000000 1284.574829 0.000000 0.587983 0.000000 -0.808874 1.444591 1.444591 1.444591
1614.166138 0.000000 1298.225708 0.000000 0.999691 0.000000 0.024859 0.992242 0.992242 0.992242
1620.538940 0.000000 1319.121948 0.000000 0.464928 0.000000 -0.885349 1.190005 1.190005 1.190005
1620.611328 0.000000 1288.234253 0.000000 0.725059 0.000000 -0.688686 1.182070 1.182070 1.182070
1602.638306 0.000000 1284.593018 0.000000 0.919991 0.000000 -0.391938 1.170927 1.170927 1.170927
1612.912964 0.000000 1308.006958 0.000000 0.699210 0.000000 -0.714917 1.216748 1.216748 1.216748
1627.887695 0.000000 1288.825806 0.000000 0.999392 0.000000 0.034866 0.984677 0.984677 0.984677
1618.274658 0.000000 1318.612915 0.000000 0.842915 0.000000 -0.538047 1.361676 1.361676 1.361676
1608.982178 0.000000 1312.903809 0.000000 0.904399 0.000000 -0.426688 1.104552 1.104552 1.104552
1615.945679 0.000000 1296.997803 0.000000 0.744655 0.000000 -0.667450 1.262717 1.262717 1.262717
1611.318970 0.000000 1291.422974 0.000000 0.995322 0.000000 -0.096613 1.020292 1.020292 1.020292
1609.140991 0.000000 1291.381348 0.000000 0.899159 0.000000 -0.437622 1.225033 1.225033 1.225033
1625.868896 0.000000 1290.181885 0.000000 0.736686 0.000000 -0.676235 1.374515 1.374515 1.374515
1618.960083 0.000000 1320.937622 0.000000 0.259651 0.000000 -0.965703 1.832785 1.832785 1.832785
1613.191895 0.000000 1306.432495 0.000000 0.879959 0.000000 -0.475049 1.159424 1.159424 1.159424
1607.564819 0.000000 1308.329224 0.000000 0.797002 0.000000 -0.603976 1.123041 1.123041 1.123041
1619.323120 0.000000 1296.085205 0.000000 0.999769 0.000000 0.021471 0.990887 0.990887 0.990887
1600.000366 0.000000 1317.256958 0.000000 0.271131 0.000000 -0.962542 1.747538 1.747538 1.747538
1623.321899 0.000000 1293.302979 0.000000 0.643929 0.000000 -0.765085 1.241417 1.241417 1.241417
1601.853760 0.000000 1280.430908 0.000000 0.999671 0.000000 0.025663 0.995835 0.995835 0.995835
1617.678711 0.000000 1322.978027 0.000000 0.227961 0.000000 -0.973670 1.853589 1.853589 1.853589
1600.174683 0.000000 1285.763916 0.000000 0.564243 0.000000 -0.825608 1.458296 1.458296 1.458296
1624.694824 0.000000 1291.525146 0.000000 0.539092 0.000000 -0.842247 1.505028 1.505028 1.505028
1617.479004 0.000000 1296.379883 0.000000 0.700343 0.000000 -0.713807 1.361188 1.361188 1.361188
1618.912598 0.000000 1323.322021 0.000000 0.925379 0.000000 -0.379043 1.177613 1.177613 1.177613
1619.058350 0.000000 1317.241455 0.000000 0.001206 0.000000 -0.999999 1.274299 1.274299 1.274299
1608.363037 0.000000 1290.604736 0.000000 0.992504 0.000000 -0.122211 1.060868 1.060868 1.060868
1623.062500 0.000000 1292.117676 0.000000 0.212262 0.000000 -0.977213 1.376022 1.376022 1.376022
1626.545776 0.000000 1287.087524 0.000000 0.963698 0.000000 -0.266996 1.052631 1.052631 1.052631
1615.336426 0.000000 1297.949219 0.000000 0.252562 0.000000 -0.967581 1.472915 1.472915 1.472915
1625.163940 0.000000 1292.445801 0.000000 0.662296 0.000000 -0.749242 1.317155 1.317155 1.317155
1611.365479 0.000000 1310.246582 0.000000 0.617365 0.000000 -0.786677 1.576400 1.576400 1.576400
1609.716553 0.000000 1288.875244 0.000000 0.315491 0.000000 -0.948929 1.433714 1.433714 1.433714
1623.127441 0.000000 1288.892090 0.000000 0.492798 0.000000 -0.870144 1.624516 1.624516 1.624516
1617.694214 0.000000 1320.144653 0.000000 0.967922 0.000000 -0.251250 1.161683 1.161683 1.161683
1610.392334 0.000000 1291.026978 0.000000 0.562383 0.000000 -0.826877 1.204159 1.204159 1.204159
1619.788452 0.000000 1322.749512 0.000000 0.999962 0.000000 0.008762 0.995997 0.995997 0.995997
1618.329468 0.000000 1299.580444 0.000000 0.439360 0.000000 -0.898311 1.557185 1.557185 1.557185
1617.464111 0.000000 1322.025879 0.000000 0.996793 0.000000 0.080022 0.949002 0.949002 0.949002
1609.620605 0.000000 1313.659058 0.000000 0.966169 0.000000 -0.257908 1.061868 1.061868 1.061868
1611.492798 0.000000 1313.764160 0.000000 0.715436 0.000000 -0.698678 1.179602 1.179602 1.179602
1625.025146 0.000000 1288.245239 0.000000 0.888348 0.000000 -0.459172 1.303707 1.303707 1.303707
1621.435181 0.000000 1300.240112 0.000000 0.860704 0.000000 -0.509105 1.138686 1.138686 1.138686
1611.068970 0.000000 1306.905640 0.000000 0.791409 0.000000 -0.611287 1.159268 1.159268 1.159268
1622.182983 0.000000 1289.095337 0.000000 0.518210 0.000000 -0.855254 1.607090 1.607090 1.607090
1623.183594 0.000000 1286.268555 0.000000 0.800456 0.000000 -0.599391 1.298462 1.298462 1.298462
1615.308716 0.000000 1323.211914 0.000000 0.731540 0.000000 -0.681799 1.219136 1.219136 1.219136
1610.611694 0.000000 1311.521240 0.000000 0.980824 0.000000 -0.194896 1.124874 1.124874 1.124874
1622.586304 0.000000 1290.892334 0.000000 0.990951 0.000000 -0.134223 1.054450 1.054450 1.054450
1620.092651 0.000000 1299.227051 0.000000 0.493688 0.000000 -0.869639 1.342230 1.342230 1.342230
1619.048096 0.000000 1298.098511 0.000000 0.811481 0.000000 -0.584378 1.311626 1.311626 1.311626
1601.824951 0.000000 1302.885498 0.000000 0.511902 0.000000 -0.859044 1.319911 1.319911 1.319911
1602.340698 0.000000 1312.938232 0.000000 0.724785 0.000000 -0.688975 1.242888 1.242888 1.242888
1600.877319 0.000000 1315.044434 0.000000 0.943700 0.000000 -0.330803 1.213797 1.213797 1.213797
1626.003906 0.000000 1288.165283 0.000000 0.993898 0.000000 -0.110301 1.048564 1.048564 1.048564
1612.612915 0.000000 1307.132690 0.000000 0.046216 0.000000 -0.998931 1.490993 1.490993 1.490993
1616.251831 0.000000 1297.808228 0.000000 0.830949 0.000000 -0.556349 1.268073 1.268073 1.268073
1601.246460 0.000000 1311.690186 0.000000 0.998202 0.000000 0.059938 0.981134 0.981134 0.981134
1600.919678 0.000000 1284.377563 0.000000 0.988438 0.000000 -0.151627 1.071822 1.071822 1.071822
1608.157959 0.000000 1310.222778 0.000000 0.120302 0.000000 -0.992737 1.923227 1.923227 1.923227
1600.146362 0.000000 1316.297729 0.000000 0.552184 0.000000 -0.833723 1.568522 1.568522 1.568522
1624.307739 0.000000 1287.761719 0.000000 0.999717 0.000000 0.023796 0.989603 0.989603 0.989603
1608.089844 0.000000 1311.183594 0.000000 0.966728 0.000000 -0.255806 1.164682 1.164682 1.164682
1601.657227 0.000000 1314.419678 0.000000 0.992318 0.000000 -0.123717 1.078653 1.078653 1.078653
1600.950806 0.000000 1299.140503 0.000000 0.805981 0.000000 -0.591941 1.355832 1.355832 1.355832
1617.438477 0.000000 1318.436035 0.000000 0.450143 0.000000 -0.892957 1.702746 1.702746 1.702746
1606.708374 0.000000 1290.109985 0.000000 0.980640 0.000000 -0.195819 1.072824 1.072824 1.072824
1601.986572 0.000000 1316.036499 0.000000 0.498600 0.000000 -0.866832 1.604853 1.604853 1.604853
1600.718872 0.000000 1313.346802 0.000000 0.504779 0.000000 -0.863249 1.647544 1.647544 1.647544
1617.985962 0.000000 1319.379639 0.000000 0.109459 0.000000 -0.993991 1.930176 1.930176 1.930176
1712.281738 0.000000 1301.950928 0.000000 0.075555 0.000000 -0.997142 1.227698 1.227698 1.227698
1719.057983 0.000000 1280.752075 0.000000 0.938150 0.000000 -0.346228 1.006178 1.006178 1.006178
1701.210205 0.000000 1325.929688 0.000000 0.163664 0.000000 -0.986516 1.031600 1.031600 1.031600
1714.365845 0.000000 1340.407104 0.000000 0.315041 0.000000 -0.949078 1.103007 1.103007 1.103007
1672.561401 0.000000 1329.880981 0.000000 0.684997 0.000000 -0.728546 1.006113 1.006113 1.006113
1713.762573 0.000000 1293.487793 0.000000 0.764570 0.000000 -0.644540 1.019235 1.019235 1.019235
1723.670044 0.000000 1286.378418 0.000000 0.999899 0.000000 0.014220 0.999645 0.999645 0.999645
1716.888672 0.000000 1287.308228 0.000000 0.703945 0.000000 -0.710254 1.104512 1.104512 1.104512
1702.957764 0.000000 1332.401733 0.000000 0.410728 0.000000 -0.911758 1.065893 1.065893 1.065893
1725.653442 0.000000 1280.806396 0.000000 0.850164 0.000000 -0.526518 1.191038 1.191038 1.191038
1686.067505 0.000000 1324.634521 0.000000 0.904274 0.000000 -0.426953 1.077090 1.077090 1.077090
1716.455933 0.000000 1305.110718 0.000000 0.322633 0.000000 -0.946524 1.031014 1.031014 1.031014
1706.893677 0.000000 1301.241943 0.000000 0.549627 0.000000 -0.835410 1.076532 1.076532 1.076532
1710.322510 0.000000 1297.055664 0.000000 0.974821 0.000000 -0.222990 1.065125 1.065125 1.065125
1683.843872 0.000000 1328.372437 0.000000 0.247924 0.000000 -0.968780 1.026369 1.026369 1.026369
1676.211548 0.000000 1325.100952 0.000000 0.595785 0.000000 -0.803144 1.169956 1.169956 1.169956
1704.809204 0.000000 1323.521362 0.000000 0.153927 0.000000 -0.988082 1.130823 1.130823 1.130823
1685.874756 0.000000 1334.274536 0.000000 0.229784 0.000000 -0.973242 1.066855 1.066855 1.066855
1713.971924 0.000000 1308.266602 0.000000 0.117893 0.000000 -0.993026 1.039892 1.039892 1.039892
1682.711548 0.000000 1322.198486 0.000000 0.999895 0.000000 0.014494 0.999711 0.999711 0.999711
1722.515747 0.000000 1298.426025 0.000000 0.792693 0.000000 -0.609621 1.180036 1.180036 1.180036
1701.207153 0.000000 1322.217529 0.000000 0.000536 0.000000 -1.000000 1.164650 1.164650 1.164650
1711.181274 0.000000 1340.684937 0.000000 0.148830 0.000000 -0.988863 1.085167 1.085167 1.085167
1674.833252 0.000000 1327.841553 0.000000 0.684541 0.000000 -0.728975 1.171296 1.171296 1.171296
1687.391846 0.000000 1327.405762 0.000000 0.929658 0.000000 -0.368423 1.040505 1.040505 1.040505
1727.692627 0.000000 1298.553345 0.000000 0.954994 0.000000 -0.296625 1.007519 1.007519 1.007519
1699.784912 0.000000 1329.119385 0.000000 0.932717 0.000000 -0.360608 1.066314 1.066314 1.066314
1707.660767 0.000000 1298.414185 0.000000 0.974657 0.000000 -0.223705 1.032106 1.032106 1.032106
1712.562744 0.000000 1338.309326 0.000000 0.590103 0.000000 -0.807328 1.356559 1.356559 1.356559
1678.303833 0.000000 1327.169800 0.000000 0.980881 0.000000 -0.194610 1.015158 1.015158 1.015158
1707.963013 0.000000 1295.176514 0.000000 0.441427 0.000000 -0.897297 1.052823 1.052823 1.052823
1714.477783 0.000000 1286.194336 0.000000 0.091834 0.000000 -0.995774 1.077531 1.077531 1.077531
1710.923584 0.000000 1307.676880 0.000000 0.923612 0.000000 -0.383329 1.014732 1.014732 1.014732
1712.365601 0.000000 1342.988403 0.000000 0.999888 0.000000 0.014939 0.997165 0.997165 0.997165
1718.006226 0.000000 1298.454102 0.000000 0.994314 0.000000 -0.106491 1.017580 1.017580 1.017580
1717.933472 0.000000 1289.676025 0.000000 0.305605 0.000000 -0.952159 1.113263 1.113263 1.113263
1696.939941 0.000000 1329.623413 0.000000 0.499560 0.000000 -0.866280 1.313878 1.313878 1.313878
1685.157593 0.000000 1322.428589 0.000000 0.761453 0.000000 -0.648220 1.082752 1.082752 1.082752
1695.436157 0.000000 1326.529663 0.000000 0.998141 0.000000 0.060949 0.994823 0.994823 0.994823
1685.323486 0.000000 1326.696045 0.000000 0.822167 0.000000 -0.569247 1.134558 1.134558 1.134558
1717.523193 0.000000 1285.213379 0.000000 0.965965 0.000000 -0.258673 1.022863 1.022863 1.022863
1682.518311 0.000000 1330.261353 0.000000 0.470411 0.000000 -0.882448 1.097159 1.097159 1.097159
1715.831177 0.000000 1292.888428 0.000000 0.173083 0.000000 -0.984907 1.184825 1.184825 1.184825
1720.390137 0.000000 1298.662476 0.000000 0.716400 0.000000 -0.697689 1.233258 1.233258 1.233258
1705.258911 0.000000 1333.231201 0.000000 0.512195 0.000000 -0.858869 1.232117 1.232117 1.232117
1707.357422 0.000000 1333.305054 0.000000 0.551466 0.000000 -0.834197 1.073898 1.073898 1.073898
1686.452271 0.000000 1332.231689 0.000000 0.999539 0.000000 -0.030351 1.002880 1.002880 1.002880
1720.225708 0.000000 1282.557983 0.000000 0.999982 0.000000 -0.006058 1.000650 1.000650 1.000650
1696.663696 0.000000 1324.756958 0.000000 0.928846 0.000000 -0.370465 1.027477 1.027477 1.027477
1727.276978 0.000000 1282.149902 0.000000 0.240719 0.000000 -0.970595 1.248598 1.248598 1.248598
1710.349976 0.000000 1343.578979 0.000000 0.122790 0.000000 -0.992433 1.090356 1.090356 1.090356
1682.009033 0.000000 1324.066040 0.000000 0.695905 0.000000 -0.718133 1.094001 1.094001 1.094001
1720.273926 0.000000 1302.336670 0.000000 0.113883 0.000000 -0.993494 1.265475 1.265475 1.265475
1704.439331 0.000000 1336.656738 0.000000 0.986927 0.000000 -0.161168 1.016569 1.016569 1.016569
1699.696655 0.000000 1327.146606 0.000000 0.639992 0.000000 -0.768382 1.161893 1.161893 1.161893
1687.797485 0.000000 1325.517090 0.000000 0.897080 0.000000 -0.441868 1.079983 1.079983 1.079983
1714.666260 0.000000 1338.450073 0.000000 0.184092 0.000000 -0.982909 1.245613 1.245613 1.245613
1710.597412 0.000000 1338.933960 0.000000 0.572925 0.000000 -0.819608 1.112729 1.112729 1.112729
1710.762817 0.000000 1298.841797 0.000000 0.533360 0.000000 -0.845888 1.339807 1.339807 1.339807
1727.509155 0.000000 1284.986816 0.000000 0.461067 0.000000 -0.887365 1.095383 1.095383 1.095383
1696.451660 0.000000 1327.948242 0.000000 0.428711 0.000000 -0.903441 1.329406 1.329406 1.329406
1709.491455 0.000000 1308.637207 0.000000 0.077515 0.000000 -0.996991 1.447343 1.447343 1.447343
1720.983887 0.000000 1280.630005 0.000000 0.863056 0.000000 -0.505108 1.060809 1.060809 1.060809
1708.454712 0.000000 1296.836304 0.000000 0.993372 0.000000 -0.114943 1.030485 1.030485 1.030485
1698.207031 0.000000 1328.348877 0.000000 0.022999 0.000000 -0.999735 1.278219 1.278219 1.278219
1709.733276 0.000000 1295.358765 0.000000 0.148981 0.000000 -0.988840 1.166767 1.166767 1.166767
1696.671143 0.000000 1331.298828 0.000000 0.027222 0.000000 -0.999629 1.115608 1.115608 1.115608
1723.966431 0.000000 1299.233521 0.000000 0.337746 0.000000 -0.941237 1.336760 1.336760 1.336760
1708.166992 0.000000 1300.029297 0.000000 0.168727 0.000000 -0.985663 1.241383 1.241383 1.241383
1716.368652 0.000000 1288.999023 0.000000 0.189657 0.000000 -0.981850 1.124027 1.124027 1.124027
1710.590332 0.000000 1301.795532 0.000000 0.197005 0.000000 -0.980402 1.256987 1.256987 1.256987
1713.732300 0.000000 1297.728271 0.000000 0.971989 0.000000 -0.235028 1.037907 1.037907 1.037907
1706.098267 0.000000 1297.940552 0.000000 0.997509 0.000000 -0.070534 1.008636 1.008636 1.008636
1711.189209 0.000000 1311.611084 0.000000 0.307332 0.000000 -0.951603 1.157084 1.157084 1.157084
1714.960327 0.000000 1294.465088 0.000000 0.948761 0.000000 -0.315995 1.038527 1.038527 1.038527
1713.843384 0.000000 1302.139038 0.000000 0.999072 0.000000 -0.043065 1.005162 1.005162 1.005162
1687.374390 0.000000 1333.617554 0.000000 0.820461 0.000000 -0.571702 1.057735 1.057735 1.057735
1720.888672 0.000000 1303.772583 0.000000 0.959338 0.000000 -0.282261 1.052150 1.052150 1.052150
1712.850586 0.000000 1303.361328 0.000000 0.914445 0.000000 -0.404711 1.049930 1.049930 1.049930
1702.766846 0.000000 1322.892090 0.000000 0.258628 0.000000 -0.965977 1.408559 1.408559 1.408559
1722.395020 0.000000 1280.222656 0.000000 0.801468 0.000000 -0.598038 1.177646 1.177646 1.177646
1712.698975 0.000000 1339.762817 0.000000 0.950934 0.000000 -0.309393 1.119366 1.119366 1.119366
1676.657227 0.000000 1326.532104 0.000000 0.987230 0.000000 -0.159301 1.045931 1.045931 1.045931
1701.798096 0.000000 1320.925781 0.000000 0.953525 0.000000 -0.301315 1.035150 1.035150 1.035150
1703.214966 0.000000 1318.185059 0.000000 0.719295 0.000000 -0.694705 1.093951 1.093951 1.093951
1721.827637 0.000000 1301.686646 0.000000 0.804855 0.000000 -0.593471 1.210967 1.210967 1.210967
1677.228027 0.000000 1324.237915 0.000000 0.237311 0.000000 -0.971434 1.242608 1.242608 1.242608
1715.464600 0.000000 1302.907104 0.000000 0.986259 0.000000 -0.165205 1.021960 1.021960 1.021960
1718.007080 0.000000 1286.480103 0.000000 0.922601 0.000000 -0.385757 1.052401 1.052401 1.052401
1717.087891 0.000000 1293.236084 0.000000 0.670394 0.000000 -0.742005 1.110625 1.110625 1.110625
1712.771484 0.000000 1300.695068 0.000000 0.620232 0.000000 -0.784418 1.137328 1.137328 1.137328
1696.668457 0.000000 1326.016968 0.000000 0.890714 0.000000 -0.454564 1.137835 1.137835 1.137835
1727.095581 0.000000 1283.402222 0.000000 0.291644 0.000000 -0.956527 1.238705 1.238705 1.238705
1722.418823 0.000000 1299.667236 0.000000 0.142464 0.000000 -0.989800 1.392116 1.392116 1.392116
1724.820679 0.000000 1283.590942 0.000000 0.998114 0.000000 -0.061386 1.019475 1.019475 1.019475
1708.720093 0.000000 1310.909302 0.000000 0.722277 0.000000 -0.691604 1.301248 1.301248 1.301248
1713.615601 0.000000 1339.014771 0.000000 0.749405 0.000000 -0.662112 1.274601 1.274601 1.274601
1719.170288 0.000000 1301.739746 0.000000 0.852454 0.000000 -0.522802 1.098887 1.098887 1.098887
1713.468628 0.000000 1343.329346 0.000000 0.073316 0.000000 -0.997309 1.284116 1.284116 1.284116
1684.255127 0.000000 1326.267578 0.000000 0.344826 0.000000 -0.938667 1.270796 1.270796 1.270796
1709.383911 0.000000 1299.356079 0.000000 0.183811 0.000000 -0.982962 1.422126 1.422126 1.422126
1726.765381 0.000000 1281.149170 0.000000 0.999942 0.000000 -0.010723 1.002142 1.002142 1.002142
1703.694702 0.000000 1323.766846 0.000000 0.135564 0.000000 -0.990769 1.447760 1.447760 1.447760
1724.771851 0.000000 1280.028564 0.000000 0.998995 0.000000 0.044823 0.984552 0.984552 0.984552
1704.951172 0.000000 1335.697754 0.000000 0.823475 0.000000 -0.567352 1.210859 1.210859 1.210859
1708.286743 0.000000 1311.960327 0.000000 0.663149 0.000000 -0.748487 1.333621 1.333621 1.333621
1709.413086 0.000000 1296.387329 0.000000 0.694310 0.000000 -0.719676 1.212590 1.212590 1.212590
1722.850708 0.000000 1301.843872 0.000000 0.184423 0.000000 -0.982847 1.415020 1.415020 1.415020
1723.631348 0.000000 1281.681885 0.000000 0.493697 0.000000 -0.869634 1.292209 1.292209 1.292209
1697.242188 0.000000 1328.600220 0.000000 0.976256 0.000000 -0.216622 1.065415 1.065415 1.065415
1713.729370 0.000000 1341.304077 0.000000 0.998787 0.000000 -0.049249 1.011685 1.011685 1.011685
1711.667847 0.000000 1299.263062 0.000000 0.122872 0.000000 -0.992422 1.487895 1.487895 1.487895
1677.628052 0.000000 1326.420410 0.000000 0.841934 0.000000 -0.539581 1.163631 1.163631 1.163631
1710.611816 0.000000 1299.888306 0.000000 0.832936 0.000000 -0.553370 1.197638 1.197638 1.197638
1696.524780 0.000000 1326.995605 0.000000 0.659052 0.000000 -0.752097 1.248644 1.248644 1.248644
1711.210205 0.000000 1296.713257 0.000000 0.810399 0.000000 -0.585878 1.181279 1.181279 1.181279
1711.813965 0.000000 1298.322632 0.000000 0.744584 0.000000 -0.667528 1.246333 1.246333 1.246333
1708.388062 0.000000 1297.821899 0.000000 0.672306 0.000000 -0.740274 1.220567 1.220567 1.220567
1722.138428 0.000000 1300.791504 0.000000 0.963360 0.000000 -0.268212 1.081348 1.081348 1.081348
1705.484009 0.000000 1334.268921 0.000000 0.290878 0.000000 -0.956760 1.445862 1.445862 1.445862
1677.328857 0.000000 1327.307007 0.000000 0.045204 0.000000 -0.998978 1.437998 1.437998 1.437998
1703.717285 0.000000 1322.833496 0.000000 0.997264 0.000000 0.073916 0.976912 0.976912 0.976912
1697.807861 0.000000 1329.351807 0.000000 0.886732 0.000000 -0.462285 1.143972 1.143972 1.143972
1708.629028 0.000000 1308.150757 0.000000 0.964488 0.000000 -0.264128 1.080079 1.080079 1.080079
1722.900146 0.000000 1280.957275 0.000000 0.197481 0.000000 -0.980307 1.380207 1.380207 1.380207
1710.189941 0.000000 1298.122070 0.000000 0.763657 0.000000 -0.645622 1.236543 1.236543 1.236543
1702.630493 0.000000 1320.828857 0.000000 0.598671 0.000000 -0.800995 1.354835 1.354835 1.354835
1684.776978 0.000000 1324.395630 0.000000 0.854295 0.000000 -0.519789 1.206058 1.206058 1.206058
1725.386353 0.000000 1281.564941 0.000000 0.890207 0.000000 -0.455556 1.162959 1.162959 1.162959
1736.797729 0.000000 1300.335449 0.000000 0.680536 0.000000 -0.732714 1.106752 1.106752 1.106752
1743.584717 0.000000 1312.958496 0.000000 0.968770 0.000000 -0.247961 1.086955 1.086955 1.086955
1728.100708 0.000000 1341.086426 0.000000 0.998842 0.000000 -0.048113 1.004686 1.004686 1.004686
1790.173340 0.000000 1331.099121 0.000000 0.441035 0.000000 -0.897490 1.047282 1.047282 1.047282
1772.949707 0.000000 1338.235962 0.000000 0.994424 0.000000 -0.105456 1.003693 1.003693 1.003693
1751.480469 0.000000 1285.307617 0.000000 0.999392 0.000000 -0.034876 1.004529 1.004529 1.004529
1733.573486 0.000000 1343.956909 0.000000 0.151395 0.000000 -0.988473 1.099180 1.099180 1.099180
1741.661377 0.000000 1301.948853 0.000000 0.959291 0.000000 -0.282421 1.007863 1.007863 1.007863
1788.728638 0.000000 1335.943481 0.000000 0.251373 0.000000 -0.967890 1.239966 1.239966 1.239966
1738.125244 0.000000 1304.783813 0.000000 0.906023 0.000000 -0.423229 1.133103 1.133103 1.133103
1746.546143 0.000000 1293.387085 0.000000 0.184376 0.000000 -0.982856 1.062255 1.062255 1.062255
1750.794189 0.000000 1320.649292 0.000000 0.632026 0.000000 -0.774947 1.028776 1.028776 1.028776
1746.711548 0.000000 1322.198486 0.000000 0.998964 0.000000 -0.045512 1.004205 1.004205 1.004205
1766.168701 0.000000 1282.670288 0.000000 0.120777 0.000000 -0.992680 1.191823 1.191823 1.191823
1728.769775 0.000000 1280.060547 0.000000 0.500739 0.000000 -0.865599 1.057469 1.057469 1.057469
1741.301758 0.000000 1305.126831 0.000000 0.906412 0.000000 -0.422394 1.054435 1.054435 1.054435
1746.536255 0.000000 1281.220215 0.000000 0.262898 0.000000 -0.964824 1.042346 1.042346 1.042346
1791.100098 0.000000 1338.470459 0.000000 0.998168 0.000000 -0.060502 1.020555 1.020555 1.020555
1766.004639 0.000000 1339.951050 0.000000 0.298712 0.000000 -0.954343 1.129735 1.129735 1.129735
1767.352783 0.000000 1280.085938 0.000000 0.935419 0.000000 -0.353541 1.015336 1.015336 1.015336
1735.838257 0.000000 1302.906494 0.000000 0.120316 0.000000 -0.992736 1.271535 1.271535 1.271535
1733.806641 0.000000 1310.691162 0.000000 0.994910 0.000000 -0.100764 1.006048 1.006048 1.006048
1771.321655 0.000000 1324.613647 0.000000 0.012179 0.000000 -0.999926 1.330749 1.330749 1.330749
1736.166138 0.000000 1312.014404 0.000000 0.994866 0.000000 -0.101202 1.003796 1.003796 1.003796
1748.695923 0.000000 1282.732422 0.000000 0.418377 0.000000 -0.908274 1.042659 1.042659 1.042659
1767.392944 0.000000 1295.058472 0.000000 0.998965 0.000000 0.045481 0.995911 0.995911 0.995911
1746.127686 0.000000 1312.360474 0.000000 0.992098 0.000000 -0.125465 1.006595 1.006595 1.006595
1745.605957 0.000000 1314.788574 0.000000 0.579424 0.000000 -0.815026 1.064224 1.064224 1.064224
1749.157593 0.000000 1322.428589 0.000000 0.528712 0.000000 -0.848801 1.321410 1.321410 1.321410
1765.940063 0.000000 1290.897705 0.000000 0.907034 0.000000 -0.421057 1.057506 1.057506 1.057506
1733.270386 0.000000 1315.638672 0.000000 0.998899 0.000000 -0.046922 1.006211 1.006211 1.006211
1749.323486 0.000000 1326.696045 0.000000 0.902472 0.000000 -0.430748 1.023347 1.023347 1.023347
1747.554810 0.000000 1291.251221 0.000000 0.991908 0.000000 -0.126956 1.013030 1.013030 1.013030
1748.253052 0.000000 1320.385742 0.000000 0.997603 0.000000 0.069193 0.993776 0.993776 0.993776
1748.696655 0.000000 1293.479126 0.000000 0.589820 0.000000 -0.807535 1.105600 1.105600 1.105600
1748.724976 0.000000 1286.987549 0.000000 0.211112 0.000000 -0.977462 1.128840 1.128840 1.128840
1734.814697 0.000000 1300.963257 0.000000 0.403511 0.000000 -0.914975 1.083654 1.083654 1.083654
1789.127441 0.000000 1338.118530 0.000000 0.999906 0.000000 -0.013684 1.005944 1.005944 1.005944
1735.333862 0.000000 1317.928467 0.000000 0.024767 0.000000 -0.999693 1.084914 1.084914 1.084914
1790.798340 0.000000 1336.448853 0.000000 0.999991 0.000000 0.004291 0.998875 0.998875 0.998875
1732.029907 0.000000 1314.202759 0.000000 0.561006 0.000000 -0.827812 1.129035 1.129035 1.129035
1768.439331 0.000000 1336.656738 0.000000 0.998595 0.000000 0.052985 0.992324 0.992324 0.992324
1751.797485 0.000000 1325.517090 0.000000 0.131447 0.000000 -0.991323 1.222732 1.222732 1.222732
1786.920166 0.000000 1336.652344 0.000000 0.986132 0.000000 -0.165964 1.025392 1.025392 1.025392
1789.110596 0.000000 1334.128662 0.000000 0.805941 0.000000 -0.591995 1.115460 1.115460 1.115460
1740.530151 0.000000 1303.444824 0.000000 0.937355 0.000000 -0.348376 1.031981 1.031981 1.031981
1790.490112 0.000000 1341.001465 0.000000 0.740584 0.000000 -0.671964 1.075424 1.075424 1.075424
1747.892578 0.000000 1323.777588 0.000000 0.918168 0.000000 -0.396192 1.037629 1.037629 1.037629
1766.891357 0.000000 1284.763306 0.000000 0.889088 0.000000 -0.457737 1.042731 1.042731 1.042731
1734.887939 0.000000 1314.876831 0.000000 0.914887 0.000000 -0.403710 1.034237 1.034237 1.034237
1732.144531 0.000000 1339.564087 0.000000 0.212110 0.000000 -0.977246 1.105027 1.105027 1.105027
1740.453491 0.000000 1313.579346 0.000000 0.304863 0.000000 -0.952396 1.122778 1.122778 1.122778
1772.390747 0.000000 1327.976685 0.000000 0.244120 0.000000 -0.969745 1.175212 1.175212 1.175212
1737.552612 0.000000 1303.136353 0.000000 0.566812 0.000000 -0.823847 1.292466 1.292466 1.292466
1736.515381 0.000000 1307.549561 0.000000 0.999843 0.000000 -0.017735 1.004915 1.004915 1.004915
1765.024658 0.000000 1283.940674 0.000000 0.672743 0.000000 -0.739877 1.081094 1.081094 1.081094
1751.878174 0.000000 1287.029297 0.000000 0.678242 0.000000 -0.734839 1.076247 1.076247 1.076247
1735.060547 0.000000 1304.437744 0.000000 0.982610 0.000000 -0.185680 1.044295 1.044295 1.044295
1749.261719 0.000000 1289.323853 0.000000 0.922101 0.000000 -0.386948 1.033726 1.033726 1.033726
1791.347290 0.000000 1332.326538 0.000000 0.295233 0.000000 -0.955425 1.298295 1.298295 1.298295
1737.773560 0.000000 1309.053101 0.000000 0.383809 0.000000 -0.923412 1.208607 1.208607 1.208607
1750.250610 0.000000 1286.460571 0.000000 0.838745 0.000000 -0.544525 1.053190 1.053190 1.053190
1734.228882 0.000000 1305.871460 0.000000 0.960057 0.000000 -0.279804 1.067260 1.067260 1.067260
1734.207275 0.000000 1302.942017 0.000000 0.885731 0.000000 -0.464199 1.090387 1.090387 1.090387
1733.067261 0.000000 1312.073608 0.000000 0.571026 0.000000 -0.820932 1.144257 1.144257 1.144257
1739.676392 0.000000 1304.958252 0.000000 0.458901 0.000000 -0.888488 1.333221 1.333221 1.333221
1737.399536 0.000000 1306.212158 0.000000 0.602022 0.000000 -0.798480 1.256268 1.256268 1.256268
1788.030396 0.000000 1339.251831 0.000000 0.062744 0.000000 -0.998030 1.655079 1.655079 1.655079
1735.401611 0.000000 1310.693848 0.000000 0.999312 0.000000 0.037089 0.995091 0.995091 0.995091
1746.128784 0.000000 1291.840454 0.000000 0.755967 0.000000 -0.654609 1.073050 1.073050 1.073050
1764.278320 0.000000 1289.805420 0.000000 0.999355 0.000000 -0.035924 1.004754 1.004754 1.004754
1737.964233 0.000000 1301.256714 0.000000 0.325776 0.000000 -0.945447 1.160843 1.160843 1.160843
1769.667114 0.000000 1341.453247 0.000000 0.654631 0.000000 -0.755949 1.089872 1.089872 1.089872
1739.665649 0.000000 1307.936401 0.000000 0.446187 0.000000 -0.894940 1.232421 1.232421 1.232421
1735.141235 0.000000 1307.238770 0.000000 0.898561 0.000000 -0.438850 1.089604 1.089604 1.089604
1739.022705 0.000000 1303.688110 0.000000 0.824871 0.000000 -0.565321 1.142498 1.142498 1.142498
1735.332397 0.000000 1313.546387 0.000000 0.880687 0.000000 -0.473698 1.067760 1.067760 1.067760
1736.499390 0.000000 1301.701294 0.000000 0.980482 0.000000 -0.196608 1.025691 1.025691 1.025691
1787.757202 0.000000 1337.893799 0.000000 0.025666 0.000000 -0.999671 1.235307 1.235307 1.235307
1791.755615 0.000000 1335.492188 0.000000 0.702184 0.000000 -0.711995 1.302650 1.302650 1.302650
1764.282593 0.000000 1297.723755 0.000000 0.851066 0.000000 -0.525060 1.073143 1.073143 1.073143
1770.184570 0.000000 1329.112427 0.000000 0.380688 0.000000 -0.924704 1.144382 1.144382 1.144382
1738.675415 0.000000 1305.960693 0.000000 0.496487 0.000000 -0.868044 1.320188 1.320188 1.320188
1748.281494 0.000000 1290.154053 0.000000 0.212710 0.000000 -0.977115 1.179481 1.179481 1.179481
1769.478882 0.000000 1337.347656 0.000000 0.705280 0.000000 -0.708929 1.114099 1.114099 1.114099
1735.564819 0.000000 1308.329224 0.000000 0.177123 0.000000 -0.984189 1.236438 1.236438 1.236438
1791.554688 0.000000 1337.387451 0.000000 0.935588 0.000000 -0.353093 1.094599 1.094599 1.094599
1750.420288 0.000000 1323.509399 0.000000 0.632891 0.000000 -0.774241 1.139276 1.139276 1.139276
1790.470703 0.000000 1337.577881 0.000000 0.056589 0.000000 -0.998398 1.396923 1.396923 1.396923
1770.461792 0.000000 1339.470215 0.000000 0.998158 0.000000 -0.060660 1.012880 1.012880 1.012880
1732.576416 0.000000 1340.539307 0.000000 0.325543 0.000000 -0.945527 1.321750 1.321750 1.321750
1768.115845 0.000000 1339.141724 0.000000 0.567581 0.000000 -0.823318 1.335649 1.335649 1.335649
1770.914917 0.000000 1325.582031 0.000000 0.466814 0.000000 -0.884356 1.230268 1.230268 1.230268
1771.487427 0.000000 1327.325317 0.000000 0.687984 0.000000 -0.725726 1.312223 1.312223 1.312223
1791.721191 0.000000 1333.213501 0.000000 0.069037 0.000000 -0.997614 1.352413 1.352413 1.352413
1735.845093 0.000000 1304.980591 0.000000 0.998770 0.000000 -0.049587 1.011765 1.011765 1.011765
1790.052124 0.000000 1334.314087 0.000000 0.511725 0.000000 -0.859149 1.394808 1.394808 1.394808
1788.806641 0.000000 1339.803223 0.000000 0.999408 0.000000 0.034408 0.985050 0.985050 0.985050
1736.519409 0.000000 1306.610474 0.000000 0.966079 0.000000 -0.258245 1.072384 1.072384 1.072384
1736.662720 0.000000 1303.419189 0.000000 0.975576 0.000000 -0.219663 1.066902 1.066902 1.066902
1737.447388 0.000000 1307.845581 0.000000 0.219658 0.000000 -0.975577 1.373923 1.373923 1.373923
1743.179321 0.000000 1313.768799 0.000000 0.018375 0.000000 -0.999831 1.538721 1.538721 1.538721
1791.669922 0.000000 1334.391846 0.000000 0.956453 0.000000 -0.291886 1.113139 1.113139 1.113139
1788.922607 0.000000 1338.964355 0.000000 0.910550 0.000000 -0.413400 1.185134 1.185134 1.185134
1736.626465 0.000000 1302.528931 0.000000 0.345948 0.000000 -0.938254 1.367799 1.367799 1.367799
1790.718994 0.000000 1339.220947 0.000000 0.993945 0.000000 -0.109881 1.037383 1.037383 1.037383
1737.335205 0.000000 1304.947876 0.000000 0.720538 0.000000 -0.693416 1.317542 1.317542 1.317542
1720.645386 0.000000 1396.367310 0.000000 0.999242 0.000000 0.038919 0.996793 0.996793 0.996793
1715.701050 0.000000 1380.844727 0.000000 0.846925 0.000000 -0.531713 1.239335 1.239335 1.239335
1704.323730 0.000000 1405.959473 0.000000 0.150903 0.000000 -0.988549 1.077955 1.077955 1.077955
1694.703125 0.000000 1392.679688 0.000000 0.245623 0.000000 -0.969365 1.353316 1.353316 1.353316
1682.083252 0.000000 1396.457397 0.000000 0.616829 0.000000 -0.787097 1.230734 1.230734 1.230734
1726.173340 0.000000 1395.099121 0.000000 0.746252 0.000000 -0.665663 1.025458 1.025458 1.025458
1719.659180 0.000000 1401.764648 0.000000 0.980064 0.000000 -0.198680 1.127331 1.127331 1.127331
1677.640869 0.000000 1393.921997 0.000000 0.603256 0.000000 -0.797548 1.076060 1.076060 1.076060
1698.333984 0.000000 1395.662842 0.000000 0.999976 0.000000 0.006886 0.995616 0.995616 0.995616
1683.843872 0.000000 1392.372437 0.000000 0.946670 0.000000 -0.322204 1.122851 1.122851 1.122851
1694.574585 0.000000 1388.103027 0.000000 0.149793 0.000000 -0.988717 1.120570 1.120570 1.120570
1708.478394 0.000000 1406.695435 0.000000 0.042819 0.000000 -0.999083 1.194546 1.194546 1.194546
1705.959961 0.000000 1399.235596 0.000000 0.451419 0.000000 -0.892312 1.206422 1.206422 1.206422
1697.726562 0.000000 1390.735229 0.000000 0.170302 0.000000 -0.985392 1.384375 1.384375 1.384375
1676.040161 0.000000 1397.247681 0.000000 0.815361 0.000000 -0.578953 1.180353 1.180353 1.180353
1702.725830 0.000000 1393.065430 0.000000 0.946765 0.000000 -0.321924 1.030276 1.030276 1.030276
1716.370850 0.000000 1401.659180 0.000000 0.747320 0.000000 -0.664464 1.446350 1.446350 1.446350
1700.946777 0.000000 1406.796997 0.000000 0.350885 0.000000 -0.936418 1.081716 1.081716 1.081716
1727.100098 0.000000 1402.470459 0.000000 0.224249 0.000000 -0.974532 1.046997 1.046997 1.046997
1723.648315 0.000000 1397.040283 0.000000 0.926772 0.000000 -0.375624 1.032686 1.032686 1.032686
1721.664062 0.000000 1399.247559 0.000000 0.932034 0.000000 -0.362371 1.104609 1.104609 1.104609
1698.640259 0.000000 1387.829590 0.000000 0.936758 0.000000 -0.349977 1.033920 1.033920 1.033920
1683.208374 0.000000 1399.416626 0.000000 0.980771 0.000000 -0.195160 1.035307 1.035307 1.035307
1675.033569 0.000000 1394.808105 0.000000 0.999946 0.000000 0.010360 0.999017 0.999017 0.999017
1718.357178 0.000000 1381.203247 0.000000 0.995697 0.000000 -0.092665 1.011815 1.011815 1.011815
1717.727539 0.000000 1403.854614 0.000000 0.994858 0.000000 -0.101280 1.039006 1.039006 1.039006
1696.939941 0.000000 1393.623413 0.000000 0.348767 0.000000 -0.937209 1.288055 1.288055 1.288055
1714.638428 0.000000 1383.206665 0.000000 0.998796 0.000000 0.049062 0.983213 0.983213 0.983213
1679.776245 0.000000 1399.863892 0.000000 0.349389 0.000000 -0.936978 1.139403 1.139403 1.139403
1701.227295 0.000000 1394.910278 0.000000 0.942544 0.000000 -0.334082 1.216853 1.216853 1.216853
1714.186890 0.000000 1400.689819 0.000000 0.913561 0.000000 -0.406701 1.024050 1.024050 1.024050
1713.723877 0.000000 1345.977539 0.000000 0.100152 0.000000 -0.994972 1.543325 1.543325 1.543325
1715.010498 0.000000 1378.719116 0.000000 0.789332 0.000000 -0.613967 1.082520 1.082520 1.082520
1692.727417 0.000000 1393.973755 0.000000 0.442578 0.000000 -0.896730 1.291582 1.291582 1.291582
1696.913086 0.000000 1397.532227 0.000000 0.510855 0.000000 -0.859667 1.170476 1.170476 1.170476
1682.518311 0.000000 1394.261353 0.000000 0.677313 0.000000 -0.735695 1.243538 1.243538 1.243538
1708.927124 0.000000 1382.741455 0.000000 0.355899 0.000000 -0.934524 1.096420 1.096420 1.096420
1696.663696 0.000000 1388.756958 0.000000 0.193316 0.000000 -0.981137 1.371076 1.371076 1.371076
1681.341919 0.000000 1398.497559 0.000000 0.964177 0.000000 -0.265260 1.020778 1.020778 1.020778
1702.937378 0.000000 1402.081177 0.000000 0.818891 0.000000 -0.573950 1.114464 1.114464 1.114464
1717.255371 0.000000 1379.462891 0.000000 0.142453 0.000000 -0.989802 1.149718 1.149718 1.149718
1677.557617 0.000000 1395.981079 0.000000 0.987879 0.000000 -0.155227 1.041634 1.041634 1.041634
1711.039795 0.000000 1381.212158 0.000000 0.998699 0.000000 0.050991 0.980514 0.980514 0.980514
1704.439331 0.000000 1400.656738 0.000000 0.317268 0.000000 -0.948336 1.405023 1.405023 1.405023
1677.460327 0.000000 1398.480469 0.000000 0.300988 0.000000 -0.953628 1.151598 1.151598 1.151598
1712.911255 0.000000 1344.058228 0.000000 0.856540 0.000000 -0.516080 1.200362 1.200362 1.200362
1722.920166 0.000000 1400.652344 0.000000 0.093947 0.000000 -0.995577 1.125347 1.125347 1.125347
1725.110596 0.000000 1398.128662 0.000000 0.912016 0.000000 -0.410154 1.123446 1.123446 1.123446
1676.667603 0.000000 1392.010376 0.000000 0.667361 0.000000 -0.744735 1.069216 1.069216 1.069216
1720.078247 0.000000 1398.244995 0.000000 0.999779 0.000000 -0.021039 1.005936 1.005936 1.005936
1680.140503 0.000000 1391.278076 0.000000 0.579062 0.000000 -0.815284 1.247495 1.247495 1.247495
1718.225464 0.000000 1400.693237 0.000000 0.951727 0.000000 -0.306946 1.198614 1.198614 1.198614
1696.451660 0.000000 1391.948242 0.000000 0.046669 0.000000 -0.998910 1.418552 1.418552 1.418552
1698.207031 0.000000 1392.348877 0.000000 0.332294 0.000000 -0.943176 1.452157 1.452157 1.452157
1696.671143 0.000000 1395.298828 0.000000 0.395355 0.000000 -0.918528 1.334286 1.334286 1.334286
1721.274902 0.000000 1401.249023 0.000000 0.154863 0.000000 -0.987936 1.346272 1.346272 1.346272
1679.082520 0.000000 1392.763550 0.000000 0.997538 0.000000 -0.070133 1.012792 1.012792 1.012792
1674.372803 0.000000 1397.970703 0.000000 0.875390 0.000000 -0.483417 1.054165 1.054165 1.054165
1702.154297 0.000000 1397.862915 0.000000 0.774721 0.000000 -0.632303 1.052977 1.052977 1.052977
1702.874268 0.000000 1407.343994 0.000000 0.693605 0.000000 -0.720355 1.088352 1.088352 1.088352
1725.202515 0.000000 1396.397339 0.000000 0.195981 0.000000 -0.980608 1.264041 1.264041 1.264041
1703.126221 0.000000 1394.788818 0.000000 0.429775 0.000000 -0.902936 1.174375 1.174375 1.174375
1701.061157 0.000000 1392.071411 0.000000 0.652420 0.000000 -0.757857 1.264092 1.264092 1.264092
1699.677246 0.000000 1394.671143 0.000000 0.280972 0.000000 -0.959716 1.818686 1.818686 1.818686
1710.397583 0.000000 1406.033325 0.000000 0.302455 0.000000 -0.953164 1.123024 1.123024 1.123024
1710.437988 0.000000 1383.150879 0.000000 0.771789 0.000000 -0.635878 1.237427 1.237427 1.237427
1699.695923 0.000000 1386.759644 0.000000 0.209349 0.000000 -0.977841 1.129011 1.129011 1.129011
1714.010254 0.000000 1379.873413 0.000000 0.944121 0.000000 -0.329599 1.041927 1.041927 1.041927
1704.586792 0.000000 1398.628174 0.000000 0.984718 0.000000 -0.174157 1.032776 1.032776 1.032776
1683.373535 0.000000 1390.995239 0.000000 0.718335 0.000000 -0.695697 1.224736 1.224736 1.224736
1683.943970 0.000000 1393.873291 0.000000 0.460591 0.000000 -0.887612 1.408985 1.408985 1.408985
1674.919556 0.000000 1396.342773 0.000000 0.278421 0.000000 -0.960459 1.138338 1.138338 1.138338
1683.378418 0.000000 1395.842773 0.000000 0.999971 0.000000 0.007629 0.997752 0.997752 0.997752
1681.351440 0.000000 1395.155273 0.000000 0.123350 0.000000 -0.992363 1.592505 1.592505 1.592505
1702.817261 0.000000 1400.566284 0.000000 0.990830 0.000000 -0.135117 1.042295 1.042295 1.042295
1676.522827 0.000000 1394.896606 0.000000 0.384607 0.000000 -0.923080 1.314149 1.314149 1.314149
1694.269165 0.000000 1391.325073 0.000000 0.166032 0.000000 -0.986120 1.224329 1.224329 1.224329
1678.655762 0.000000 1394.848022 0.000000 0.315238 0.000000 -0.949013 1.433806 1.433806 1.433806
1701.599731 0.000000 1396.240356 0.000000 0.279479 0.000000 -0.960152 1.819676 1.819676 1.819676
1697.907349 0.000000 1389.251099 0.000000 0.828286 0.000000 -0.560305 1.160362 1.160362 1.160362
1685.172607 0.000000 1396.573730 0.000000 0.998325 0.000000 -0.057851 1.010838 1.010838 1.010838
1716.971069 0.000000 1381.257446 0.000000 0.992163 0.000000 -0.124950 1.042223 1.042223 1.042223
1678.882935 0.000000 1396.257446 0.000000 0.025950 0.000000 -0.999663 1.451243 1.451243 1.451243
1712.268188 0.000000 1381.623047 0.000000 0.088539 0.000000 -0.996073 1.762249 1.762249 1.762249
1714.770996 0.000000 1381.765625 0.000000 0.761627 0.000000 -0.648016 1.300961 1.300961 1.300961
1695.649048 0.000000 1397.443359 0.000000 0.086173 0.000000 -0.996280 1.244607 1.244607 1.244607
1696.668457 0.000000 1390.016968 0.000000 0.371128 0.000000 -0.928582 1.326956 1.326956 1.326956
1713.987305 0.000000 1344.744263 0.000000 0.330058 0.000000 -0.943961 1.456109 1.456109 1.456109
1676.084595 0.000000 1396.040894 0.000000 0.314840 0.000000 -0.949145 1.365268 1.365268 1.365268
1683.886597 0.000000 1398.484985 0.000000 0.859610 0.000000 -0.510951 1.096399 1.096399 1.096399
1680.873901 0.000000 1390.411499 0.000000 0.971806 0.000000 -0.235782 1.061801 1.061801 1.061801
1695.654541 0.000000 1394.868774 0.000000 0.905322 0.000000 -0.424726 1.148938 1.148938 1.148938
1716.291138 0.000000 1398.821533 0.000000 0.796107 0.000000 -0.605155 1.173625 1.173625 1.173625
1711.209961 0.000000 1382.316162 0.000000 0.547571 0.000000 -0.836759 1.341539 1.341539 1.341539
1704.951172 0.000000 1399.697754 0.000000 0.042081 0.000000 -0.999114 1.286236 1.286236 1.286236
1721.934570 0.000000 1400.268555 0.000000 0.223215 0.000000 -0.974769 1.329238 1.329238 1.329238
1682.388428 0.000000 1395.432251 0.000000 0.874588 0.000000 -0.484867 1.149126 1.149126 1.149126
1698.798340 0.000000 1390.574341 0.000000 0.793118 0.000000 -0.609068 1.191289 1.191289 1.191289
1719.389282 0.000000 1399.207642 0.000000 0.305265 0.000000 -0.952268 1.550742 1.550742 1.550742
1700.468018 0.000000 1393.957520 0.000000 0.706904 0.000000 -0.707310 1.241265 1.241265 1.241265
1684.890991 0.000000 1397.939209 0.000000 0.998570 0.000000 -0.053464 1.010015 1.010015 1.010015
1720.622314 0.000000 1399.184326 0.000000 0.551648 0.000000 -0.834077 1.278289 1.278289 1.278289
1699.234253 0.000000 1392.134766 0.000000 0.935453 0.000000 -0.353450 1.132579 1.132579 1.132579
1714.711548 0.000000 1380.607422 0.000000 0.994042 0.000000 -0.109001 1.046626 1.046626 1.046626
1715.659180 0.000000 1383.326782 0.000000 0.314475 0.000000 -0.949266 1.427839 1.427839 1.427839
1711.334351 0.000000 1380.224121 0.000000 0.941143 0.000000 -0.338009 1.131704 1.131704 1.131704
1719.784546 0.000000 1402.757812 0.000000 0.382037 0.000000 -0.924147 1.414952 1.414952 1.414952
1724.551270 0.000000 1398.952148 0.000000 0.178001 0.000000 -0.984030 1.406551 1.406551 1.406551
1717.288208 0.000000 1398.862183 0.000000 0.126656 0.000000 -0.991947 1.385683 1.385683 1.385683
1697.242188 0.000000 1392.600220 0.000000 0.223551 0.000000 -0.974692 1.319077 1.319077 1.319077
1697.359619 0.000000 1394.527100 0.000000 0.931051 0.000000 -0.364890 1.107237 1.107237 1.107237
1726.934448 0.000000 1398.927490 0.000000 0.963396 0.000000 -0.268081 1.065724 1.065724 1.065724
1695.724609 0.000000 1392.622437 0.000000 0.402474 0.000000 -0.915431 1.308958 1.308958 1.308958
1716.498657 0.000000 1383.739746 0.000000 0.819275 0.000000 -0.573401 1.147879 1.147879 1.147879
1721.231079 0.000000 1398.407227 0.000000 0.544489 0.000000 -0.838768 1.280704 1.280704 1.280704
1698.781616 0.000000 1396.506470 0.000000 0.917681 0.000000 -0.397318 1.260118 1.260118 1.260118
1698.557983 0.000000 1391.472534 0.000000 0.991161 0.000000 -0.132667 1.038866 1.038866 1.038866
1718.763184 0.000000 1399.909912 0.000000 0.813272 0.000000 -0.581883 1.271331 1.271331 1.271331
1700.660889 0.000000 1392.940308 0.000000 0.910301 0.000000 -0.413946 1.131055 1.131055 1.131055
1698.799927 0.000000 1394.896851 0.000000 0.966424 0.000000 -0.256954 1.165438 1.165438 1.165438
1717.214844 0.000000 1402.002319 0.000000 0.723656 0.000000 -0.690161 1.292854 1.292854 1.292854
1679.797363 0.000000 1396.238525 0.000000 0.999050 0.000000 -0.043573 1.012732 1.012732 1.012732
1681.983643 0.000000 1392.094238 0.000000 0.169266 0.000000 -0.985570 1.514050 1.514050 1.514050
1718.917358 0.000000 1402.355225 0.000000 0.999009 0.000000 -0.044504 1.015671 1.015671 1.015671
1695.870361 0.000000 1395.688232 0.000000 0.014539 0.000000 -0.999894 1.528397 1.528397 1.528397
1713.987061 0.000000 1382.053711 0.000000 0.975548 0.000000 -0.219785 1.100133 1.100133 1.100133
1712.082031 0.000000 1344.770752 0.000000 0.926439 0.000000 -0.376445 1.142607 1.142607 1.142607
1763.523926 0.000000 1355.150513 0.000000 0.019604 0.000000 -0.999808 1.123924 1.123924 1.123924
1773.218750 0.000000 1380.399780 0.000000 0.531706 0.000000 -0.846929 1.388383 1.388383 1.388383
1760.448853 0.000000 1361.080078 0.000000 0.748547 0.000000 -0.663081 1.016288 1.016288 1.016288
1751.391846 0.000000 1391.405762 0.000000 0.710041 0.000000 -0.704161 1.226247 1.226247 1.226247
1743.504517 0.000000 1373.846924 0.000000 0.665716 0.000000 -0.746205 1.033647 1.033647 1.033647
1765.385620 0.000000 1357.613403 0.000000 0.537827 0.000000 -0.843055 1.192799 1.192799 1.192799
1763.974487 0.000000 1352.327515 0.000000 0.375150 0.000000 -0.926964 1.097729 1.097729 1.097729
1752.821899 0.000000 1397.130737 0.000000 0.885664 0.000000 -0.464328 1.038577 1.038577 1.038577
1745.605957 0.000000 1378.788574 0.000000 0.994497 0.000000 -0.104765 1.012840 1.012840 1.012840
1762.254395 0.000000 1359.647949 0.000000 0.902057 0.000000 -0.431617 1.174925 1.174925 1.174925
1749.890869 0.000000 1393.067383 0.000000 0.993258 0.000000 -0.115925 1.006672 1.006672 1.006672
1751.595093 0.000000 1399.508057 0.000000 0.940741 0.000000 -0.339127 1.030232 1.030232 1.030232
1748.018555 0.000000 1397.322388 0.000000 0.128130 0.000000 -0.991757 1.388887 1.388887 1.388887
1746.009033 0.000000 1388.066040 0.000000 0.298679 0.000000 -0.954354 1.136067 1.136067 1.136067
1775.039795 0.000000 1381.212158 0.000000 0.725746 0.000000 -0.687963 1.136374 1.136374 1.136374
1743.311523 0.000000 1378.858521 0.000000 0.859353 0.000000 -0.511383 1.054945 1.054945 1.054945
1728.010376 0.000000 1398.110107 0.000000 0.189263 0.000000 -0.981926 1.096493 1.096493 1.096493
1773.218628 0.000000 1378.373779 0.000000 0.860362 0.000000 -0.509684 1.064089 1.064089 1.064089
1762.241943 0.000000 1361.576294 0.000000 0.999657 0.000000 0.026181 0.996535 0.996535 0.996535
1744.635620 0.000000 1372.423584 0.000000 0.275893 0.000000 -0.961188 1.128950 1.128950 1.128950
1765.683105 0.000000 1353.140625 0.000000 0.602463 0.000000 -0.798147 1.272266 1.272266 1.272266
1760.616577 0.000000 1359.394165 0.000000 0.506398 0.000000 -0.862300 1.124603 1.124603 1.124603
1750.105835 0.000000 1394.727173 0.000000 0.981273 0.000000 -0.192622 1.021292 1.021292 1.021292
1744.999878 0.000000 1377.445923 0.000000 0.169607 0.000000 -0.985512 1.450994 1.450994 1.450994
1748.766479 0.000000 1389.237305 0.000000 0.941895 0.000000 -0.335906 1.124009 1.124009 1.124009
1750.552856 0.000000 1390.055908 0.000000 0.986848 0.000000 -0.161650 1.047020 1.047020 1.047020
1771.085449 0.000000 1380.461426 0.000000 0.995802 0.000000 -0.091539 1.010985 1.010985 1.010985
1762.491699 0.000000 1358.322021 0.000000 0.220066 0.000000 -0.975485 1.528718 1.528718 1.528718
1767.114258 0.000000 1354.085693 0.000000 0.905064 0.000000 -0.425276 1.088829 1.088829 1.088829
1749.041992 0.000000 1391.947632 0.000000 0.853691 0.000000 -0.520780 1.117607 1.117607 1.117607
1766.368652 0.000000 1352.043701 0.000000 0.839618 0.000000 -0.543177 1.114685 1.114685 1.114685
1750.286255 0.000000 1391.921753 0.000000 0.101220 0.000000 -0.994864 1.425538 1.425538 1.425538
1765.036377 0.000000 1359.324097 0.000000 0.333718 0.000000 -0.942673 1.297997 1.297997 1.297997
1767.120605 0.000000 1355.302490 0.000000 0.985887 0.000000 -0.167411 1.034014 1.034014 1.034014
1764.771729 0.000000 1354.939819 0.000000 0.776708 0.000000 -0.629861 1.163304 1.163304 1.163304
1748.255127 0.000000 1390.267578 0.000000 0.115493 0.000000 -0.993308 1.312403 1.312403 1.312403
1750.026367 0.000000 1397.225830 0.000000 0.959765 0.000000 -0.280806 1.085983 1.085983 1.085983
1749.587280 0.000000 1389.763062 0.000000 0.854391 0.000000 -0.519631 1.197803 1.197803 1.197803
1748.251221 0.000000 1396.268555 0.000000 0.997652 0.000000 0.068492 0.981518 0.981518 0.981518
1743.740479 0.000000 1376.033325 0.000000 0.479212 0.000000 -0.877699 1.288781 1.288781 1.288781
1763.353027 0.000000 1358.060059 0.000000 0.104674 0.000000 -0.994507 1.574583 1.574583 1.574583
1745.276001 0.000000 1376.636475 0.000000 0.096688 0.000000 -0.995315 1.474695 1.474695 1.474695
1745.636841 0.000000 1377.961060 0.000000 0.039592 0.000000 -0.999216 1.493128 1.493128 1.493128
1762.969116 0.000000 1358.997070 0.000000 0.033826 0.000000 -0.999428 1.602426 1.602426 1.602426
1712.281738 0.000000 1429.950928 0.000000 0.675801 0.000000 -0.737085 1.084829 1.084829 1.084829
1692.366943 0.000000 1415.669678 0.000000 0.834845 0.000000 -0.550484 1.013098 1.013098 1.013098
1719.376587 0.000000 1428.529785 0.000000 0.858150 0.000000 -0.513399 1.029612 1.029612 1.029612
1716.888672 0.000000 1415.308228 0.000000 0.634183 0.000000 -0.773183 1.077230 1.077230 1.077230
1693.504639 0.000000 1409.727539 0.000000 0.658653 0.000000 -0.752447 1.193510 1.193510 1.193510
1716.455933 0.000000 1433.110718 0.000000 0.645884 0.000000 -0.763436 1.151798 1.151798 1.151798
1705.306641 0.000000 1438.178101 0.000000 0.891884 0.000000 -0.452264 1.007030 1.007030 1.007030
1720.031128 0.000000 1412.688599 0.000000 0.990263 0.000000 -0.139210 1.023710 1.023710 1.023710
1716.006104 0.000000 1429.699219 0.000000 0.222108 0.000000 -0.975022 1.272355 1.272355 1.272355
1704.751221 0.000000 1413.386230 0.000000 0.835310 0.000000 -0.549779 1.209266 1.209266 1.209266
1708.305664 0.000000 1408.071289 0.000000 0.906550 0.000000 -0.422098 1.223018 1.223018 1.223018
1712.406372 0.000000 1433.438843 0.000000 0.820861 0.000000 -0.571129 1.063739 1.063739 1.063739
1719.407959 0.000000 1432.139771 0.000000 0.866969 0.000000 -0.498361 1.022142 1.022142 1.022142
1723.632568 0.000000 1417.393555 0.000000 0.056965 0.000000 -0.998376 1.109599 1.109599 1.109599
1699.375366 0.000000 1411.457397 0.000000 0.987398 0.000000 -0.158259 1.009126 1.009126 1.009126
1710.680054 0.000000 1441.104980 0.000000 0.783035 0.000000 -0.621978 1.023462 1.023462 1.023462
1714.325928 0.000000 1431.655396 0.000000 0.708544 0.000000 -0.705666 1.228817 1.228817 1.228817
1695.789185 0.000000 1410.738892 0.000000 0.682220 0.000000 -0.731147 1.071651 1.071651 1.071651
1719.301025 0.000000 1414.958862 0.000000 0.673439 0.000000 -0.739243 1.228469 1.228469 1.228469
1721.476807 0.000000 1414.478638 0.000000 0.327773 0.000000 -0.944757 1.361279 1.361279 1.361279
1714.036743 0.000000 1428.506348 0.000000 0.866403 0.000000 -0.499346 1.122699 1.122699 1.122699
1707.433716 0.000000 1438.806030 0.000000 0.965203 0.000000 -0.261501 1.023779 1.023779 1.023779
1692.133301 0.000000 1408.063354 0.000000 0.352797 0.000000 -0.935700 1.274949 1.274949 1.274949
1718.071899 0.000000 1430.322998 0.000000 0.997842 0.000000 -0.065665 1.004922 1.004922 1.004922
1710.709351 0.000000 1411.361328 0.000000 0.992464 0.000000 -0.122540 1.023923 1.023923 1.023923
1716.408569 0.000000 1427.720093 0.000000 0.528033 0.000000 -0.849224 1.055721 1.055721 1.055721
1689.045776 0.000000 1411.978638 0.000000 0.601521 0.000000 -0.798857 1.103963 1.103963 1.103963
1701.411133 0.000000 1408.264526 0.000000 0.999523 0.000000 -0.030876 1.006630 1.006630 1.006630
1704.095581 0.000000 1411.528564 0.000000 0.759380 0.000000 -0.650648 1.334274 1.334274 1.334274
1707.168579 0.000000 1434.154297 0.000000 0.573030 0.000000 -0.819534 1.083936 1.083936 1.083936
1706.524658 0.000000 1408.571411 0.000000 0.656136 0.000000 -0.754643 1.277527 1.277527 1.277527
1722.614990 0.000000 1415.862549 0.000000 0.227395 0.000000 -0.973803 1.150699 1.150699 1.150699
1702.891357 0.000000 1412.763306 0.000000 0.971605 0.000000 -0.236610 1.066793 1.066793 1.066793
1689.542847 0.000000 1410.331543 0.000000 0.994626 0.000000 -0.103531 1.011652 1.011652 1.011652
1709.491455 0.000000 1436.637207 0.000000 0.613778 0.000000 -0.789479 1.265795 1.265795 1.265795
1716.742676 0.000000 1431.416138 0.000000 0.869316 0.000000 -0.494257 1.130357 1.130357 1.130357
1703.680664 0.000000 1409.819336 0.000000 0.814643 0.000000 -0.579962 1.180715 1.180715 1.180715
1701.024658 0.000000 1411.940674 0.000000 0.428143 0.000000 -0.903711 1.245079 1.245079 1.245079
1710.590210 0.000000 1408.062866 0.000000 0.971344 0.000000 -0.237679 1.070096 1.070096 1.070096
1692.511597 0.000000 1413.775879 0.000000 0.370449 0.000000 -0.928853 1.160604 1.160604 1.160604
1713.843384 0.000000 1430.139038 0.000000 0.999929 0.000000 0.011949 0.998210 0.998210 0.998210
1708.815552 0.000000 1435.248657 0.000000 0.160645 0.000000 -0.987012 1.274464 1.274464 1.274464
1712.850586 0.000000 1431.361328 0.000000 0.319423 0.000000 -0.947612 1.186593 1.186593 1.186593
1708.445557 0.000000 1437.692993 0.000000 0.415317 0.000000 -0.909677 1.333721 1.333721 1.333721
1717.903320 0.000000 1432.227173 0.000000 0.209318 0.000000 -0.977848 1.237657 1.237657 1.237657
1720.542358 0.000000 1415.652344 0.000000 0.898420 0.000000 -0.439137 1.132798 1.132798 1.132798
1718.666504 0.000000 1412.412598 0.000000 0.997369 0.000000 0.072487 0.988408 0.988408 0.988408
1702.269165 0.000000 1409.307007 0.000000 0.967697 0.000000 -0.252116 1.074445 1.074445 1.074445
1715.464600 0.000000 1430.907104 0.000000 0.747018 0.000000 -0.664803 1.212421 1.212421 1.212421
1719.084961 0.000000 1413.644409 0.000000 0.681698 0.000000 -0.731634 1.131133 1.131133 1.131133
1715.389526 0.000000 1428.531372 0.000000 0.155936 0.000000 -0.987767 1.331883 1.331883 1.331883
1715.174194 0.000000 1432.635132 0.000000 0.676159 0.000000 -0.736756 1.181966 1.181966 1.181966
1707.433594 0.000000 1412.499146 0.000000 0.999408 0.000000 0.034399 0.993558 0.993558 0.993558
1690.528564 0.000000 1411.093262 0.000000 0.572800 0.000000 -0.819695 1.280669 1.280669 1.280669
1706.533691 0.000000 1410.614868 0.000000 0.948861 0.000000 -0.315695 1.128298 1.128298 1.128298
1705.107910 0.000000 1412.215088 0.000000 0.227533 0.000000 -0.973770 1.482184 1.482184 1.482184
1703.614990 0.000000 1413.795044 0.000000 0.986210 0.000000 -0.165498 1.046489 1.046489 1.046489
1717.190796 0.000000 1429.547729 0.000000 0.777521 0.000000 -0.628856 1.137526 1.137526 1.137526
1721.248779 0.000000 1413.235596 0.000000 0.539086 0.000000 -0.842251 1.170011 1.170011 1.170011
1702.904053 0.000000 1411.580322 0.000000 0.924403 0.000000 -0.381418 1.181717 1.181717 1.181717
1711.752930 0.000000 1408.025757 0.000000 0.639974 0.000000 -0.768397 1.255973 1.255973 1.255973
1707.959106 0.000000 1411.389404 0.000000 0.723143 0.000000 -0.690698 1.304560 1.304560 1.304560
1721.543213 0.000000 1416.253784 0.000000 0.952743 0.000000 -0.303777 1.067039 1.067039 1.067039
1693.223022 0.000000 1408.596558 0.000000 0.987083 0.000000 -0.160209 1.036555 1.036555 1.036555
1714.769897 0.000000 1429.497559 0.000000 0.749466 0.000000 -0.662043 1.169797 1.169797 1.169797
1708.286743 0.000000 1439.960327 0.000000 0.260312 0.000000 -0.965525 1.257865 1.257865 1.257865
1690.126587 0.000000 1409.419800 0.000000 0.509011 0.000000 -0.860760 1.248479 1.248479 1.248479
1700.336914 0.000000 1411.007568 0.000000 0.037862 0.000000 -0.999283 1.332951 1.332951 1.332951
1705.214844 0.000000 1411.127319 0.000000 0.999585 0.000000 -0.028795 1.013589 1.013589 1.013589
1693.687378 0.000000 1411.988037 0.000000 0.997384 0.000000 -0.072292 1.019870 1.019870 1.019870
1711.731934 0.000000 1411.530884 0.000000 0.428469 0.000000 -0.903556 1.219656 1.219656 1.219656
1703.980591 0.000000 1412.567383 0.000000 0.730502 0.000000 -0.682910 1.210196 1.210196 1.210196
1718.480225 0.000000 1415.591675 0.000000 0.381197 0.000000 -0.924494 1.323971 1.323971 1.323971
1692.630493 0.000000 1410.323608 0.000000 0.090305 0.000000 -0.995914 1.406539 1.406539 1.406539
1691.599731 0.000000 1411.351318 0.000000 0.797026 0.000000 -0.603945 1.189407 1.189407 1.189407
1716.488892 0.000000 1428.792725 0.000000 0.983817 0.000000 -0.179179 1.036430 1.036430 1.036430
1704.410156 0.000000 1410.531982 0.000000 0.998194 0.000000 -0.060077 1.028364 1.028364 1.028364
1716.614258 0.000000 1430.459229 0.000000 0.684323 0.000000 -0.729179 1.206038 1.206038 1.206038
1703.223999 0.000000 1408.995483 0.000000 0.984306 0.000000 -0.176473 1.051818 1.051818 1.051818
1702.491699 0.000000 1408.417114 0.000000 0.888933 0.000000 -0.458037 1.138975 1.138975 1.138975
1707.073242 0.000000 1411.353760 0.000000 0.606578 0.000000 -0.795024 1.367111 1.367111 1.367111
1707.462036 0.000000 1408.001831 0.000000 0.997492 0.000000 -0.070772 1.022988 1.022988 1.022988
1708.632690 0.000000 1410.264648 0.000000 0.970541 0.000000 -0.240938 1.120283 1.120283 1.120283
1702.716919 0.000000 1410.046753 0.000000 0.442619 0.000000 -0.896710 1.516496 1.516496 1.516496
1792.499634 0.000000 1331.129517 0.000000 0.843942 0.000000 -0.536435 1.004241 1.004241 1.004241
1793.896240 0.000000 1333.310303 0.000000 0.946834 0.000000 -0.321723 1.021261 1.021261 1.021261
1792.017456 0.000000 1338.450195 0.000000 0.999994 0.000000 -0.003493 1.000340 1.000340 1.000340
"}
