object={
	name="tree_pine_01_a_generator_1_0"
	render_pass=Map
	clamp_to_water_level=no
	generated_content=yes
	layer="tree_high_layer"
	pdxmesh="tree_pine_single_01_a_mesh"
	count=451
	transform="1523.368530 0.000000 1297.918701 0.000000 0.542054 0.000000 0.840343 1.000000 1.000000 1.000000
1598.173340 0.000000 1139.099121 0.000000 0.813112 0.000000 0.582108 1.000000 1.000000 1.000000
1596.728638 0.000000 1143.943481 0.000000 0.607683 0.000000 0.794180 1.000000 1.000000 1.000000
1598.933350 0.000000 1141.930298 0.000000 0.755807 0.000000 0.654794 1.000000 1.000000 1.000000
1584.562744 0.000000 1146.309326 0.000000 0.800096 0.000000 0.599872 1.000000 1.000000 1.000000
1599.694702 0.000000 1124.460327 0.000000 0.593728 0.000000 0.804666 1.000000 1.000000 1.000000
1598.276367 0.000000 1126.096924 0.000000 0.766964 0.000000 0.641690 1.000000 1.000000 1.000000
1581.178711 0.000000 1148.881958 0.000000 0.844286 0.000000 0.535892 1.000000 1.000000 1.000000
1594.236816 0.000000 1139.846802 0.000000 0.046279 0.000000 0.998929 1.000000 1.000000 1.000000
1594.795532 0.000000 1136.373413 0.000000 0.849756 0.000000 0.527176 1.000000 1.000000 1.000000
1597.202515 0.000000 1140.397339 0.000000 0.446025 0.000000 0.895021 1.000000 1.000000 1.000000
1584.687866 0.000000 1149.326294 0.000000 0.686152 0.000000 0.727458 1.000000 1.000000 1.000000
1584.698975 0.000000 1147.762817 0.000000 0.575321 0.000000 0.817928 1.000000 1.000000 1.000000
1583.615234 0.000000 1149.985474 0.000000 0.066018 0.000000 0.997818 1.000000 1.000000 1.000000
1600.712646 0.000000 1122.175537 0.000000 0.684356 0.000000 0.729148 1.000000 1.000000 1.000000
1613.428833 0.000000 1144.461914 0.000000 0.047903 0.000000 0.998852 1.000000 1.000000 1.000000
1619.627563 0.000000 1126.229858 0.000000 0.365834 0.000000 0.930680 1.000000 1.000000 1.000000
1625.410400 0.000000 1124.740967 0.000000 0.855643 0.000000 0.517566 1.000000 1.000000 1.000000
1642.893677 0.000000 1109.241943 0.000000 0.470511 0.000000 0.882394 1.000000 1.000000 1.000000
1630.574585 0.000000 1132.103027 0.000000 0.825189 0.000000 0.564857 1.000000 1.000000 1.000000
1622.794189 0.000000 1128.649292 0.000000 0.152605 0.000000 0.988287 1.000000 1.000000 1.000000
1621.898193 0.000000 1150.725342 0.000000 0.495791 0.000000 0.868442 1.000000 1.000000 1.000000
1630.089478 0.000000 1127.723022 0.000000 0.734238 0.000000 0.678892 1.000000 1.000000 1.000000
1651.167358 0.000000 1098.150757 0.000000 0.718137 0.000000 0.695902 1.000000 1.000000 1.000000
1631.893433 0.000000 1113.480591 0.000000 0.753212 0.000000 0.657778 1.000000 1.000000 1.000000
1655.710083 0.000000 1120.172607 0.000000 0.087753 0.000000 0.996142 1.000000 1.000000 1.000000
1624.890625 0.000000 1131.964600 0.000000 0.495682 0.000000 0.868504 1.000000 1.000000 1.000000
1619.236816 0.000000 1149.685303 0.000000 0.700188 0.000000 0.713959 1.000000 1.000000 1.000000
1630.410522 0.000000 1120.941772 0.000000 0.119915 0.000000 0.992784 1.000000 1.000000 1.000000
1660.294434 0.000000 1117.041016 0.000000 0.715397 0.000000 0.698718 1.000000 1.000000 1.000000
1625.631714 0.000000 1107.833496 0.000000 0.067641 0.000000 0.997710 1.000000 1.000000 1.000000
1629.129639 0.000000 1125.459229 0.000000 0.648731 0.000000 0.761017 1.000000 1.000000 1.000000
1647.595947 0.000000 1141.427246 0.000000 0.643727 0.000000 0.765255 1.000000 1.000000 1.000000
1630.964600 0.000000 1125.805542 0.000000 0.132353 0.000000 0.991203 1.000000 1.000000 1.000000
1622.064941 0.000000 1104.063232 0.000000 0.759535 0.000000 0.650466 1.000000 1.000000 1.000000
1643.778564 0.000000 1110.714355 0.000000 0.738795 0.000000 0.673930 1.000000 1.000000 1.000000
1644.815552 0.000000 1115.248657 0.000000 0.088835 0.000000 0.996046 1.000000 1.000000 1.000000
1657.581177 0.000000 1123.667358 0.000000 0.425961 0.000000 0.904742 1.000000 1.000000 1.000000
1628.496216 0.000000 1112.964600 0.000000 0.532661 0.000000 0.846329 1.000000 1.000000 1.000000
1631.078003 0.000000 1122.618774 0.000000 0.850199 0.000000 0.526462 1.000000 1.000000 1.000000
1629.926392 0.000000 1126.416626 0.000000 0.294190 0.000000 0.955747 1.000000 1.000000 1.000000
1630.162109 0.000000 1124.853394 0.000000 0.377978 0.000000 0.925815 1.000000 1.000000 1.000000
1667.025757 0.000000 1117.487427 0.000000 0.454174 0.000000 0.890913 1.000000 1.000000 1.000000
1698.333984 0.000000 1139.662842 0.000000 0.733007 0.000000 0.680221 1.000000 1.000000 1.000000
1673.161621 0.000000 1146.236450 0.000000 0.643690 0.000000 0.765287 1.000000 1.000000 1.000000
1672.186768 0.000000 1124.134155 0.000000 0.781805 0.000000 0.623523 1.000000 1.000000 1.000000
1698.570923 0.000000 1143.112549 0.000000 0.152878 0.000000 0.988245 1.000000 1.000000 1.000000
1671.353149 0.000000 1149.442749 0.000000 0.300811 0.000000 0.953684 1.000000 1.000000 1.000000
1668.095703 0.000000 1104.938477 0.000000 0.193746 0.000000 0.981052 1.000000 1.000000 1.000000
1674.408936 0.000000 1118.619873 0.000000 0.483790 0.000000 0.875184 1.000000 1.000000 1.000000
1692.727417 0.000000 1137.973755 0.000000 0.288449 0.000000 0.957495 1.000000 1.000000 1.000000
1671.294556 0.000000 1147.354248 0.000000 0.338003 0.000000 0.941145 1.000000 1.000000 1.000000
1676.237549 0.000000 1149.246948 0.000000 0.197158 0.000000 0.980372 1.000000 1.000000 1.000000
1679.335083 0.000000 1151.497803 0.000000 0.583566 0.000000 0.812065 1.000000 1.000000 1.000000
1668.425171 0.000000 1127.459106 0.000000 0.365588 0.000000 0.930777 1.000000 1.000000 1.000000
1693.302490 0.000000 1136.640991 0.000000 0.822569 0.000000 0.568665 1.000000 1.000000 1.000000
1695.649048 0.000000 1141.443359 0.000000 0.860797 0.000000 0.508949 1.000000 1.000000 1.000000
1676.369751 0.000000 1151.919922 0.000000 0.383078 0.000000 0.923716 1.000000 1.000000 1.000000
1697.284058 0.000000 1140.388550 0.000000 0.083928 0.000000 0.996472 1.000000 1.000000 1.000000
1772.949707 0.000000 1146.235962 0.000000 0.770695 0.000000 0.637204 1.000000 1.000000 1.000000
1782.080200 0.000000 1150.430054 0.000000 0.332459 0.000000 0.943118 1.000000 1.000000 1.000000
1759.928833 0.000000 1151.411377 0.000000 0.541904 0.000000 0.840441 1.000000 1.000000 1.000000
1772.732910 0.000000 1143.104614 0.000000 0.850429 0.000000 0.526089 1.000000 1.000000 1.000000
1769.916748 0.000000 1151.792969 0.000000 0.709137 0.000000 0.705071 1.000000 1.000000 1.000000
1584.732300 0.000000 1156.006470 0.000000 0.202114 0.000000 0.979362 1.000000 1.000000 1.000000
1585.436401 0.000000 1160.522949 0.000000 0.507756 0.000000 0.861501 1.000000 1.000000 1.000000
1585.723877 0.000000 1153.977539 0.000000 0.651584 0.000000 0.758577 1.000000 1.000000 1.000000
1663.362305 0.000000 1158.895264 0.000000 0.012235 0.000000 0.999925 1.000000 1.000000 1.000000
1658.356689 0.000000 1153.698120 0.000000 0.276139 0.000000 0.961118 1.000000 1.000000 1.000000
1637.385620 0.000000 1165.613403 0.000000 0.518155 0.000000 0.855287 1.000000 1.000000 1.000000
1635.974487 0.000000 1160.327515 0.000000 0.723950 0.000000 0.689853 1.000000 1.000000 1.000000
1635.569336 0.000000 1170.871094 0.000000 0.795600 0.000000 0.605823 1.000000 1.000000 1.000000
1634.254395 0.000000 1167.647949 0.000000 0.314440 0.000000 0.949277 1.000000 1.000000 1.000000
1635.213013 0.000000 1165.156372 0.000000 0.059446 0.000000 0.998231 1.000000 1.000000 1.000000
1637.410034 0.000000 1170.502808 0.000000 0.192005 0.000000 0.981394 1.000000 1.000000 1.000000
1634.241943 0.000000 1169.576294 0.000000 0.839744 0.000000 0.542982 1.000000 1.000000 1.000000
1637.683105 0.000000 1161.140625 0.000000 0.431637 0.000000 0.902048 1.000000 1.000000 1.000000
1636.278320 0.000000 1161.805420 0.000000 0.392584 0.000000 0.919716 1.000000 1.000000 1.000000
1638.368652 0.000000 1160.043701 0.000000 0.351425 0.000000 0.936216 1.000000 1.000000 1.000000
1581.218750 0.000000 1252.399780 0.000000 0.351183 0.000000 0.936307 1.000000 1.000000 1.000000
1577.210327 0.000000 1250.904785 0.000000 0.336280 0.000000 0.941762 1.000000 1.000000 1.000000
1583.768066 0.000000 1271.587402 0.000000 0.677118 0.000000 0.735874 1.000000 1.000000 1.000000
1586.858154 0.000000 1279.878296 0.000000 0.199201 0.000000 0.979959 1.000000 1.000000 1.000000
1584.365601 0.000000 1278.988403 0.000000 0.795249 0.000000 0.606284 1.000000 1.000000 1.000000
1623.673828 0.000000 1266.428345 0.000000 0.436100 0.000000 0.899898 1.000000 1.000000 1.000000
1615.584717 0.000000 1248.958496 0.000000 0.475935 0.000000 0.879481 1.000000 1.000000 1.000000
1680.590576 0.000000 1155.759033 0.000000 0.164799 0.000000 0.986327 1.000000 1.000000 1.000000
1720.699219 0.000000 1191.607056 0.000000 0.801290 0.000000 0.598276 1.000000 1.000000 1.000000
1679.404663 0.000000 1152.101074 0.000000 0.194030 0.000000 0.980996 1.000000 1.000000 1.000000
1677.661011 0.000000 1154.814941 0.000000 0.218890 0.000000 0.975750 1.000000 1.000000 1.000000
1722.345093 0.000000 1193.899170 0.000000 0.005776 0.000000 0.999983 1.000000 1.000000 1.000000
1678.549927 0.000000 1157.160278 0.000000 0.408038 0.000000 0.912965 1.000000 1.000000 1.000000
1674.602051 0.000000 1160.344116 0.000000 0.213167 0.000000 0.977016 1.000000 1.000000 1.000000
1665.458496 0.000000 1165.745361 0.000000 0.585133 0.000000 0.810937 1.000000 1.000000 1.000000
1678.910156 0.000000 1153.695190 0.000000 0.245383 0.000000 0.969426 1.000000 1.000000 1.000000
1676.055176 0.000000 1159.463013 0.000000 0.775943 0.000000 0.630803 1.000000 1.000000 1.000000
1678.957153 0.000000 1155.662964 0.000000 0.853708 0.000000 0.520752 1.000000 1.000000 1.000000
1721.061646 0.000000 1192.935303 0.000000 0.248638 0.000000 0.968596 1.000000 1.000000 1.000000
1677.713379 0.000000 1161.749512 0.000000 0.642971 0.000000 0.765891 1.000000 1.000000 1.000000
1728.712646 0.000000 1186.175537 0.000000 0.284380 0.000000 0.958712 1.000000 1.000000 1.000000
1753.014648 0.000000 1174.339844 0.000000 0.855841 0.000000 0.517239 1.000000 1.000000 1.000000
1744.207397 0.000000 1178.596069 0.000000 0.469043 0.000000 0.883175 1.000000 1.000000 1.000000
1780.888672 0.000000 1159.308228 0.000000 0.398972 0.000000 0.916963 1.000000 1.000000 1.000000
1757.504639 0.000000 1153.727539 0.000000 0.226295 0.000000 0.974059 1.000000 1.000000 1.000000
1744.590576 0.000000 1155.759033 0.000000 0.581668 0.000000 0.813426 1.000000 1.000000 1.000000
1738.628174 0.000000 1185.324707 0.000000 0.763145 0.000000 0.646227 1.000000 1.000000 1.000000
1784.031128 0.000000 1156.688599 0.000000 0.631887 0.000000 0.775060 1.000000 1.000000 1.000000
1743.504517 0.000000 1181.846924 0.000000 0.689541 0.000000 0.724247 1.000000 1.000000 1.000000
1731.059570 0.000000 1187.984131 0.000000 0.339446 0.000000 0.940625 1.000000 1.000000 1.000000
1763.569336 0.000000 1170.871094 0.000000 0.241468 0.000000 0.970409 1.000000 1.000000 1.000000
1789.418335 0.000000 1160.048462 0.000000 0.152336 0.000000 0.988329 1.000000 1.000000 1.000000
1748.724976 0.000000 1158.987549 0.000000 0.233951 0.000000 0.972248 1.000000 1.000000 1.000000
1749.727051 0.000000 1156.411743 0.000000 0.467125 0.000000 0.884191 1.000000 1.000000 1.000000
1778.591675 0.000000 1203.100586 0.000000 0.696592 0.000000 0.717468 1.000000 1.000000 1.000000
1789.957886 0.000000 1193.449097 0.000000 0.830485 0.000000 0.557041 1.000000 1.000000 1.000000
1808.590576 0.000000 1155.759033 0.000000 0.528259 0.000000 0.849083 1.000000 1.000000 1.000000
1800.166138 0.000000 1184.014404 0.000000 0.801398 0.000000 0.598131 1.000000 1.000000 1.000000
1792.085083 0.000000 1193.292480 0.000000 0.444804 0.000000 0.895628 1.000000 1.000000 1.000000
1810.673462 0.000000 1155.353638 0.000000 0.414244 0.000000 0.910166 1.000000 1.000000 1.000000
1809.475098 0.000000 1154.774780 0.000000 0.195703 0.000000 0.980663 1.000000 1.000000 1.000000
1537.501099 0.000000 1295.862915 0.000000 0.752608 0.000000 0.658468 1.000000 1.000000 1.000000
1592.645386 0.000000 1332.367310 0.000000 0.205741 0.000000 0.978606 1.000000 1.000000 1.000000
1587.701050 0.000000 1316.844727 0.000000 0.839470 0.000000 0.543406 1.000000 1.000000 1.000000
1596.463379 0.000000 1323.821045 0.000000 0.431468 0.000000 0.902128 1.000000 1.000000 1.000000
1587.179810 0.000000 1334.579102 0.000000 0.158822 0.000000 0.987307 1.000000 1.000000 1.000000
1564.427734 0.000000 1299.569092 0.000000 0.558587 0.000000 0.829446 1.000000 1.000000 1.000000
1557.874756 0.000000 1334.274536 0.000000 0.312918 0.000000 0.949780 1.000000 1.000000 1.000000
1584.290405 0.000000 1315.640625 0.000000 0.119659 0.000000 0.992815 1.000000 1.000000 1.000000
1576.175781 0.000000 1326.330444 0.000000 0.395790 0.000000 0.918341 1.000000 1.000000 1.000000
1559.577881 0.000000 1337.747803 0.000000 0.155771 0.000000 0.987793 1.000000 1.000000 1.000000
1579.321655 0.000000 1324.613647 0.000000 0.161955 0.000000 0.986798 1.000000 1.000000 1.000000
1565.194336 0.000000 1326.420654 0.000000 0.316359 0.000000 0.948640 1.000000 1.000000 1.000000
1597.418335 0.000000 1288.048462 0.000000 0.688439 0.000000 0.725294 1.000000 1.000000 1.000000
1599.981445 0.000000 1289.215210 0.000000 0.559117 0.000000 0.829089 1.000000 1.000000 1.000000
1559.595093 0.000000 1335.508057 0.000000 0.525211 0.000000 0.850972 1.000000 1.000000 1.000000
1589.255371 0.000000 1315.462891 0.000000 0.652422 0.000000 0.757856 1.000000 1.000000 1.000000
1545.798950 0.000000 1295.354736 0.000000 0.333438 0.000000 0.942772 1.000000 1.000000 1.000000
1592.627686 0.000000 1330.430298 0.000000 0.383849 0.000000 0.923396 1.000000 1.000000 1.000000
1569.143066 0.000000 1336.294189 0.000000 0.670270 0.000000 0.742117 1.000000 1.000000 1.000000
1598.270874 0.000000 1324.461182 0.000000 0.688848 0.000000 0.724906 1.000000 1.000000 1.000000
1590.572021 0.000000 1327.742065 0.000000 0.799710 0.000000 0.600386 1.000000 1.000000 1.000000
1581.344727 0.000000 1311.997559 0.000000 0.536620 0.000000 0.843824 1.000000 1.000000 1.000000
1584.194946 0.000000 1313.896851 0.000000 0.022094 0.000000 0.999756 1.000000 1.000000 1.000000
1582.635742 0.000000 1315.452881 0.000000 0.320612 0.000000 0.947211 1.000000 1.000000 1.000000
1556.808350 0.000000 1302.672485 0.000000 0.523257 0.000000 0.852175 1.000000 1.000000 1.000000
1598.711304 0.000000 1325.818970 0.000000 0.034692 0.000000 0.999398 1.000000 1.000000 1.000000
1587.930298 0.000000 1315.597656 0.000000 0.284275 0.000000 0.958743 1.000000 1.000000 1.000000
1583.353149 0.000000 1310.257812 0.000000 0.315724 0.000000 0.948851 1.000000 1.000000 1.000000
1597.183228 0.000000 1324.875244 0.000000 0.404341 0.000000 0.914609 1.000000 1.000000 1.000000
1626.973267 0.000000 1321.816772 0.000000 0.031738 0.000000 0.999496 1.000000 1.000000 1.000000
1608.257080 0.000000 1323.504028 0.000000 0.860657 0.000000 0.509184 1.000000 1.000000 1.000000
1610.628174 0.000000 1313.324707 0.000000 0.619747 0.000000 0.784802 1.000000 1.000000 1.000000
1611.433594 0.000000 1321.447021 0.000000 0.028241 0.000000 0.999601 1.000000 1.000000 1.000000
1608.366577 0.000000 1319.641602 0.000000 0.575715 0.000000 0.817651 1.000000 1.000000 1.000000
1623.391846 0.000000 1327.405762 0.000000 0.304544 0.000000 0.952498 1.000000 1.000000 1.000000
1605.749634 0.000000 1307.519897 0.000000 0.430461 0.000000 0.902609 1.000000 1.000000 1.000000
1624.228149 0.000000 1305.582642 0.000000 0.507486 0.000000 0.861660 1.000000 1.000000 1.000000
1605.806641 0.000000 1310.691162 0.000000 0.731874 0.000000 0.681440 1.000000 1.000000 1.000000
1625.631714 0.000000 1299.833496 0.000000 0.159139 0.000000 0.987256 1.000000 1.000000 1.000000
1601.475708 0.000000 1328.701904 0.000000 0.439630 0.000000 0.898179 1.000000 1.000000 1.000000
1624.618164 0.000000 1319.050781 0.000000 0.659624 0.000000 0.751595 1.000000 1.000000 1.000000
1611.053101 0.000000 1299.927002 0.000000 0.585032 0.000000 0.811010 1.000000 1.000000 1.000000
1621.890869 0.000000 1329.067383 0.000000 0.102181 0.000000 0.994766 1.000000 1.000000 1.000000
1608.783936 0.000000 1343.134644 0.000000 0.525269 0.000000 0.850936 1.000000 1.000000 1.000000
1622.692871 0.000000 1304.936890 0.000000 0.240620 0.000000 0.970619 1.000000 1.000000 1.000000
1605.457886 0.000000 1342.255127 0.000000 0.851939 0.000000 0.523641 1.000000 1.000000 1.000000
1601.974976 0.000000 1327.032471 0.000000 0.474573 0.000000 0.880216 1.000000 1.000000 1.000000
1620.052490 0.000000 1336.418457 0.000000 0.034168 0.000000 0.999416 1.000000 1.000000 1.000000
1618.287598 0.000000 1337.123413 0.000000 0.773161 0.000000 0.634209 1.000000 1.000000 1.000000
1611.544434 0.000000 1322.556030 0.000000 0.791149 0.000000 0.611623 1.000000 1.000000 1.000000
1601.325195 0.000000 1326.070068 0.000000 0.583879 0.000000 0.811841 1.000000 1.000000 1.000000
1578.987793 0.000000 1351.951660 0.000000 0.569258 0.000000 0.822159 1.000000 1.000000 1.000000
1594.416138 0.000000 1357.527710 0.000000 0.162306 0.000000 0.986741 1.000000 1.000000 1.000000
1564.772583 0.000000 1359.317261 0.000000 0.346226 0.000000 0.938151 1.000000 1.000000 1.000000
1558.726440 0.000000 1358.325928 0.000000 0.053647 0.000000 0.998560 1.000000 1.000000 1.000000
1548.172119 0.000000 1349.928101 0.000000 0.008339 0.000000 0.999965 1.000000 1.000000 1.000000
1598.278442 0.000000 1359.923340 0.000000 0.349064 0.000000 0.937099 1.000000 1.000000 1.000000
1555.843872 0.000000 1392.372437 0.000000 0.490482 0.000000 0.871451 1.000000 1.000000 1.000000
1558.794189 0.000000 1384.649292 0.000000 0.009745 0.000000 0.999952 1.000000 1.000000 1.000000
1562.095825 0.000000 1361.210938 0.000000 0.700988 0.000000 0.713173 1.000000 1.000000 1.000000
1539.786621 0.000000 1405.274048 0.000000 0.432715 0.000000 0.901531 1.000000 1.000000 1.000000
1567.928833 0.000000 1407.411377 0.000000 0.856347 0.000000 0.516400 1.000000 1.000000 1.000000
1589.457520 0.000000 1383.845825 0.000000 0.262629 0.000000 0.964897 1.000000 1.000000 1.000000
1552.745361 0.000000 1393.017822 0.000000 0.723495 0.000000 0.690329 1.000000 1.000000 1.000000
1569.932251 0.000000 1373.070557 0.000000 0.105365 0.000000 0.994434 1.000000 1.000000 1.000000
1559.391846 0.000000 1391.405762 0.000000 0.586312 0.000000 0.810086 1.000000 1.000000 1.000000
1560.890625 0.000000 1387.964600 0.000000 0.069098 0.000000 0.997610 1.000000 1.000000 1.000000
1595.440430 0.000000 1359.945068 0.000000 0.409801 0.000000 0.912175 1.000000 1.000000 1.000000
1565.998413 0.000000 1361.651733 0.000000 0.118567 0.000000 0.992946 1.000000 1.000000 1.000000
1585.436401 0.000000 1352.522949 0.000000 0.577725 0.000000 0.816231 1.000000 1.000000 1.000000
1577.916748 0.000000 1407.792969 0.000000 0.324417 0.000000 0.945914 1.000000 1.000000 1.000000
1592.013306 0.000000 1358.074585 0.000000 0.330696 0.000000 0.943737 1.000000 1.000000 1.000000
1560.088989 0.000000 1356.448608 0.000000 0.445003 0.000000 0.895529 1.000000 1.000000 1.000000
1593.252319 0.000000 1360.563721 0.000000 0.781608 0.000000 0.623770 1.000000 1.000000 1.000000
1578.958130 0.000000 1349.742920 0.000000 0.627163 0.000000 0.778888 1.000000 1.000000 1.000000
1564.133301 0.000000 1344.063354 0.000000 0.675633 0.000000 0.737238 1.000000 1.000000 1.000000
1569.792236 0.000000 1345.831543 0.000000 0.531541 0.000000 0.847033 1.000000 1.000000 1.000000
1569.982910 0.000000 1407.217773 0.000000 0.435234 0.000000 0.900318 1.000000 1.000000 1.000000
1595.333130 0.000000 1380.601440 0.000000 0.612408 0.000000 0.790542 1.000000 1.000000 1.000000
1550.747925 0.000000 1363.323120 0.000000 0.316257 0.000000 0.948674 1.000000 1.000000 1.000000
1563.350586 0.000000 1358.291992 0.000000 0.131326 0.000000 0.991339 1.000000 1.000000 1.000000
1552.167114 0.000000 1368.854248 0.000000 0.594914 0.000000 0.803789 1.000000 1.000000 1.000000
1569.445801 0.000000 1347.418091 0.000000 0.484944 0.000000 0.874545 1.000000 1.000000 1.000000
1573.061157 0.000000 1392.071411 0.000000 0.587549 0.000000 0.809188 1.000000 1.000000 1.000000
1560.970947 0.000000 1391.195679 0.000000 0.699738 0.000000 0.714400 1.000000 1.000000 1.000000
1565.994995 0.000000 1373.582031 0.000000 0.730284 0.000000 0.683143 1.000000 1.000000 1.000000
1583.635132 0.000000 1401.103027 0.000000 0.619932 0.000000 0.784656 1.000000 1.000000 1.000000
1550.957153 0.000000 1347.662964 0.000000 0.665574 0.000000 0.746332 1.000000 1.000000 1.000000
1564.863770 0.000000 1405.509644 0.000000 0.509388 0.000000 0.860537 1.000000 1.000000 1.000000
1573.420410 0.000000 1393.497803 0.000000 0.655744 0.000000 0.754984 1.000000 1.000000 1.000000
1566.609863 0.000000 1407.096802 0.000000 0.449973 0.000000 0.893042 1.000000 1.000000 1.000000
1564.989624 0.000000 1360.662354 0.000000 0.858630 0.000000 0.512596 1.000000 1.000000 1.000000
1622.726440 0.000000 1358.325928 0.000000 0.504606 0.000000 0.863350 1.000000 1.000000 1.000000
1604.120972 0.000000 1345.254517 0.000000 0.290937 0.000000 0.956742 1.000000 1.000000 1.000000
1625.606445 0.000000 1344.135986 0.000000 0.298770 0.000000 0.954325 1.000000 1.000000 1.000000
1613.613403 0.000000 1403.928223 0.000000 0.198056 0.000000 0.980191 1.000000 1.000000 1.000000
1627.393677 0.000000 1356.328369 0.000000 0.056722 0.000000 0.998390 1.000000 1.000000 1.000000
1600.769775 0.000000 1344.060547 0.000000 0.038042 0.000000 0.999276 1.000000 1.000000 1.000000
1609.876587 0.000000 1347.766846 0.000000 0.815688 0.000000 0.578492 1.000000 1.000000 1.000000
1622.151001 0.000000 1367.355591 0.000000 0.155516 0.000000 0.987833 1.000000 1.000000 1.000000
1601.857178 0.000000 1407.164062 0.000000 0.173711 0.000000 0.984797 1.000000 1.000000 1.000000
1624.088989 0.000000 1356.448608 0.000000 0.665108 0.000000 0.746747 1.000000 1.000000 1.000000
1628.762695 0.000000 1354.758423 0.000000 0.752933 0.000000 0.658097 1.000000 1.000000 1.000000
1603.782593 0.000000 1358.982300 0.000000 0.059113 0.000000 0.998251 1.000000 1.000000 1.000000
1637.411133 0.000000 1344.264526 0.000000 0.475796 0.000000 0.879556 1.000000 1.000000 1.000000
1612.237549 0.000000 1405.246948 0.000000 0.134323 0.000000 0.990938 1.000000 1.000000 1.000000
1625.441284 0.000000 1349.584473 0.000000 0.707316 0.000000 0.706897 1.000000 1.000000 1.000000
1606.910522 0.000000 1344.866333 0.000000 0.715343 0.000000 0.698774 1.000000 1.000000 1.000000
1608.892456 0.000000 1344.447632 0.000000 0.320911 0.000000 0.947109 1.000000 1.000000 1.000000
1674.362305 0.000000 1341.712769 0.000000 0.798914 0.000000 0.601445 1.000000 1.000000 1.000000
1672.725952 0.000000 1334.708008 0.000000 0.283172 0.000000 0.959069 1.000000 1.000000 1.000000
1673.161621 0.000000 1338.236450 0.000000 0.431423 0.000000 0.902150 1.000000 1.000000 1.000000
1686.163086 0.000000 1316.300171 0.000000 0.393530 0.000000 0.919312 1.000000 1.000000 1.000000
1675.689087 0.000000 1338.299438 0.000000 0.488323 0.000000 0.872663 1.000000 1.000000 1.000000
1685.859253 0.000000 1318.653564 0.000000 0.623568 0.000000 0.781769 1.000000 1.000000 1.000000
1678.964233 0.000000 1338.015747 0.000000 0.001767 0.000000 0.999998 1.000000 1.000000 1.000000
1676.237549 0.000000 1341.246948 0.000000 0.729526 0.000000 0.683953 1.000000 1.000000 1.000000
1687.485962 0.000000 1317.586914 0.000000 0.137469 0.000000 0.990506 1.000000 1.000000 1.000000
1674.793701 0.000000 1340.008179 0.000000 0.555654 0.000000 0.831414 1.000000 1.000000 1.000000
1673.408936 0.000000 1336.377808 0.000000 0.852977 0.000000 0.521948 1.000000 1.000000 1.000000
1682.707275 0.000000 1319.776611 0.000000 0.092442 0.000000 0.995718 1.000000 1.000000 1.000000
1674.420776 0.000000 1338.681885 0.000000 0.730620 0.000000 0.682785 1.000000 1.000000 1.000000
1682.274658 0.000000 1318.612915 0.000000 0.474858 0.000000 0.880063 1.000000 1.000000 1.000000
1672.476196 0.000000 1339.250000 0.000000 0.679097 0.000000 0.734048 1.000000 1.000000 1.000000
1709.650391 0.000000 1396.468506 0.000000 0.532496 0.000000 0.846432 1.000000 1.000000 1.000000
1706.611206 0.000000 1391.847168 0.000000 0.257099 0.000000 0.966385 1.000000 1.000000 1.000000
1709.360352 0.000000 1390.471802 0.000000 0.439032 0.000000 0.898472 1.000000 1.000000 1.000000
1712.187012 0.000000 1386.112427 0.000000 0.421188 0.000000 0.906973 1.000000 1.000000 1.000000
1711.397339 0.000000 1389.136353 0.000000 0.321019 0.000000 0.947073 1.000000 1.000000 1.000000
1551.404663 0.000000 1408.101074 0.000000 0.354425 0.000000 0.935084 1.000000 1.000000 1.000000
1596.650513 0.000000 1431.208740 0.000000 0.761371 0.000000 0.648316 1.000000 1.000000 1.000000
1537.257690 0.000000 1413.175171 0.000000 0.530653 0.000000 0.847589 1.000000 1.000000 1.000000
1588.954956 0.000000 1424.762329 0.000000 0.465929 0.000000 0.884822 1.000000 1.000000 1.000000
1599.509155 0.000000 1412.986816 0.000000 0.345582 0.000000 0.938389 1.000000 1.000000 1.000000
1568.568115 0.000000 1409.489014 0.000000 0.402464 0.000000 0.915436 1.000000 1.000000 1.000000
1539.820068 0.000000 1412.085693 0.000000 0.735594 0.000000 0.677423 1.000000 1.000000 1.000000
1608.167114 0.000000 1437.333374 0.000000 0.479247 0.000000 0.877680 1.000000 1.000000 1.000000
1600.100708 0.000000 1469.086426 0.000000 0.417096 0.000000 0.908863 1.000000 1.000000 1.000000
1606.784302 0.000000 1412.691895 0.000000 0.690216 0.000000 0.723603 1.000000 1.000000 1.000000
1622.067505 0.000000 1452.634521 0.000000 0.511337 0.000000 0.859380 1.000000 1.000000 1.000000
1660.728638 0.000000 1463.943481 0.000000 0.616216 0.000000 0.787577 1.000000 1.000000 1.000000
1605.866211 0.000000 1441.456055 0.000000 0.807262 0.000000 0.590193 1.000000 1.000000 1.000000
1610.833252 0.000000 1455.841553 0.000000 0.527841 0.000000 0.849343 1.000000 1.000000 1.000000
1627.092407 0.000000 1466.223022 0.000000 0.519381 0.000000 0.854543 1.000000 1.000000 1.000000
1609.663330 0.000000 1453.650024 0.000000 0.772217 0.000000 0.635358 1.000000 1.000000 1.000000
1600.017456 0.000000 1466.450195 0.000000 0.557237 0.000000 0.830354 1.000000 1.000000 1.000000
1601.857178 0.000000 1471.164062 0.000000 0.087314 0.000000 0.996181 1.000000 1.000000 1.000000
1643.452881 0.000000 1443.092896 0.000000 0.232176 0.000000 0.972674 1.000000 1.000000 1.000000
1623.797485 0.000000 1453.517090 0.000000 0.671472 0.000000 0.741030 1.000000 1.000000 1.000000
1645.218628 0.000000 1442.373779 0.000000 0.054904 0.000000 0.998492 1.000000 1.000000 1.000000
1661.110596 0.000000 1462.128662 0.000000 0.588847 0.000000 0.808245 1.000000 1.000000 1.000000
1612.667603 0.000000 1456.010376 0.000000 0.014658 0.000000 0.999893 1.000000 1.000000 1.000000
1600.217285 0.000000 1470.801636 0.000000 0.841007 0.000000 0.541024 1.000000 1.000000 1.000000
1606.622192 0.000000 1440.082642 0.000000 0.174339 0.000000 0.984686 1.000000 1.000000 1.000000
1607.332397 0.000000 1441.546387 0.000000 0.165143 0.000000 0.986270 1.000000 1.000000 1.000000
1626.125610 0.000000 1469.272583 0.000000 0.797527 0.000000 0.603284 1.000000 1.000000 1.000000
1611.114258 0.000000 1437.213989 0.000000 0.162609 0.000000 0.986691 1.000000 1.000000 1.000000
1662.563354 0.000000 1443.697144 0.000000 0.369447 0.000000 0.929252 1.000000 1.000000 1.000000
1660.030396 0.000000 1443.447266 0.000000 0.533295 0.000000 0.845929 1.000000 1.000000 1.000000
1607.718018 0.000000 1415.695801 0.000000 0.485562 0.000000 0.874202 1.000000 1.000000 1.000000
1622.606812 0.000000 1443.096436 0.000000 0.204653 0.000000 0.978835 1.000000 1.000000 1.000000
1660.463379 0.000000 1515.821045 0.000000 0.656715 0.000000 0.754139 1.000000 1.000000 1.000000
1613.428833 0.000000 1528.461914 0.000000 0.282821 0.000000 0.959173 1.000000 1.000000 1.000000
1615.584717 0.000000 1504.958496 0.000000 0.637093 0.000000 0.770787 1.000000 1.000000 1.000000
1662.313843 0.000000 1512.150757 0.000000 0.570911 0.000000 0.821012 1.000000 1.000000 1.000000
1613.613403 0.000000 1531.928223 0.000000 0.746139 0.000000 0.665791 1.000000 1.000000 1.000000
1633.277344 0.000000 1485.673218 0.000000 0.461302 0.000000 0.887243 1.000000 1.000000 1.000000
1649.708740 0.000000 1516.947754 0.000000 0.587512 0.000000 0.809216 1.000000 1.000000 1.000000
1616.745361 0.000000 1521.017822 0.000000 0.592583 0.000000 0.805510 1.000000 1.000000 1.000000
1663.692627 0.000000 1490.553345 0.000000 0.860376 0.000000 0.509659 1.000000 1.000000 1.000000
1637.385620 0.000000 1485.613403 0.000000 0.592436 0.000000 0.805617 1.000000 1.000000 1.000000
1646.923584 0.000000 1499.676880 0.000000 0.607686 0.000000 0.794177 1.000000 1.000000 1.000000
1653.727539 0.000000 1531.854614 0.000000 0.526458 0.000000 0.850201 1.000000 1.000000 1.000000
1647.397339 0.000000 1517.136353 0.000000 0.364516 0.000000 0.931197 1.000000 1.000000 1.000000
1609.458496 0.000000 1524.552490 0.000000 0.222588 0.000000 0.974913 1.000000 1.000000 1.000000
1634.254395 0.000000 1487.647949 0.000000 0.036812 0.000000 0.999322 1.000000 1.000000 1.000000
1652.094849 0.000000 1533.647461 0.000000 0.278724 0.000000 0.960371 1.000000 1.000000 1.000000
1627.983887 0.000000 1489.642334 0.000000 0.020736 0.000000 0.999785 1.000000 1.000000 1.000000
1662.291382 0.000000 1494.420898 0.000000 0.491620 0.000000 0.870810 1.000000 1.000000 1.000000
1644.390747 0.000000 1519.976685 0.000000 0.291544 0.000000 0.956557 1.000000 1.000000 1.000000
1663.042236 0.000000 1492.141968 0.000000 0.694375 0.000000 0.719613 1.000000 1.000000 1.000000
1615.082520 0.000000 1520.763550 0.000000 0.855541 0.000000 0.517735 1.000000 1.000000 1.000000
1652.449951 0.000000 1535.439209 0.000000 0.744695 0.000000 0.667405 1.000000 1.000000 1.000000
1623.278564 0.000000 1494.189575 0.000000 0.094710 0.000000 0.995505 1.000000 1.000000 1.000000
1614.171265 0.000000 1505.758667 0.000000 0.334923 0.000000 0.942246 1.000000 1.000000 1.000000
1636.716919 0.000000 1484.145874 0.000000 0.313414 0.000000 0.949617 1.000000 1.000000 1.000000
1654.779297 0.000000 1533.001953 0.000000 0.752280 0.000000 0.658844 1.000000 1.000000 1.000000
1644.815552 0.000000 1499.248657 0.000000 0.282784 0.000000 0.959184 1.000000 1.000000 1.000000
1644.445557 0.000000 1501.692993 0.000000 0.250464 0.000000 0.968126 1.000000 1.000000 1.000000
1645.994019 0.000000 1498.849731 0.000000 0.807184 0.000000 0.590300 1.000000 1.000000 1.000000
1646.463257 0.000000 1516.373779 0.000000 0.775571 0.000000 0.631261 1.000000 1.000000 1.000000
1655.984619 0.000000 1535.980347 0.000000 0.194777 0.000000 0.980848 1.000000 1.000000 1.000000
1627.133789 0.000000 1488.972046 0.000000 0.610041 0.000000 0.792370 1.000000 1.000000 1.000000
1645.245728 0.000000 1519.464111 0.000000 0.677144 0.000000 0.735850 1.000000 1.000000 1.000000
1635.689941 0.000000 1484.260986 0.000000 0.698607 0.000000 0.715506 1.000000 1.000000 1.000000
1701.210205 0.000000 1453.929688 0.000000 0.140640 0.000000 0.990061 1.000000 1.000000 1.000000
1687.673828 0.000000 1458.428345 0.000000 0.508813 0.000000 0.860877 1.000000 1.000000 1.000000
1683.627563 0.000000 1446.229858 0.000000 0.188409 0.000000 0.982091 1.000000 1.000000 1.000000
1694.703125 0.000000 1456.679688 0.000000 0.494866 0.000000 0.868969 1.000000 1.000000 1.000000
1679.584717 0.000000 1440.958496 0.000000 0.486292 0.000000 0.873796 1.000000 1.000000 1.000000
1669.866211 0.000000 1441.456055 0.000000 0.165826 0.000000 0.986155 1.000000 1.000000 1.000000
1682.959473 0.000000 1437.962769 0.000000 0.581090 0.000000 0.813839 1.000000 1.000000 1.000000
1701.122314 0.000000 1436.998779 0.000000 0.429005 0.000000 0.903302 1.000000 1.000000 1.000000
1683.933838 0.000000 1442.131104 0.000000 0.527534 0.000000 0.849534 1.000000 1.000000 1.000000
1701.207153 0.000000 1450.217529 0.000000 0.663136 0.000000 0.748499 1.000000 1.000000 1.000000
1711.768066 0.000000 1463.587402 0.000000 0.114209 0.000000 0.993457 1.000000 1.000000 1.000000
1667.786621 0.000000 1469.274048 0.000000 0.189806 0.000000 0.981822 1.000000 1.000000 1.000000
1677.301758 0.000000 1433.126831 0.000000 0.658731 0.000000 0.752378 1.000000 1.000000 1.000000
1698.570923 0.000000 1463.112549 0.000000 0.281359 0.000000 0.959603 1.000000 1.000000 1.000000
1686.163086 0.000000 1444.300171 0.000000 0.282412 0.000000 0.959293 1.000000 1.000000 1.000000
1669.467407 0.000000 1458.112061 0.000000 0.112913 0.000000 0.993605 1.000000 1.000000 1.000000
1687.391846 0.000000 1455.405762 0.000000 0.221351 0.000000 0.975194 1.000000 1.000000 1.000000
1708.732910 0.000000 1463.104614 0.000000 0.549453 0.000000 0.835525 1.000000 1.000000 1.000000
1704.944580 0.000000 1457.631714 0.000000 0.309794 0.000000 0.950804 1.000000 1.000000 1.000000
1706.765991 0.000000 1465.304077 0.000000 0.791489 0.000000 0.611184 1.000000 1.000000 1.000000
1671.298828 0.000000 1465.259277 0.000000 0.844163 0.000000 0.536086 1.000000 1.000000 1.000000
1681.341919 0.000000 1462.497559 0.000000 0.241697 0.000000 0.970352 1.000000 1.000000 1.000000
1700.948608 0.000000 1462.992920 0.000000 0.807595 0.000000 0.589737 1.000000 1.000000 1.000000
1678.747925 0.000000 1427.323120 0.000000 0.160004 0.000000 0.987116 1.000000 1.000000 1.000000
1675.952393 0.000000 1434.527100 0.000000 0.166699 0.000000 0.986008 1.000000 1.000000 1.000000
1700.557983 0.000000 1452.037109 0.000000 0.004852 0.000000 0.999988 1.000000 1.000000 1.000000
1704.439331 0.000000 1464.656738 0.000000 0.756298 0.000000 0.654227 1.000000 1.000000 1.000000
1670.542847 0.000000 1461.876343 0.000000 0.664070 0.000000 0.747670 1.000000 1.000000 1.000000
1677.460327 0.000000 1462.480469 0.000000 0.707450 0.000000 0.706764 1.000000 1.000000 1.000000
1681.229248 0.000000 1438.602295 0.000000 0.272346 0.000000 0.962199 1.000000 1.000000 1.000000
1668.914795 0.000000 1437.138184 0.000000 0.011931 0.000000 0.999929 1.000000 1.000000 1.000000
1694.597534 0.000000 1458.468872 0.000000 0.336549 0.000000 0.941666 1.000000 1.000000 1.000000
1703.609375 0.000000 1438.005859 0.000000 0.755593 0.000000 0.655042 1.000000 1.000000 1.000000
1672.515381 0.000000 1435.549561 0.000000 0.667812 0.000000 0.744330 1.000000 1.000000 1.000000
1668.041138 0.000000 1438.871094 0.000000 0.384741 0.000000 0.923025 1.000000 1.000000 1.000000
1704.363770 0.000000 1456.069336 0.000000 0.724582 0.000000 0.689188 1.000000 1.000000 1.000000
1690.881592 0.000000 1426.807617 0.000000 0.686164 0.000000 0.727447 1.000000 1.000000 1.000000
1684.760498 0.000000 1445.110107 0.000000 0.475296 0.000000 0.879826 1.000000 1.000000 1.000000
1675.676392 0.000000 1432.958252 0.000000 0.440847 0.000000 0.897582 1.000000 1.000000 1.000000
1690.213013 0.000000 1429.279297 0.000000 0.457234 0.000000 0.889346 1.000000 1.000000 1.000000
1673.399536 0.000000 1434.212158 0.000000 0.271223 0.000000 0.962517 1.000000 1.000000 1.000000
1679.086060 0.000000 1436.352417 0.000000 0.042401 0.000000 0.999101 1.000000 1.000000 1.000000
1697.489014 0.000000 1433.015137 0.000000 0.228333 0.000000 0.973583 1.000000 1.000000 1.000000
1671.401611 0.000000 1438.693848 0.000000 0.720409 0.000000 0.693549 1.000000 1.000000 1.000000
1678.616699 0.000000 1428.799805 0.000000 0.342264 0.000000 0.939604 1.000000 1.000000 1.000000
1674.654541 0.000000 1465.183472 0.000000 0.701785 0.000000 0.712389 1.000000 1.000000 1.000000
1664.063599 0.000000 1443.386841 0.000000 0.860686 0.000000 0.509137 1.000000 1.000000 1.000000
1700.170288 0.000000 1441.772705 0.000000 0.509039 0.000000 0.860743 1.000000 1.000000 1.000000
1674.675415 0.000000 1433.960693 0.000000 0.562334 0.000000 0.826910 1.000000 1.000000 1.000000
1703.419067 0.000000 1439.268433 0.000000 0.030852 0.000000 0.999524 1.000000 1.000000 1.000000
1670.117920 0.000000 1465.454712 0.000000 0.808600 0.000000 0.588358 1.000000 1.000000 1.000000
1667.138306 0.000000 1468.199707 0.000000 0.448124 0.000000 0.893971 1.000000 1.000000 1.000000
1696.900024 0.000000 1433.984863 0.000000 0.335824 0.000000 0.941925 1.000000 1.000000 1.000000
1679.755615 0.000000 1431.051147 0.000000 0.061411 0.000000 0.998113 1.000000 1.000000 1.000000
1686.026367 0.000000 1461.225830 0.000000 0.686040 0.000000 0.727563 1.000000 1.000000 1.000000
1669.160278 0.000000 1467.534302 0.000000 0.826371 0.000000 0.563125 1.000000 1.000000 1.000000
1664.712646 0.000000 1506.175537 0.000000 0.696067 0.000000 0.717977 1.000000 1.000000 1.000000
1694.934204 0.000000 1500.268188 0.000000 0.147916 0.000000 0.989000 1.000000 1.000000 1.000000
1717.524048 0.000000 1502.232056 0.000000 0.484141 0.000000 0.874990 1.000000 1.000000 1.000000
1725.435791 0.000000 1492.831055 0.000000 0.714324 0.000000 0.699816 1.000000 1.000000 1.000000
1675.854736 0.000000 1487.435059 0.000000 0.489929 0.000000 0.871762 1.000000 1.000000 1.000000
1670.586548 0.000000 1487.758423 0.000000 0.762218 0.000000 0.647321 1.000000 1.000000 1.000000
1667.764038 0.000000 1519.516235 0.000000 0.162800 0.000000 0.986659 1.000000 1.000000 1.000000
1679.043945 0.000000 1512.765747 0.000000 0.398698 0.000000 0.917082 1.000000 1.000000 1.000000
1697.121826 0.000000 1504.121704 0.000000 0.244070 0.000000 0.969758 1.000000 1.000000 1.000000
1682.711548 0.000000 1514.198486 0.000000 0.775316 0.000000 0.631573 1.000000 1.000000 1.000000
1726.713501 0.000000 1496.471313 0.000000 0.252624 0.000000 0.967565 1.000000 1.000000 1.000000
1722.515747 0.000000 1490.426025 0.000000 0.831555 0.000000 0.555442 1.000000 1.000000 1.000000
1673.161621 0.000000 1530.236450 0.000000 0.706083 0.000000 0.708129 1.000000 1.000000 1.000000
1716.006104 0.000000 1493.699219 0.000000 0.461586 0.000000 0.887095 1.000000 1.000000 1.000000
1707.883667 0.000000 1504.944336 0.000000 0.662231 0.000000 0.749300 1.000000 1.000000 1.000000
1691.393677 0.000000 1484.328369 0.000000 0.787410 0.000000 0.616430 1.000000 1.000000 1.000000
1673.304565 0.000000 1489.271240 0.000000 0.448121 0.000000 0.893973 1.000000 1.000000 1.000000
1715.088501 0.000000 1472.206421 0.000000 0.727034 0.000000 0.686601 1.000000 1.000000 1.000000
1671.353149 0.000000 1533.442749 0.000000 0.244333 0.000000 0.969691 1.000000 1.000000 1.000000
1696.840698 0.000000 1509.822021 0.000000 0.195363 0.000000 0.980731 1.000000 1.000000 1.000000
1694.410522 0.000000 1504.941772 0.000000 0.286848 0.000000 0.957976 1.000000 1.000000 1.000000
1678.434082 0.000000 1515.554077 0.000000 0.304628 0.000000 0.952471 1.000000 1.000000 1.000000
1727.945312 0.000000 1493.680908 0.000000 0.206291 0.000000 0.978491 1.000000 1.000000 1.000000
1699.559448 0.000000 1503.153198 0.000000 0.721068 0.000000 0.692864 1.000000 1.000000 1.000000
1726.192017 0.000000 1499.004883 0.000000 0.204663 0.000000 0.978833 1.000000 1.000000 1.000000
1701.556152 0.000000 1498.277466 0.000000 0.036477 0.000000 0.999335 1.000000 1.000000 1.000000
1693.998413 0.000000 1489.651733 0.000000 0.600207 0.000000 0.799845 1.000000 1.000000 1.000000
1694.625122 0.000000 1480.709595 0.000000 0.109654 0.000000 0.993970 1.000000 1.000000 1.000000
1723.086060 0.000000 1492.743774 0.000000 0.617316 0.000000 0.786715 1.000000 1.000000 1.000000
1688.088989 0.000000 1484.448608 0.000000 0.351406 0.000000 0.936223 1.000000 1.000000 1.000000
1693.637451 0.000000 1485.138672 0.000000 0.845724 0.000000 0.533621 1.000000 1.000000 1.000000
1675.336670 0.000000 1489.361572 0.000000 0.558785 0.000000 0.829313 1.000000 1.000000 1.000000
1671.294556 0.000000 1531.354248 0.000000 0.512655 0.000000 0.858595 1.000000 1.000000 1.000000
1709.661255 0.000000 1473.647705 0.000000 0.272230 0.000000 0.962232 1.000000 1.000000 1.000000
1694.964600 0.000000 1509.805542 0.000000 0.374730 0.000000 0.927134 1.000000 1.000000 1.000000
1692.370361 0.000000 1512.443359 0.000000 0.544196 0.000000 0.838958 1.000000 1.000000 1.000000
1719.034180 0.000000 1501.043701 0.000000 0.040665 0.000000 0.999173 1.000000 1.000000 1.000000
1691.452637 0.000000 1528.471924 0.000000 0.816567 0.000000 0.577251 1.000000 1.000000 1.000000
1680.937744 0.000000 1486.223267 0.000000 0.786671 0.000000 0.617373 1.000000 1.000000 1.000000
1680.396851 0.000000 1487.871338 0.000000 0.592442 0.000000 0.805613 1.000000 1.000000 1.000000
1710.590210 0.000000 1472.062866 0.000000 0.342680 0.000000 0.939452 1.000000 1.000000 1.000000
1664.332520 0.000000 1492.064331 0.000000 0.835266 0.000000 0.549846 1.000000 1.000000 1.000000
1665.989868 0.000000 1496.870972 0.000000 0.082151 0.000000 0.996620 1.000000 1.000000 1.000000
1699.534180 0.000000 1501.294556 0.000000 0.144530 0.000000 0.989500 1.000000 1.000000 1.000000
1691.274170 0.000000 1487.960571 0.000000 0.711132 0.000000 0.703058 1.000000 1.000000 1.000000
1672.208008 0.000000 1487.877686 0.000000 0.135910 0.000000 0.990721 1.000000 1.000000 1.000000
1724.278442 0.000000 1493.796631 0.000000 0.726687 0.000000 0.686968 1.000000 1.000000 1.000000
1717.715820 0.000000 1472.000854 0.000000 0.558840 0.000000 0.829276 1.000000 1.000000 1.000000
1698.399170 0.000000 1494.221802 0.000000 0.760014 0.000000 0.649906 1.000000 1.000000 1.000000
1679.135254 0.000000 1514.267334 0.000000 0.516737 0.000000 0.856144 1.000000 1.000000 1.000000
1692.846802 0.000000 1510.889160 0.000000 0.761738 0.000000 0.647886 1.000000 1.000000 1.000000
1688.791870 0.000000 1526.676147 0.000000 0.076788 0.000000 0.997047 1.000000 1.000000 1.000000
1695.807007 0.000000 1480.187378 0.000000 0.755068 0.000000 0.655647 1.000000 1.000000 1.000000
1691.194458 0.000000 1512.628052 0.000000 0.481893 0.000000 0.876230 1.000000 1.000000 1.000000
1694.162109 0.000000 1508.853394 0.000000 0.538583 0.000000 0.842572 1.000000 1.000000 1.000000
1724.295898 0.000000 1492.380249 0.000000 0.338183 0.000000 0.941080 1.000000 1.000000 1.000000
1692.312378 0.000000 1523.024292 0.000000 0.580042 0.000000 0.814587 1.000000 1.000000 1.000000
1692.036011 0.000000 1508.035889 0.000000 0.366532 0.000000 0.930405 1.000000 1.000000 1.000000
1696.302979 0.000000 1503.244629 0.000000 0.662930 0.000000 0.748681 1.000000 1.000000 1.000000
1736.166138 0.000000 1504.014404 0.000000 0.747285 0.000000 0.664503 1.000000 1.000000 1.000000
1728.962769 0.000000 1498.655640 0.000000 0.572185 0.000000 0.820125 1.000000 1.000000 1.000000
1740.453491 0.000000 1505.579346 0.000000 0.229612 0.000000 0.973282 1.000000 1.000000 1.000000
1628.366943 0.000000 1543.669678 0.000000 0.630575 0.000000 0.776128 1.000000 1.000000 1.000000
1642.893677 0.000000 1557.241943 0.000000 0.362362 0.000000 0.932038 1.000000 1.000000 1.000000
1624.600586 0.000000 1546.099976 0.000000 0.484393 0.000000 0.874850 1.000000 1.000000 1.000000
1649.663208 0.000000 1568.828247 0.000000 0.636456 0.000000 0.771313 1.000000 1.000000 1.000000
1645.792725 0.000000 1556.390259 0.000000 0.217247 0.000000 0.976117 1.000000 1.000000 1.000000
1648.612061 0.000000 1554.905029 0.000000 0.823384 0.000000 0.567485 1.000000 1.000000 1.000000
1652.953979 0.000000 1537.288330 0.000000 0.320467 0.000000 0.947260 1.000000 1.000000 1.000000
1662.276367 0.000000 1574.096924 0.000000 0.019700 0.000000 0.999806 1.000000 1.000000 1.000000
1625.045776 0.000000 1539.978638 0.000000 0.340085 0.000000 0.940395 1.000000 1.000000 1.000000
1627.034912 0.000000 1542.168091 0.000000 0.474033 0.000000 0.880507 1.000000 1.000000 1.000000
1646.762817 0.000000 1554.841797 0.000000 0.819015 0.000000 0.573772 1.000000 1.000000 1.000000
1659.788574 0.000000 1536.675903 0.000000 0.033036 0.000000 0.999454 1.000000 1.000000 1.000000
1644.166992 0.000000 1556.029297 0.000000 0.817262 0.000000 0.576266 1.000000 1.000000 1.000000
1647.482788 0.000000 1556.351074 0.000000 0.360109 0.000000 0.932910 1.000000 1.000000 1.000000
1642.626831 0.000000 1555.655640 0.000000 0.250051 0.000000 0.968233 1.000000 1.000000 1.000000
1663.432739 0.000000 1577.389282 0.000000 0.751029 0.000000 0.660270 1.000000 1.000000 1.000000
1648.336182 0.000000 1568.432251 0.000000 0.124573 0.000000 0.992210 1.000000 1.000000 1.000000
1675.053101 0.000000 1555.927002 0.000000 0.841838 0.000000 0.539730 1.000000 1.000000 1.000000
"}
object={
	name="tree_pine_01_a_generator_1_1"
	render_pass=Map
	clamp_to_water_level=no
	generated_content=yes
	layer="tree_high_layer"
	pdxmesh="tree_pine_single_01_b_mesh"
	count=445
	transform="1534.265503 0.000000 1290.700684 0.000000 0.875585 0.000000 0.483064 1.000000 1.000000 1.000000
1533.166260 0.000000 1293.213135 0.000000 0.999993 0.000000 -0.003768 1.000000 1.000000 1.000000
1522.967041 0.000000 1296.028076 0.000000 0.983965 0.000000 -0.178364 1.000000 1.000000 1.000000
1597.275879 0.000000 1124.162109 0.000000 0.978222 0.000000 0.207561 1.000000 1.000000 1.000000
1587.179810 0.000000 1142.579102 0.000000 0.866675 0.000000 0.498874 1.000000 1.000000 1.000000
1595.648315 0.000000 1141.040283 0.000000 0.927249 0.000000 0.374446 1.000000 1.000000 1.000000
1594.520630 0.000000 1138.185059 0.000000 0.987920 0.000000 -0.154962 1.000000 1.000000 1.000000
1584.365601 0.000000 1150.988403 0.000000 0.999918 0.000000 0.012785 1.000000 1.000000 1.000000
1583.595947 0.000000 1141.427246 0.000000 0.999363 0.000000 0.035694 1.000000 1.000000 1.000000
1582.349976 0.000000 1151.578979 0.000000 0.906316 0.000000 0.422601 1.000000 1.000000 1.000000
1585.350220 0.000000 1142.158203 0.000000 0.937989 0.000000 -0.346664 1.000000 1.000000 1.000000
1595.596313 0.000000 1139.730713 0.000000 0.881228 0.000000 -0.472691 1.000000 1.000000 1.000000
1580.168335 0.000000 1148.091309 0.000000 0.986712 0.000000 -0.162477 1.000000 1.000000 1.000000
1597.919434 0.000000 1141.302734 0.000000 0.960354 0.000000 -0.278785 1.000000 1.000000 1.000000
1583.298950 0.000000 1146.151367 0.000000 0.994748 0.000000 0.102353 1.000000 1.000000 1.000000
1648.281738 0.000000 1109.950928 0.000000 0.996670 0.000000 -0.081541 1.000000 1.000000 1.000000
1659.275146 0.000000 1114.601440 0.000000 0.969490 0.000000 0.245131 1.000000 1.000000 1.000000
1645.650391 0.000000 1140.468506 0.000000 0.909905 0.000000 0.414816 1.000000 1.000000 1.000000
1630.934204 0.000000 1116.268188 0.000000 0.955650 0.000000 0.294505 1.000000 1.000000 1.000000
1655.376587 0.000000 1108.529785 0.000000 0.874715 0.000000 -0.484637 1.000000 1.000000 1.000000
1630.720093 0.000000 1123.818970 0.000000 0.967538 0.000000 -0.252724 1.000000 1.000000 1.000000
1653.524048 0.000000 1118.232056 0.000000 0.965823 0.000000 0.259203 1.000000 1.000000 1.000000
1622.067505 0.000000 1132.634521 0.000000 0.999063 0.000000 -0.043286 1.000000 1.000000 1.000000
1608.725952 0.000000 1142.708008 0.000000 0.989345 0.000000 -0.145592 1.000000 1.000000 1.000000
1626.162476 0.000000 1115.509766 0.000000 0.942367 0.000000 -0.334582 1.000000 1.000000 1.000000
1629.620728 0.000000 1111.662842 0.000000 0.936181 0.000000 -0.351520 1.000000 1.000000 1.000000
1660.728638 0.000000 1143.943481 0.000000 0.995086 0.000000 0.099016 1.000000 1.000000 1.000000
1623.028442 0.000000 1106.613525 0.000000 0.999906 0.000000 -0.013710 1.000000 1.000000 1.000000
1647.768066 0.000000 1143.587402 0.000000 0.987270 0.000000 -0.159055 1.000000 1.000000 1.000000
1648.907471 0.000000 1139.574097 0.000000 0.883266 0.000000 0.468872 1.000000 1.000000 1.000000
1652.878174 0.000000 1121.461426 0.000000 0.991566 0.000000 0.129606 1.000000 1.000000 1.000000
1620.391357 0.000000 1104.639160 0.000000 0.973836 0.000000 0.227250 1.000000 1.000000 1.000000
1663.692627 0.000000 1106.553345 0.000000 0.964245 0.000000 -0.265012 1.000000 1.000000 1.000000
1627.274902 0.000000 1126.917725 0.000000 0.900103 0.000000 -0.435677 1.000000 1.000000 1.000000
1659.354004 0.000000 1151.140015 0.000000 0.912495 0.000000 -0.409088 1.000000 1.000000 1.000000
1629.050293 0.000000 1114.360352 0.000000 0.934570 0.000000 -0.355779 1.000000 1.000000 1.000000
1646.923584 0.000000 1115.676880 0.000000 0.910400 0.000000 0.413728 1.000000 1.000000 1.000000
1627.797241 0.000000 1132.270020 0.000000 0.924416 0.000000 0.381387 1.000000 1.000000 1.000000
1657.340332 0.000000 1125.163208 0.000000 0.999998 0.000000 -0.002211 1.000000 1.000000 1.000000
1624.618164 0.000000 1127.050781 0.000000 0.986263 0.000000 -0.165184 1.000000 1.000000 1.000000
1629.342285 0.000000 1130.044189 0.000000 0.905287 0.000000 0.424800 1.000000 1.000000 1.000000
1624.026245 0.000000 1104.245850 0.000000 0.999499 0.000000 -0.031643 1.000000 1.000000 1.000000
1621.859253 0.000000 1126.653564 0.000000 0.994836 0.000000 -0.101492 1.000000 1.000000 1.000000
1627.987427 0.000000 1136.046387 0.000000 0.964997 0.000000 0.262262 1.000000 1.000000 1.000000
1627.277954 0.000000 1124.911011 0.000000 0.965022 0.000000 0.262169 1.000000 1.000000 1.000000
1652.555420 0.000000 1099.181030 0.000000 0.989359 0.000000 0.145496 1.000000 1.000000 1.000000
1644.251709 0.000000 1112.237793 0.000000 0.997906 0.000000 -0.064687 1.000000 1.000000 1.000000
1645.982910 0.000000 1112.565430 0.000000 0.968418 0.000000 -0.249332 1.000000 1.000000 1.000000
1610.654541 0.000000 1145.183472 0.000000 0.910868 0.000000 -0.412698 1.000000 1.000000 1.000000
1629.094116 0.000000 1123.990601 0.000000 0.934762 0.000000 -0.355275 1.000000 1.000000 1.000000
1628.080811 0.000000 1130.833374 0.000000 0.951259 0.000000 0.308392 1.000000 1.000000 1.000000
1621.492432 0.000000 1127.931274 0.000000 0.999884 0.000000 -0.015260 1.000000 1.000000 1.000000
1631.536255 0.000000 1124.795166 0.000000 0.993680 0.000000 0.112249 1.000000 1.000000 1.000000
1665.974854 0.000000 1131.022827 0.000000 0.989733 0.000000 -0.142927 1.000000 1.000000 1.000000
1669.561279 0.000000 1146.570312 0.000000 0.994097 0.000000 -0.108496 1.000000 1.000000 1.000000
1677.428833 0.000000 1144.461914 0.000000 0.937026 0.000000 -0.349260 1.000000 1.000000 1.000000
1680.370483 0.000000 1150.160278 0.000000 0.999078 0.000000 -0.042926 1.000000 1.000000 1.000000
1669.360718 0.000000 1112.334473 0.000000 0.934830 0.000000 0.355094 1.000000 1.000000 1.000000
1674.628174 0.000000 1121.324707 0.000000 0.996175 0.000000 -0.087381 1.000000 1.000000 1.000000
1669.424927 0.000000 1107.414673 0.000000 0.955367 0.000000 -0.295422 1.000000 1.000000 1.000000
1669.248779 0.000000 1129.675903 0.000000 0.999639 0.000000 -0.026859 1.000000 1.000000 1.000000
1690.568115 0.000000 1137.466431 0.000000 0.899395 0.000000 -0.437137 1.000000 1.000000 1.000000
1666.896973 0.000000 1128.012817 0.000000 0.932442 0.000000 -0.361320 1.000000 1.000000 1.000000
1693.194336 0.000000 1134.420654 0.000000 0.996213 0.000000 0.086941 1.000000 1.000000 1.000000
1670.319214 0.000000 1127.887207 0.000000 0.928450 0.000000 -0.371459 1.000000 1.000000 1.000000
1678.557983 0.000000 1149.532837 0.000000 0.968550 0.000000 0.248818 1.000000 1.000000 1.000000
1671.399536 0.000000 1102.179443 0.000000 0.998873 0.000000 -0.047473 1.000000 1.000000 1.000000
1674.793701 0.000000 1148.008179 0.000000 0.896296 0.000000 0.443455 1.000000 1.000000 1.000000
1677.434937 0.000000 1149.115112 0.000000 0.996214 0.000000 -0.086930 1.000000 1.000000 1.000000
1695.654541 0.000000 1138.868774 0.000000 0.990875 0.000000 -0.134785 1.000000 1.000000 1.000000
1676.572144 0.000000 1150.272705 0.000000 0.866378 0.000000 -0.499390 1.000000 1.000000 1.000000
1756.504150 0.000000 1150.992310 0.000000 0.937875 0.000000 0.346974 1.000000 1.000000 1.000000
1780.094849 0.000000 1149.647461 0.000000 0.991373 0.000000 0.131070 1.000000 1.000000 1.000000
1580.305664 0.000000 1152.071289 0.000000 0.984610 0.000000 -0.174767 1.000000 1.000000 1.000000
1587.088501 0.000000 1152.206421 0.000000 0.993573 0.000000 0.113195 1.000000 1.000000 1.000000
1585.116943 0.000000 1159.123657 0.000000 0.964880 0.000000 -0.262692 1.000000 1.000000 1.000000
1585.987305 0.000000 1152.744263 0.000000 0.936501 0.000000 -0.350665 1.000000 1.000000 1.000000
1633.790161 0.000000 1172.919434 0.000000 0.943072 0.000000 -0.332587 1.000000 1.000000 1.000000
1637.428711 0.000000 1157.748779 0.000000 0.995879 0.000000 -0.090691 1.000000 1.000000 1.000000
1636.396973 0.000000 1168.374512 0.000000 0.987462 0.000000 0.157857 1.000000 1.000000 1.000000
1639.417358 0.000000 1160.753906 0.000000 0.970013 0.000000 0.243053 1.000000 1.000000 1.000000
1652.455688 0.000000 1166.905273 0.000000 0.984655 0.000000 0.174515 1.000000 1.000000 1.000000
1659.323608 0.000000 1155.964722 0.000000 0.976926 0.000000 -0.213579 1.000000 1.000000 1.000000
1649.436401 0.000000 1160.522949 0.000000 0.903509 0.000000 -0.428569 1.000000 1.000000 1.000000
1649.481201 0.000000 1163.448608 0.000000 0.887059 0.000000 -0.461656 1.000000 1.000000 1.000000
1660.566406 0.000000 1154.398315 0.000000 0.925531 0.000000 0.378671 1.000000 1.000000 1.000000
1639.011108 0.000000 1158.859009 0.000000 0.997853 0.000000 0.065498 1.000000 1.000000 1.000000
1659.788574 0.000000 1152.675903 0.000000 0.982509 0.000000 -0.186213 1.000000 1.000000 1.000000
1635.999146 0.000000 1166.674927 0.000000 0.984137 0.000000 -0.177410 1.000000 1.000000 1.000000
1637.322632 0.000000 1159.413086 0.000000 0.999980 0.000000 -0.006321 1.000000 1.000000 1.000000
1636.749146 0.000000 1171.931274 0.000000 0.922968 0.000000 -0.384877 1.000000 1.000000 1.000000
1658.395020 0.000000 1152.222656 0.000000 0.999596 0.000000 -0.028424 1.000000 1.000000 1.000000
1581.650391 0.000000 1268.468506 0.000000 0.994759 0.000000 -0.102245 1.000000 1.000000 1.000000
1584.290405 0.000000 1251.640625 0.000000 0.974823 0.000000 0.222979 1.000000 1.000000 1.000000
1579.452881 0.000000 1251.092896 0.000000 0.895075 0.000000 0.445915 1.000000 1.000000 1.000000
1603.025757 0.000000 1245.487427 0.000000 0.901578 0.000000 -0.432616 1.000000 1.000000 1.000000
1610.628174 0.000000 1249.324707 0.000000 0.998239 0.000000 -0.059323 1.000000 1.000000 1.000000
1613.280762 0.000000 1251.118530 0.000000 0.969043 0.000000 0.246892 1.000000 1.000000 1.000000
1676.172119 0.000000 1157.928101 0.000000 0.999544 0.000000 0.030203 1.000000 1.000000 1.000000
1664.013794 0.000000 1164.653442 0.000000 0.921045 0.000000 -0.389457 1.000000 1.000000 1.000000
1673.876587 0.000000 1155.766846 0.000000 0.938530 0.000000 -0.345198 1.000000 1.000000 1.000000
1719.079956 0.000000 1193.417480 0.000000 0.931927 0.000000 -0.362646 1.000000 1.000000 1.000000
1677.905029 0.000000 1159.240967 0.000000 0.964227 0.000000 -0.265079 1.000000 1.000000 1.000000
1673.366089 0.000000 1153.546997 0.000000 0.992432 0.000000 -0.122799 1.000000 1.000000 1.000000
1677.405640 0.000000 1152.711426 0.000000 0.867807 0.000000 0.496902 1.000000 1.000000 1.000000
1675.593994 0.000000 1154.826294 0.000000 0.987029 0.000000 -0.160543 1.000000 1.000000 1.000000
1672.145020 0.000000 1155.062622 0.000000 0.992074 0.000000 0.125656 1.000000 1.000000 1.000000
1674.033081 0.000000 1152.003052 0.000000 0.924001 0.000000 0.382391 1.000000 1.000000 1.000000
1747.637207 0.000000 1161.028809 0.000000 0.960429 0.000000 -0.278525 1.000000 1.000000 1.000000
1787.670044 0.000000 1158.378418 0.000000 0.868569 0.000000 0.495569 1.000000 1.000000 1.000000
1751.480469 0.000000 1157.307617 0.000000 0.999773 0.000000 -0.021303 1.000000 1.000000 1.000000
1775.760254 0.000000 1158.595703 0.000000 0.996100 0.000000 -0.088235 1.000000 1.000000 1.000000
1790.313843 0.000000 1192.150757 0.000000 0.982118 0.000000 0.188268 1.000000 1.000000 1.000000
1760.448853 0.000000 1169.080078 0.000000 0.993913 0.000000 -0.110166 1.000000 1.000000 1.000000
1776.907471 0.000000 1203.574097 0.000000 0.874624 0.000000 0.484803 1.000000 1.000000 1.000000
1761.277344 0.000000 1165.673218 0.000000 0.874689 0.000000 -0.484685 1.000000 1.000000 1.000000
1741.661011 0.000000 1154.814941 0.000000 0.932937 0.000000 -0.360040 1.000000 1.000000 1.000000
1750.151001 0.000000 1175.355591 0.000000 0.987957 0.000000 0.154729 1.000000 1.000000 1.000000
1789.166260 0.000000 1165.213135 0.000000 0.997162 0.000000 0.075291 1.000000 1.000000 1.000000
1773.615356 0.000000 1160.482056 0.000000 0.999631 0.000000 -0.027154 1.000000 1.000000 1.000000
1778.623047 0.000000 1200.116577 0.000000 0.998705 0.000000 -0.050883 1.000000 1.000000 1.000000
1759.094360 0.000000 1166.609375 0.000000 0.996377 0.000000 -0.085051 1.000000 1.000000 1.000000
1756.133301 0.000000 1152.063354 0.000000 0.995556 0.000000 0.094167 1.000000 1.000000 1.000000
1760.616577 0.000000 1167.394165 0.000000 0.963998 0.000000 -0.265908 1.000000 1.000000 1.000000
1762.062622 0.000000 1171.264893 0.000000 0.984543 0.000000 -0.175141 1.000000 1.000000 1.000000
1793.974854 0.000000 1195.022827 0.000000 0.967379 0.000000 -0.253334 1.000000 1.000000 1.000000
1802.125244 0.000000 1176.783813 0.000000 0.981274 0.000000 -0.192615 1.000000 1.000000 1.000000
1807.404663 0.000000 1152.101074 0.000000 0.874010 0.000000 0.485909 1.000000 1.000000 1.000000
1811.875366 0.000000 1157.113403 0.000000 0.906126 0.000000 0.423009 1.000000 1.000000 1.000000
1805.099976 0.000000 1183.973999 0.000000 0.994957 0.000000 0.100303 1.000000 1.000000 1.000000
1800.660034 0.000000 1186.055298 0.000000 0.943064 0.000000 -0.332611 1.000000 1.000000 1.000000
1795.909058 0.000000 1195.003174 0.000000 0.999271 0.000000 -0.038164 1.000000 1.000000 1.000000
1792.595337 0.000000 1194.631226 0.000000 0.998531 0.000000 -0.054178 1.000000 1.000000 1.000000
1556.968506 0.000000 1339.060669 0.000000 0.976254 0.000000 0.216628 1.000000 1.000000 1.000000
1562.973267 0.000000 1321.816772 0.000000 0.929337 0.000000 0.369233 1.000000 1.000000 1.000000
1567.319092 0.000000 1335.947632 0.000000 0.888703 0.000000 -0.458483 1.000000 1.000000 1.000000
1578.611206 0.000000 1327.847168 0.000000 0.947011 0.000000 -0.321202 1.000000 1.000000 1.000000
1562.408813 0.000000 1326.532959 0.000000 0.967481 0.000000 -0.252944 1.000000 1.000000 1.000000
1585.663208 0.000000 1312.828247 0.000000 0.994220 0.000000 0.107359 1.000000 1.000000 1.000000
1588.107300 0.000000 1330.510132 0.000000 0.967996 0.000000 -0.250967 1.000000 1.000000 1.000000
1580.478394 0.000000 1342.695435 0.000000 0.996208 0.000000 -0.086998 1.000000 1.000000 1.000000
1592.031128 0.000000 1284.688599 0.000000 0.908411 0.000000 0.418078 1.000000 1.000000 1.000000
1592.689331 0.000000 1289.062744 0.000000 0.937545 0.000000 0.347864 1.000000 1.000000 1.000000
1591.016235 0.000000 1329.444336 0.000000 0.948168 0.000000 -0.317768 1.000000 1.000000 1.000000
1558.151001 0.000000 1303.355591 0.000000 0.883601 0.000000 -0.468240 1.000000 1.000000 1.000000
1553.357056 0.000000 1290.443604 0.000000 0.868944 0.000000 0.494910 1.000000 1.000000 1.000000
1582.050293 0.000000 1320.694336 0.000000 0.875212 0.000000 0.483740 1.000000 1.000000 1.000000
1565.998413 0.000000 1297.651733 0.000000 0.939201 0.000000 -0.343369 1.000000 1.000000 1.000000
1584.499023 0.000000 1310.730347 0.000000 0.923478 0.000000 -0.383650 1.000000 1.000000 1.000000
1595.086060 0.000000 1300.743774 0.000000 0.980115 0.000000 -0.198432 1.000000 1.000000 1.000000
1586.186890 0.000000 1336.689819 0.000000 0.961344 0.000000 -0.275350 1.000000 1.000000 1.000000
1558.142822 0.000000 1300.939331 0.000000 0.873255 0.000000 0.487263 1.000000 1.000000 1.000000
1567.849365 0.000000 1322.270996 0.000000 0.892950 0.000000 0.450156 1.000000 1.000000 1.000000
1558.726929 0.000000 1340.559814 0.000000 0.998362 0.000000 -0.057218 1.000000 1.000000 1.000000
1593.476807 0.000000 1286.478638 0.000000 0.919720 0.000000 -0.392574 1.000000 1.000000 1.000000
1555.418457 0.000000 1337.545898 0.000000 0.969268 0.000000 0.246006 1.000000 1.000000 1.000000
1547.336670 0.000000 1297.361572 0.000000 0.942872 0.000000 0.333156 1.000000 1.000000 1.000000
1548.901489 0.000000 1290.833862 0.000000 0.996566 0.000000 0.082800 1.000000 1.000000 1.000000
1581.218628 0.000000 1314.373779 0.000000 0.947295 0.000000 -0.320362 1.000000 1.000000 1.000000
1577.965454 0.000000 1325.952026 0.000000 0.908601 0.000000 0.417666 1.000000 1.000000 1.000000
1568.671143 0.000000 1331.298828 0.000000 0.965035 0.000000 -0.262121 1.000000 1.000000 1.000000
1544.208008 0.000000 1295.877686 0.000000 0.869432 0.000000 0.494052 1.000000 1.000000 1.000000
1586.010254 0.000000 1315.873413 0.000000 0.990709 0.000000 0.136000 1.000000 1.000000 1.000000
1596.000488 0.000000 1325.294434 0.000000 0.912154 0.000000 -0.409848 1.000000 1.000000 1.000000
1576.442993 0.000000 1324.912109 0.000000 0.977001 0.000000 -0.213235 1.000000 1.000000 1.000000
1585.480225 0.000000 1314.540405 0.000000 0.944890 0.000000 -0.327387 1.000000 1.000000 1.000000
1591.996704 0.000000 1327.521851 0.000000 0.912351 0.000000 0.409409 1.000000 1.000000 1.000000
1587.575195 0.000000 1336.561768 0.000000 0.985988 0.000000 0.166819 1.000000 1.000000 1.000000
1556.183594 0.000000 1300.144287 0.000000 0.958724 0.000000 -0.284337 1.000000 1.000000 1.000000
1590.045654 0.000000 1326.477417 0.000000 0.951119 0.000000 -0.308823 1.000000 1.000000 1.000000
1583.036377 0.000000 1314.247681 0.000000 0.963948 0.000000 -0.266092 1.000000 1.000000 1.000000
1620.968506 0.000000 1339.060669 0.000000 0.954180 0.000000 -0.299232 1.000000 1.000000 1.000000
1635.497070 0.000000 1280.566162 0.000000 0.987564 0.000000 -0.157216 1.000000 1.000000 1.000000
1611.373291 0.000000 1317.818604 0.000000 0.998553 0.000000 -0.053780 1.000000 1.000000 1.000000
1605.573486 0.000000 1343.956909 0.000000 0.971724 0.000000 -0.236121 1.000000 1.000000 1.000000
1614.736938 0.000000 1291.170776 0.000000 0.999396 0.000000 -0.034763 1.000000 1.000000 1.000000
1623.028442 0.000000 1298.613525 0.000000 0.987134 0.000000 -0.159896 1.000000 1.000000 1.000000
1612.211548 0.000000 1325.100952 0.000000 0.937475 0.000000 0.348053 1.000000 1.000000 1.000000
1608.186768 0.000000 1316.134155 0.000000 0.976794 0.000000 -0.214179 1.000000 1.000000 1.000000
1600.023804 0.000000 1308.332153 0.000000 0.912373 0.000000 -0.409359 1.000000 1.000000 1.000000
1613.280762 0.000000 1315.118530 0.000000 0.939965 0.000000 -0.341272 1.000000 1.000000 1.000000
1619.208374 0.000000 1335.416626 0.000000 0.981075 0.000000 -0.193628 1.000000 1.000000 1.000000
1623.577881 0.000000 1337.747803 0.000000 0.873391 0.000000 0.487020 1.000000 1.000000 1.000000
1621.323486 0.000000 1326.696045 0.000000 0.917908 0.000000 0.396794 1.000000 1.000000 1.000000
1624.865601 0.000000 1321.229614 0.000000 0.907755 0.000000 0.419501 1.000000 1.000000 1.000000
1606.319214 0.000000 1319.887207 0.000000 0.869601 0.000000 -0.493756 1.000000 1.000000 1.000000
1637.411133 0.000000 1280.264526 0.000000 0.995421 0.000000 -0.095590 1.000000 1.000000 1.000000
1620.046997 0.000000 1343.361084 0.000000 0.897535 0.000000 0.440943 1.000000 1.000000 1.000000
1603.894775 0.000000 1329.421387 0.000000 0.985937 0.000000 0.167119 1.000000 1.000000 1.000000
1602.026855 0.000000 1308.033325 0.000000 0.920794 0.000000 -0.390050 1.000000 1.000000 1.000000
1623.035278 0.000000 1306.897217 0.000000 0.920121 0.000000 0.391634 1.000000 1.000000 1.000000
1607.055786 0.000000 1343.286621 0.000000 0.942780 0.000000 0.333416 1.000000 1.000000 1.000000
1601.188477 0.000000 1325.016235 0.000000 0.980256 0.000000 0.197731 1.000000 1.000000 1.000000
1602.823364 0.000000 1328.603149 0.000000 0.891570 0.000000 -0.452883 1.000000 1.000000 1.000000
1620.722900 0.000000 1337.786743 0.000000 0.999977 0.000000 0.006847 1.000000 1.000000 1.000000
1610.454712 0.000000 1322.240845 0.000000 0.882120 0.000000 -0.471025 1.000000 1.000000 1.000000
1601.092896 0.000000 1327.672607 0.000000 0.991042 0.000000 -0.133550 1.000000 1.000000 1.000000
1541.561279 0.000000 1402.570312 0.000000 0.986658 0.000000 -0.162806 1.000000 1.000000 1.000000
1562.973267 0.000000 1385.816772 0.000000 0.888932 0.000000 -0.458039 1.000000 1.000000 1.000000
1566.934204 0.000000 1372.268188 0.000000 0.886921 0.000000 -0.461921 1.000000 1.000000 1.000000
1580.949707 0.000000 1402.235962 0.000000 0.981754 0.000000 -0.190155 1.000000 1.000000 1.000000
1562.162476 0.000000 1371.509766 0.000000 0.916098 0.000000 0.400954 1.000000 1.000000 1.000000
1570.333984 0.000000 1395.662842 0.000000 0.999316 0.000000 0.036978 1.000000 1.000000 1.000000
1554.546143 0.000000 1357.387085 0.000000 0.965829 0.000000 -0.259179 1.000000 1.000000 1.000000
1588.107300 0.000000 1394.510132 0.000000 0.982632 0.000000 0.185565 1.000000 1.000000 1.000000
1580.753296 0.000000 1348.234131 0.000000 0.892453 0.000000 0.451141 1.000000 1.000000 1.000000
1574.725830 0.000000 1393.065430 0.000000 0.971542 0.000000 0.236869 1.000000 1.000000 1.000000
1548.911865 0.000000 1362.607422 0.000000 0.977718 0.000000 -0.209922 1.000000 1.000000 1.000000
1580.305664 0.000000 1344.071289 0.000000 0.969980 0.000000 -0.243186 1.000000 1.000000 1.000000
1585.708740 0.000000 1388.947754 0.000000 0.892214 0.000000 0.451613 1.000000 1.000000 1.000000
1549.661011 0.000000 1346.814941 0.000000 0.914545 0.000000 0.404485 1.000000 1.000000 1.000000
1561.640625 0.000000 1374.294434 0.000000 0.984485 0.000000 -0.175470 1.000000 1.000000 1.000000
1584.187012 0.000000 1386.112427 0.000000 0.951569 0.000000 -0.307435 1.000000 1.000000 1.000000
1593.340332 0.000000 1381.163208 0.000000 0.964169 0.000000 0.265290 1.000000 1.000000 1.000000
1560.865601 0.000000 1385.229614 0.000000 0.885995 0.000000 -0.463694 1.000000 1.000000 1.000000
1582.033936 0.000000 1400.538818 0.000000 0.888619 0.000000 0.458645 1.000000 1.000000 1.000000
1599.923706 0.000000 1360.804932 0.000000 0.997856 0.000000 -0.065448 1.000000 1.000000 1.000000
1560.912109 0.000000 1372.715210 0.000000 0.878436 0.000000 0.477860 1.000000 1.000000 1.000000
1563.274170 0.000000 1359.960571 0.000000 0.999339 0.000000 -0.036351 1.000000 1.000000 1.000000
1566.749634 0.000000 1370.662842 0.000000 0.957026 0.000000 -0.290003 1.000000 1.000000 1.000000
1566.891357 0.000000 1360.202393 0.000000 0.951891 0.000000 0.306436 1.000000 1.000000 1.000000
1558.230957 0.000000 1356.845703 0.000000 0.879637 0.000000 -0.475646 1.000000 1.000000 1.000000
1567.923340 0.000000 1371.204590 0.000000 0.990255 0.000000 0.139266 1.000000 1.000000 1.000000
1565.813721 0.000000 1358.517944 0.000000 0.998691 0.000000 0.051149 1.000000 1.000000 1.000000
1567.381836 0.000000 1373.429565 0.000000 0.987079 0.000000 -0.160234 1.000000 1.000000 1.000000
1567.452271 0.000000 1406.233398 0.000000 0.984032 0.000000 0.177991 1.000000 1.000000 1.000000
1600.367310 0.000000 1347.297363 0.000000 0.987436 0.000000 0.158022 1.000000 1.000000 1.000000
1606.784302 0.000000 1348.691895 0.000000 0.988376 0.000000 -0.152027 1.000000 1.000000 1.000000
1623.480469 0.000000 1349.307617 0.000000 0.996679 0.000000 0.081434 1.000000 1.000000 1.000000
1623.028442 0.000000 1362.613525 0.000000 0.997924 0.000000 -0.064407 1.000000 1.000000 1.000000
1607.777588 0.000000 1344.011597 0.000000 0.925002 0.000000 -0.379963 1.000000 1.000000 1.000000
1609.280884 0.000000 1350.682617 0.000000 0.990885 0.000000 -0.134708 1.000000 1.000000 1.000000
1629.637451 0.000000 1357.138672 0.000000 0.945977 0.000000 -0.324235 1.000000 1.000000 1.000000
1603.817261 0.000000 1407.135986 0.000000 0.916529 0.000000 -0.399969 1.000000 1.000000 1.000000
1607.870239 0.000000 1345.576050 0.000000 0.941855 0.000000 0.336021 1.000000 1.000000 1.000000
1628.377563 0.000000 1357.503784 0.000000 0.991950 0.000000 -0.126631 1.000000 1.000000 1.000000
1683.627563 0.000000 1318.229858 0.000000 0.886573 0.000000 0.462588 1.000000 1.000000 1.000000
1679.043945 0.000000 1320.765747 0.000000 0.945314 0.000000 -0.326162 1.000000 1.000000 1.000000
1680.064575 0.000000 1316.701782 0.000000 0.993255 0.000000 0.115954 1.000000 1.000000 1.000000
1677.613403 0.000000 1339.928223 0.000000 0.959178 0.000000 -0.282804 1.000000 1.000000 1.000000
1673.032959 0.000000 1340.223755 0.000000 0.993565 0.000000 0.113261 1.000000 1.000000 1.000000
1678.557983 0.000000 1341.532837 0.000000 0.898934 0.000000 0.438083 1.000000 1.000000 1.000000
1684.760498 0.000000 1317.110107 0.000000 0.900054 0.000000 0.435778 1.000000 1.000000 1.000000
1676.215698 0.000000 1339.633057 0.000000 0.973453 0.000000 0.228889 1.000000 1.000000 1.000000
1676.000732 0.000000 1336.867676 0.000000 0.960260 0.000000 -0.279107 1.000000 1.000000 1.000000
1684.538940 0.000000 1319.121948 0.000000 0.904665 0.000000 -0.426124 1.000000 1.000000 1.000000
1677.728027 0.000000 1338.821411 0.000000 0.903268 0.000000 0.429076 1.000000 1.000000 1.000000
1711.949219 0.000000 1391.976807 0.000000 0.936485 0.000000 0.350708 1.000000 1.000000 1.000000
1713.708740 0.000000 1388.947754 0.000000 0.984925 0.000000 -0.172983 1.000000 1.000000 1.000000
1709.261963 0.000000 1393.486816 0.000000 0.999856 0.000000 -0.016988 1.000000 1.000000 1.000000
1594.416138 0.000000 1421.527710 0.000000 0.993208 0.000000 -0.116351 1.000000 1.000000 1.000000
1536.367310 0.000000 1411.297363 0.000000 0.991052 0.000000 0.133479 1.000000 1.000000 1.000000
1594.227417 0.000000 1431.046509 0.000000 0.935322 0.000000 0.353798 1.000000 1.000000 1.000000
1597.974243 0.000000 1412.018677 0.000000 0.877779 0.000000 -0.479066 1.000000 1.000000 1.000000
1568.272949 0.000000 1408.253662 0.000000 0.900569 0.000000 -0.434713 1.000000 1.000000 1.000000
1585.436401 0.000000 1416.522949 0.000000 0.909879 0.000000 -0.414874 1.000000 1.000000 1.000000
1585.481201 0.000000 1419.448608 0.000000 0.928556 0.000000 -0.371193 1.000000 1.000000 1.000000
1569.792236 0.000000 1409.831543 0.000000 0.983599 0.000000 0.180369 1.000000 1.000000 1.000000
1598.798340 0.000000 1464.448853 0.000000 0.923361 0.000000 -0.383933 1.000000 1.000000 1.000000
1538.145874 0.000000 1415.474976 0.000000 0.931397 0.000000 0.364004 1.000000 1.000000 1.000000
1538.638306 0.000000 1412.593018 0.000000 0.917794 0.000000 -0.397057 1.000000 1.000000 1.000000
1598.359619 0.000000 1413.181641 0.000000 0.977247 0.000000 -0.212103 1.000000 1.000000 1.000000
1645.218750 0.000000 1444.399780 0.000000 0.999962 0.000000 0.008767 1.000000 1.000000 1.000000
1613.640869 0.000000 1457.921997 0.000000 0.967930 0.000000 -0.251220 1.000000 1.000000 1.000000
1643.883667 0.000000 1440.944336 0.000000 0.969149 0.000000 0.246476 1.000000 1.000000 1.000000
1600.769775 0.000000 1408.060547 0.000000 0.999982 0.000000 -0.005957 1.000000 1.000000 1.000000
1627.458008 0.000000 1468.812134 0.000000 0.964825 0.000000 -0.262894 1.000000 1.000000 1.000000
1663.178223 0.000000 1442.425781 0.000000 0.997440 0.000000 -0.071515 1.000000 1.000000 1.000000
1647.039795 0.000000 1445.212158 0.000000 0.986241 0.000000 -0.165314 1.000000 1.000000 1.000000
1611.952393 0.000000 1434.527100 0.000000 0.994275 0.000000 0.106855 1.000000 1.000000 1.000000
1606.783813 0.000000 1452.857544 0.000000 0.910022 0.000000 0.414560 1.000000 1.000000 1.000000
1663.347290 0.000000 1460.326538 0.000000 0.889604 0.000000 -0.456732 1.000000 1.000000 1.000000
1611.856323 0.000000 1457.413330 0.000000 0.999354 0.000000 0.035943 1.000000 1.000000 1.000000
1611.160522 0.000000 1454.311768 0.000000 0.999843 0.000000 -0.017724 1.000000 1.000000 1.000000
1626.469849 0.000000 1467.619141 0.000000 0.951479 0.000000 0.307714 1.000000 1.000000 1.000000
1611.665649 0.000000 1435.936401 0.000000 0.972256 0.000000 -0.233918 1.000000 1.000000 1.000000
1630.479004 0.000000 1465.008667 0.000000 0.985541 0.000000 -0.169439 1.000000 1.000000 1.000000
1627.219727 0.000000 1470.122925 0.000000 0.993907 0.000000 -0.110218 1.000000 1.000000 1.000000
1623.910889 0.000000 1442.134644 0.000000 0.873813 0.000000 -0.486261 1.000000 1.000000 1.000000
1613.870239 0.000000 1456.385254 0.000000 0.939810 0.000000 0.341696 1.000000 1.000000 1.000000
1612.949829 0.000000 1457.057251 0.000000 0.971050 0.000000 -0.238877 1.000000 1.000000 1.000000
1635.523926 0.000000 1483.150513 0.000000 0.999995 0.000000 -0.003297 1.000000 1.000000 1.000000
1661.435791 0.000000 1492.831055 0.000000 0.998046 0.000000 -0.062490 1.000000 1.000000 1.000000
1647.949219 0.000000 1519.976807 0.000000 0.988002 0.000000 -0.154439 1.000000 1.000000 1.000000
1644.970947 0.000000 1497.687256 0.000000 0.981395 0.000000 -0.191999 1.000000 1.000000 1.000000
1619.843872 0.000000 1520.372437 0.000000 0.969404 0.000000 -0.245469 1.000000 1.000000 1.000000
1628.427734 0.000000 1491.569092 0.000000 0.994729 0.000000 -0.102534 1.000000 1.000000 1.000000
1623.028442 0.000000 1490.613525 0.000000 0.909039 0.000000 -0.416710 1.000000 1.000000 1.000000
1654.080200 0.000000 1534.430054 0.000000 0.886150 0.000000 -0.463399 1.000000 1.000000 1.000000
1626.095825 0.000000 1489.210938 0.000000 0.972937 0.000000 0.231069 1.000000 1.000000 1.000000
1613.280762 0.000000 1507.118530 0.000000 0.924569 0.000000 0.381015 1.000000 1.000000 1.000000
1622.151001 0.000000 1495.355591 0.000000 0.988599 0.000000 0.150574 1.000000 1.000000 1.000000
1663.176270 0.000000 1514.874756 0.000000 0.914777 0.000000 0.403960 1.000000 1.000000 1.000000
1611.076660 0.000000 1527.520386 0.000000 0.893355 0.000000 0.449351 1.000000 1.000000 1.000000
1629.998413 0.000000 1489.651733 0.000000 0.915942 0.000000 -0.401311 1.000000 1.000000 1.000000
1618.518311 0.000000 1522.261353 0.000000 0.923448 0.000000 -0.383723 1.000000 1.000000 1.000000
1635.213013 0.000000 1485.156372 0.000000 0.875558 0.000000 0.483114 1.000000 1.000000 1.000000
1623.994873 0.000000 1492.665894 0.000000 0.973755 0.000000 -0.227600 1.000000 1.000000 1.000000
1645.491455 0.000000 1500.637207 0.000000 0.915306 0.000000 0.402760 1.000000 1.000000 1.000000
1616.518921 0.000000 1524.759155 0.000000 0.892400 0.000000 0.451245 1.000000 1.000000 1.000000
1644.251709 0.000000 1496.237793 0.000000 0.896429 0.000000 0.443187 1.000000 1.000000 1.000000
1638.404419 0.000000 1484.418335 0.000000 0.927998 0.000000 -0.372586 1.000000 1.000000 1.000000
1617.351440 0.000000 1523.155273 0.000000 0.965564 0.000000 -0.260165 1.000000 1.000000 1.000000
1612.215698 0.000000 1531.633057 0.000000 0.880728 0.000000 -0.473623 1.000000 1.000000 1.000000
1663.455078 0.000000 1495.313965 0.000000 0.964963 0.000000 -0.262384 1.000000 1.000000 1.000000
1646.214478 0.000000 1517.538452 0.000000 0.993282 0.000000 0.115716 1.000000 1.000000 1.000000
1662.748901 0.000000 1493.318237 0.000000 0.996160 0.000000 -0.087554 1.000000 1.000000 1.000000
1655.930908 0.000000 1533.315674 0.000000 0.995548 0.000000 -0.094261 1.000000 1.000000 1.000000
1614.157104 0.000000 1504.492920 0.000000 0.959042 0.000000 -0.283262 1.000000 1.000000 1.000000
1617.257324 0.000000 1522.012085 0.000000 0.972438 0.000000 0.233163 1.000000 1.000000 1.000000
1634.162964 0.000000 1485.018677 0.000000 0.989100 0.000000 0.147247 1.000000 1.000000 1.000000
1669.561279 0.000000 1466.570312 0.000000 0.876443 0.000000 0.481505 1.000000 1.000000 1.000000
1677.640869 0.000000 1457.921997 0.000000 0.998139 0.000000 -0.060975 1.000000 1.000000 1.000000
1693.620728 0.000000 1431.662842 0.000000 0.999990 0.000000 0.004441 1.000000 1.000000 1.000000
1674.125244 0.000000 1432.783813 0.000000 0.938610 0.000000 -0.344979 1.000000 1.000000 1.000000
1668.492310 0.000000 1461.102539 0.000000 0.999845 0.000000 -0.017620 1.000000 1.000000 1.000000
1683.843872 0.000000 1456.372437 0.000000 0.994272 0.000000 0.106882 1.000000 1.000000 1.000000
1691.928833 0.000000 1460.033691 0.000000 0.997863 0.000000 -0.065334 1.000000 1.000000 1.000000
1692.427734 0.000000 1427.569092 0.000000 0.951314 0.000000 -0.308224 1.000000 1.000000 1.000000
1680.064575 0.000000 1444.701782 0.000000 0.982808 0.000000 0.184633 1.000000 1.000000 1.000000
1679.504517 0.000000 1437.846924 0.000000 0.960635 0.000000 -0.277814 1.000000 1.000000 1.000000
1667.059570 0.000000 1443.984131 0.000000 0.988236 0.000000 0.152938 1.000000 1.000000 1.000000
1699.559448 0.000000 1439.153198 0.000000 0.988430 0.000000 0.151677 1.000000 1.000000 1.000000
1671.254761 0.000000 1460.158447 0.000000 0.934482 0.000000 -0.356010 1.000000 1.000000 1.000000
1703.549683 0.000000 1436.288452 0.000000 0.991178 0.000000 -0.132539 1.000000 1.000000 1.000000
1665.896240 0.000000 1461.310303 0.000000 0.884176 0.000000 -0.467155 1.000000 1.000000 1.000000
1701.556152 0.000000 1434.277466 0.000000 0.963735 0.000000 0.266860 1.000000 1.000000 1.000000
1682.127686 0.000000 1440.360474 0.000000 0.980172 0.000000 0.198150 1.000000 1.000000 1.000000
1692.727417 0.000000 1457.973755 0.000000 0.999879 0.000000 -0.015541 1.000000 1.000000 1.000000
1702.786133 0.000000 1452.402954 0.000000 0.892405 0.000000 -0.451235 1.000000 1.000000 1.000000
1685.859253 0.000000 1446.653564 0.000000 0.959608 0.000000 -0.281342 1.000000 1.000000 1.000000
1686.452271 0.000000 1460.231689 0.000000 0.984585 0.000000 0.174907 1.000000 1.000000 1.000000
1699.583496 0.000000 1435.590088 0.000000 0.933595 0.000000 0.358329 1.000000 1.000000 1.000000
1678.805176 0.000000 1431.727051 0.000000 0.981921 0.000000 0.189291 1.000000 1.000000 1.000000
1669.600586 0.000000 1468.534058 0.000000 0.919399 0.000000 -0.393327 1.000000 1.000000 1.000000
1695.423340 0.000000 1430.722778 0.000000 0.999823 0.000000 0.018795 1.000000 1.000000 1.000000
1688.750610 0.000000 1456.860840 0.000000 0.911103 0.000000 -0.412178 1.000000 1.000000 1.000000
1671.294556 0.000000 1467.354248 0.000000 0.986724 0.000000 -0.162408 1.000000 1.000000 1.000000
1666.026123 0.000000 1468.529297 0.000000 0.994325 0.000000 0.106385 1.000000 1.000000 1.000000
1687.485962 0.000000 1445.586914 0.000000 0.880792 0.000000 -0.473503 1.000000 1.000000 1.000000
1676.667603 0.000000 1456.010376 0.000000 0.898504 0.000000 0.438966 1.000000 1.000000 1.000000
1680.635620 0.000000 1436.423584 0.000000 0.949227 0.000000 -0.314593 1.000000 1.000000 1.000000
1702.425659 0.000000 1455.262695 0.000000 0.899336 0.000000 0.437259 1.000000 1.000000 1.000000
1673.408936 0.000000 1464.377808 0.000000 0.974726 0.000000 0.223402 1.000000 1.000000 1.000000
1668.144531 0.000000 1467.564087 0.000000 0.905288 0.000000 0.424798 1.000000 1.000000 1.000000
1702.063354 0.000000 1435.765625 0.000000 0.986659 0.000000 -0.162798 1.000000 1.000000 1.000000
1665.754883 0.000000 1443.253296 0.000000 0.925871 0.000000 -0.377841 1.000000 1.000000 1.000000
1702.755493 0.000000 1453.856201 0.000000 0.999991 0.000000 -0.004326 1.000000 1.000000 1.000000
1683.943970 0.000000 1457.873291 0.000000 0.968577 0.000000 -0.248715 1.000000 1.000000 1.000000
1666.432129 0.000000 1469.877930 0.000000 0.883240 0.000000 0.468922 1.000000 1.000000 1.000000
1695.233276 0.000000 1432.132812 0.000000 0.990788 0.000000 0.135423 1.000000 1.000000 1.000000
1700.157104 0.000000 1434.272705 0.000000 0.994506 0.000000 0.104682 1.000000 1.000000 1.000000
1700.745972 0.000000 1439.793213 0.000000 0.999229 0.000000 -0.039265 1.000000 1.000000 1.000000
1702.442383 0.000000 1437.286011 0.000000 0.985447 0.000000 0.169983 1.000000 1.000000 1.000000
1676.430664 0.000000 1463.363647 0.000000 0.954345 0.000000 -0.298707 1.000000 1.000000 1.000000
1699.875488 0.000000 1463.811035 0.000000 0.984134 0.000000 0.177429 1.000000 1.000000 1.000000
1690.656250 0.000000 1460.507324 0.000000 0.997117 0.000000 -0.075881 1.000000 1.000000 1.000000
1701.606445 0.000000 1452.693848 0.000000 0.914829 0.000000 0.403841 1.000000 1.000000 1.000000
1692.142090 0.000000 1428.817139 0.000000 0.940716 0.000000 0.339194 1.000000 1.000000 1.000000
1687.701416 0.000000 1460.530518 0.000000 0.959572 0.000000 0.281463 1.000000 1.000000 1.000000
1679.415039 0.000000 1428.148315 0.000000 0.999495 0.000000 0.031777 1.000000 1.000000 1.000000
1668.534912 0.000000 1466.641235 0.000000 0.998143 0.000000 -0.060918 1.000000 1.000000 1.000000
1719.376587 0.000000 1492.529785 0.000000 0.977737 0.000000 0.209834 1.000000 1.000000 1.000000
1694.720093 0.000000 1507.818970 0.000000 0.990223 0.000000 -0.139492 1.000000 1.000000 1.000000
1669.252441 0.000000 1510.042725 0.000000 0.999944 0.000000 0.010559 1.000000 1.000000 1.000000
1689.707886 0.000000 1527.805664 0.000000 0.974921 0.000000 -0.222552 1.000000 1.000000 1.000000
1669.360718 0.000000 1496.334473 0.000000 0.999910 0.000000 -0.013423 1.000000 1.000000 1.000000
1698.930298 0.000000 1497.593506 0.000000 0.886540 0.000000 -0.462651 1.000000 1.000000 1.000000
1705.306641 0.000000 1502.178101 0.000000 0.882366 0.000000 -0.470563 1.000000 1.000000 1.000000
1664.278198 0.000000 1518.224487 0.000000 1.000000 0.000000 0.000320 1.000000 1.000000 1.000000
1708.305664 0.000000 1472.071289 0.000000 0.998945 0.000000 -0.045931 1.000000 1.000000 1.000000
1673.046265 0.000000 1485.519165 0.000000 0.979031 0.000000 -0.203713 1.000000 1.000000 1.000000
1690.095825 0.000000 1489.210938 0.000000 0.973604 0.000000 0.228245 1.000000 1.000000 1.000000
1701.543457 0.000000 1495.342041 0.000000 0.968696 0.000000 0.248249 1.000000 1.000000 1.000000
1697.932251 0.000000 1501.070557 0.000000 0.972205 0.000000 0.234132 1.000000 1.000000 1.000000
1666.628174 0.000000 1495.326050 0.000000 0.998214 0.000000 0.059735 1.000000 1.000000 1.000000
1703.549683 0.000000 1500.288452 0.000000 0.999967 0.000000 -0.008139 1.000000 1.000000 1.000000
1664.788208 0.000000 1490.336548 0.000000 0.898281 0.000000 -0.439423 1.000000 1.000000 1.000000
1664.104858 0.000000 1494.272827 0.000000 0.892929 0.000000 -0.450197 1.000000 1.000000 1.000000
1666.518188 0.000000 1517.470581 0.000000 0.999936 0.000000 -0.011323 1.000000 1.000000 1.000000
1693.129639 0.000000 1509.459229 0.000000 0.999945 0.000000 0.010524 1.000000 1.000000 1.000000
1673.458496 0.000000 1524.552490 0.000000 0.877764 0.000000 0.479094 1.000000 1.000000 1.000000
1680.518555 0.000000 1514.711426 0.000000 0.916871 0.000000 0.399184 1.000000 1.000000 1.000000
1702.188232 0.000000 1502.961670 0.000000 0.966770 0.000000 -0.255648 1.000000 1.000000 1.000000
1716.953979 0.000000 1473.288330 0.000000 0.978061 0.000000 0.208318 1.000000 1.000000 1.000000
1707.433716 0.000000 1502.806030 0.000000 0.897114 0.000000 -0.441800 1.000000 1.000000 1.000000
1664.141846 0.000000 1516.046875 0.000000 0.998517 0.000000 -0.054434 1.000000 1.000000 1.000000
1699.583496 0.000000 1499.590088 0.000000 0.999723 0.000000 0.023541 1.000000 1.000000 1.000000
1699.358887 0.000000 1495.342651 0.000000 0.869810 0.000000 -0.493386 1.000000 1.000000 1.000000
1705.910645 0.000000 1504.270874 0.000000 0.997104 0.000000 -0.076049 1.000000 1.000000 1.000000
1673.798950 0.000000 1487.354736 0.000000 0.998597 0.000000 -0.052950 1.000000 1.000000 1.000000
1691.350586 0.000000 1486.291992 0.000000 0.973669 0.000000 0.227967 1.000000 1.000000 1.000000
1689.797485 0.000000 1483.467041 0.000000 0.907836 0.000000 -0.419326 1.000000 1.000000 1.000000
1703.609375 0.000000 1502.005859 0.000000 0.981868 0.000000 0.189566 1.000000 1.000000 1.000000
1696.856812 0.000000 1502.326538 0.000000 0.873013 0.000000 0.487697 1.000000 1.000000 1.000000
1693.391968 0.000000 1524.928101 0.000000 0.985273 0.000000 0.170988 1.000000 1.000000 1.000000
1690.067383 0.000000 1512.101074 0.000000 0.879044 0.000000 -0.476741 1.000000 1.000000 1.000000
1665.042603 0.000000 1495.553345 0.000000 0.989776 0.000000 0.142627 1.000000 1.000000 1.000000
1693.326538 0.000000 1523.410278 0.000000 0.950203 0.000000 0.311631 1.000000 1.000000 1.000000
1665.592407 0.000000 1494.009033 0.000000 0.981102 0.000000 0.193491 1.000000 1.000000 1.000000
1704.999634 0.000000 1505.449707 0.000000 0.975751 0.000000 0.218882 1.000000 1.000000 1.000000
1693.094116 0.000000 1507.990601 0.000000 0.999997 0.000000 0.002613 1.000000 1.000000 1.000000
1702.525513 0.000000 1504.406128 0.000000 0.989743 0.000000 -0.142856 1.000000 1.000000 1.000000
1702.442383 0.000000 1501.286011 0.000000 0.974368 0.000000 0.224960 1.000000 1.000000 1.000000
1690.920532 0.000000 1527.203003 0.000000 0.938019 0.000000 -0.346584 1.000000 1.000000 1.000000
1715.464600 0.000000 1494.907104 0.000000 0.943159 0.000000 0.332342 1.000000 1.000000 1.000000
1690.656250 0.000000 1524.507324 0.000000 0.875114 0.000000 -0.483917 1.000000 1.000000 1.000000
1695.078003 0.000000 1506.618774 0.000000 0.988285 0.000000 0.152617 1.000000 1.000000 1.000000
1698.543335 0.000000 1496.354248 0.000000 0.974286 0.000000 -0.225315 1.000000 1.000000 1.000000
1693.926392 0.000000 1510.416626 0.000000 0.877172 0.000000 -0.480176 1.000000 1.000000 1.000000
1664.640381 0.000000 1493.216797 0.000000 0.941208 0.000000 -0.337827 1.000000 1.000000 1.000000
1695.536255 0.000000 1508.795166 0.000000 0.897945 0.000000 0.440107 1.000000 1.000000 1.000000
1711.752930 0.000000 1472.025757 0.000000 0.999790 0.000000 0.020481 1.000000 1.000000 1.000000
1670.753418 0.000000 1532.411255 0.000000 0.947183 0.000000 0.320692 1.000000 1.000000 1.000000
1681.678711 0.000000 1514.978027 0.000000 0.967016 0.000000 -0.254715 1.000000 1.000000 1.000000
1680.915649 0.000000 1515.812012 0.000000 0.915232 0.000000 -0.402927 1.000000 1.000000 1.000000
1691.022949 0.000000 1485.328979 0.000000 0.954031 0.000000 -0.299707 1.000000 1.000000 1.000000
1689.163940 0.000000 1484.445801 0.000000 0.999972 0.000000 0.007450 1.000000 1.000000 1.000000
1691.627441 0.000000 1526.454590 0.000000 0.903646 0.000000 0.428280 1.000000 1.000000 1.000000
1728.229248 0.000000 1496.886719 0.000000 0.962875 0.000000 -0.269946 1.000000 1.000000 1.000000
1738.628174 0.000000 1505.324707 0.000000 0.940979 0.000000 -0.338464 1.000000 1.000000 1.000000
1738.408936 0.000000 1502.619873 0.000000 0.958412 0.000000 -0.285389 1.000000 1.000000 1.000000
1732.035034 0.000000 1499.657349 0.000000 0.901778 0.000000 0.432199 1.000000 1.000000 1.000000
1736.863159 0.000000 1502.730957 0.000000 0.991256 0.000000 -0.131956 1.000000 1.000000 1.000000
1648.281738 0.000000 1557.950928 0.000000 0.989025 0.000000 -0.147745 1.000000 1.000000 1.000000
1655.057983 0.000000 1536.752075 0.000000 0.999983 0.000000 0.005824 1.000000 1.000000 1.000000
1646.140869 0.000000 1566.295532 0.000000 0.973261 0.000000 0.229703 1.000000 1.000000 1.000000
1655.952515 0.000000 1571.111816 0.000000 0.954189 0.000000 0.299204 1.000000 1.000000 1.000000
1630.775513 0.000000 1547.332642 0.000000 0.978530 0.000000 0.206105 1.000000 1.000000 1.000000
1658.356689 0.000000 1537.698120 0.000000 0.875916 0.000000 -0.482464 1.000000 1.000000 1.000000
1652.878174 0.000000 1569.461426 0.000000 0.997639 0.000000 -0.068675 1.000000 1.000000 1.000000
1655.710083 0.000000 1568.172607 0.000000 0.987759 0.000000 -0.155985 1.000000 1.000000 1.000000
1646.680054 0.000000 1569.104980 0.000000 0.998602 0.000000 -0.052860 1.000000 1.000000 1.000000
1654.117554 0.000000 1539.095825 0.000000 0.938732 0.000000 -0.344649 1.000000 1.000000 1.000000
1627.008545 0.000000 1545.677124 0.000000 0.999484 0.000000 -0.032127 1.000000 1.000000 1.000000
1648.194946 0.000000 1569.896851 0.000000 0.996042 0.000000 -0.088887 1.000000 1.000000 1.000000
1646.590332 0.000000 1557.795532 0.000000 0.999954 0.000000 -0.009584 1.000000 1.000000 1.000000
1645.278564 0.000000 1554.251465 0.000000 0.882605 0.000000 0.470116 1.000000 1.000000 1.000000
1644.760010 0.000000 1557.510010 0.000000 0.896320 0.000000 0.443408 1.000000 1.000000 1.000000
1653.715820 0.000000 1536.000854 0.000000 0.928040 0.000000 -0.372480 1.000000 1.000000 1.000000
1630.082764 0.000000 1546.146240 0.000000 0.963052 0.000000 -0.269317 1.000000 1.000000 1.000000
1654.192627 0.000000 1537.741211 0.000000 0.939385 0.000000 -0.342865 1.000000 1.000000 1.000000
1645.383911 0.000000 1555.356079 0.000000 0.993086 0.000000 -0.117388 1.000000 1.000000 1.000000
1647.389526 0.000000 1558.618652 0.000000 0.968492 0.000000 -0.249046 1.000000 1.000000 1.000000
1664.331177 0.000000 1574.835327 0.000000 0.946280 0.000000 0.323348 1.000000 1.000000 1.000000
"}
object={
	name="tree_pine_01_a_generator_1_2"
	render_pass=Map
	clamp_to_water_level=no
	generated_content=yes
	layer="tree_high_layer"
	pdxmesh="tree_pine_single_01_c_mesh"
	count=441
	transform="1534.278442 0.000000 1295.923340 0.000000 0.696998 0.000000 -0.717073 1.000000 1.000000 1.000000
1521.111206 0.000000 1296.144043 0.000000 0.106431 0.000000 -0.994320 1.000000 1.000000 1.000000
1535.129150 0.000000 1293.933594 0.000000 0.492117 0.000000 -0.870529 1.000000 1.000000 1.000000
1596.531494 0.000000 1136.222534 0.000000 0.034365 0.000000 -0.999409 1.000000 1.000000 1.000000
1582.033936 0.000000 1144.538818 0.000000 0.571755 0.000000 -0.820425 1.000000 1.000000 1.000000
1596.368652 0.000000 1138.595703 0.000000 0.830499 0.000000 -0.557020 1.000000 1.000000 1.000000
1582.597412 0.000000 1146.933960 0.000000 0.073247 0.000000 -0.997314 1.000000 1.000000 1.000000
1582.327759 0.000000 1142.562378 0.000000 0.465889 0.000000 -0.884843 1.000000 1.000000 1.000000
1594.048706 0.000000 1141.636963 0.000000 0.527822 0.000000 -0.849355 1.000000 1.000000 1.000000
1597.533691 0.000000 1137.456787 0.000000 0.499865 0.000000 -0.866103 1.000000 1.000000 1.000000
1595.762207 0.000000 1137.393799 0.000000 0.721542 0.000000 -0.692371 1.000000 1.000000 1.000000
1583.723267 0.000000 1147.139282 0.000000 0.740266 0.000000 -0.672315 1.000000 1.000000 1.000000
1620.968506 0.000000 1147.060669 0.000000 0.784410 0.000000 -0.620243 1.000000 1.000000 1.000000
1622.726440 0.000000 1102.325928 0.000000 0.571582 0.000000 -0.820545 1.000000 1.000000 1.000000
1633.672241 0.000000 1128.879639 0.000000 0.811863 0.000000 -0.583848 1.000000 1.000000 1.000000
1656.699219 0.000000 1127.607056 0.000000 0.182824 0.000000 -0.983146 1.000000 1.000000 1.000000
1616.370483 0.000000 1150.160278 0.000000 0.377503 0.000000 -0.926008 1.000000 1.000000 1.000000
1625.707886 0.000000 1143.805664 0.000000 0.522676 0.000000 -0.852532 1.000000 1.000000 1.000000
1644.970947 0.000000 1113.687256 0.000000 0.221339 0.000000 -0.975197 1.000000 1.000000 1.000000
1626.408813 0.000000 1134.532959 0.000000 0.579785 0.000000 -0.814770 1.000000 1.000000 1.000000
1661.952271 0.000000 1120.699341 0.000000 0.309874 0.000000 -0.950778 1.000000 1.000000 1.000000
1626.568115 0.000000 1137.466431 0.000000 0.624268 0.000000 -0.781210 1.000000 1.000000 1.000000
1632.840698 0.000000 1125.822021 0.000000 0.004092 0.000000 -0.999992 1.000000 1.000000 1.000000
1626.852661 0.000000 1112.675659 0.000000 0.463730 0.000000 -0.885976 1.000000 1.000000 1.000000
1642.466187 0.000000 1112.355469 0.000000 0.574503 0.000000 -0.818502 1.000000 1.000000 1.000000
1645.479858 0.000000 1111.074219 0.000000 0.475012 0.000000 -0.879979 1.000000 1.000000 1.000000
1629.194336 0.000000 1134.420654 0.000000 0.024977 0.000000 -0.999688 1.000000 1.000000 1.000000
1611.076660 0.000000 1143.520386 0.000000 0.235507 0.000000 -0.971873 1.000000 1.000000 1.000000
1631.849365 0.000000 1130.270996 0.000000 0.486544 0.000000 -0.873656 1.000000 1.000000 1.000000
1620.253052 0.000000 1128.385742 0.000000 0.579321 0.000000 -0.815099 1.000000 1.000000 1.000000
1647.367554 0.000000 1138.069336 0.000000 0.628716 0.000000 -0.777635 1.000000 1.000000 1.000000
1651.831177 0.000000 1100.888428 0.000000 0.844969 0.000000 -0.534815 1.000000 1.000000 1.000000
1632.228516 0.000000 1122.147949 0.000000 0.649478 0.000000 -0.760381 1.000000 1.000000 1.000000
1623.235962 0.000000 1130.692261 0.000000 0.805670 0.000000 -0.592365 1.000000 1.000000 1.000000
1623.797485 0.000000 1133.517090 0.000000 0.789104 0.000000 -0.614260 1.000000 1.000000 1.000000
1628.370361 0.000000 1128.443359 0.000000 0.839779 0.000000 -0.542929 1.000000 1.000000 1.000000
1620.946899 0.000000 1149.109131 0.000000 0.325942 0.000000 -0.945390 1.000000 1.000000 1.000000
1617.619995 0.000000 1148.893311 0.000000 0.018518 0.000000 -0.999829 1.000000 1.000000 1.000000
1629.240112 0.000000 1132.851074 0.000000 0.771174 0.000000 -0.636624 1.000000 1.000000 1.000000
1629.720703 0.000000 1122.628174 0.000000 0.803216 0.000000 -0.595688 1.000000 1.000000 1.000000
1648.706299 0.000000 1102.539795 0.000000 0.554945 0.000000 -0.831887 1.000000 1.000000 1.000000
1628.846802 0.000000 1126.889160 0.000000 0.497659 0.000000 -0.867373 1.000000 1.000000 1.000000
1649.870239 0.000000 1103.157104 0.000000 0.625585 0.000000 -0.780156 1.000000 1.000000 1.000000
1647.643921 0.000000 1114.700806 0.000000 0.057019 0.000000 -0.998373 1.000000 1.000000 1.000000
1672.167114 0.000000 1117.333374 0.000000 0.438717 0.000000 -0.898625 1.000000 1.000000 1.000000
1674.362305 0.000000 1149.712769 0.000000 0.040982 0.000000 -0.999160 1.000000 1.000000 1.000000
1670.586548 0.000000 1103.758423 0.000000 0.509273 0.000000 -0.860605 1.000000 1.000000 1.000000
1664.331177 0.000000 1126.835327 0.000000 0.816715 0.000000 -0.577041 1.000000 1.000000 1.000000
1676.546875 0.000000 1117.193726 0.000000 0.317091 0.000000 -0.948395 1.000000 1.000000 1.000000
1672.366577 0.000000 1127.641602 0.000000 0.751264 0.000000 -0.660001 1.000000 1.000000 1.000000
1677.613403 0.000000 1147.928223 0.000000 0.670974 0.000000 -0.741481 1.000000 1.000000 1.000000
1677.388550 0.000000 1150.958984 0.000000 0.625379 0.000000 -0.780321 1.000000 1.000000 1.000000
1666.849609 0.000000 1114.401245 0.000000 0.510381 0.000000 -0.859949 1.000000 1.000000 1.000000
1669.749634 0.000000 1115.519897 0.000000 0.683768 0.000000 -0.729699 1.000000 1.000000 1.000000
1664.788208 0.000000 1106.336548 0.000000 0.278101 0.000000 -0.960552 1.000000 1.000000 1.000000
1696.913086 0.000000 1141.532227 0.000000 0.116959 0.000000 -0.993137 1.000000 1.000000 1.000000
1671.333862 0.000000 1125.928467 0.000000 0.344527 0.000000 -0.938776 1.000000 1.000000 1.000000
1668.914795 0.000000 1117.138184 0.000000 0.851726 0.000000 -0.523987 1.000000 1.000000 1.000000
1694.597534 0.000000 1138.468872 0.000000 0.843891 0.000000 -0.536515 1.000000 1.000000 1.000000
1675.608032 0.000000 1150.899048 0.000000 0.589432 0.000000 -0.807818 1.000000 1.000000 1.000000
1669.852905 0.000000 1105.358887 0.000000 0.819013 0.000000 -0.573775 1.000000 1.000000 1.000000
1668.035034 0.000000 1115.657349 0.000000 0.678421 0.000000 -0.734674 1.000000 1.000000 1.000000
1696.671143 0.000000 1139.298828 0.000000 0.292411 0.000000 -0.956293 1.000000 1.000000 1.000000
1698.795044 0.000000 1141.434814 0.000000 0.519555 0.000000 -0.854437 1.000000 1.000000 1.000000
1693.326538 0.000000 1139.410278 0.000000 0.631807 0.000000 -0.775126 1.000000 1.000000 1.000000
1693.986084 0.000000 1137.524902 0.000000 0.783486 0.000000 -0.621409 1.000000 1.000000 1.000000
1696.230591 0.000000 1140.484497 0.000000 0.107983 0.000000 -0.994153 1.000000 1.000000 1.000000
1768.323730 0.000000 1149.959473 0.000000 0.851764 0.000000 -0.523926 1.000000 1.000000 1.000000
1773.650391 0.000000 1140.468506 0.000000 0.165322 0.000000 -0.986240 1.000000 1.000000 1.000000
1778.365845 0.000000 1148.407104 0.000000 0.191022 0.000000 -0.981586 1.000000 1.000000 1.000000
1775.768066 0.000000 1143.587402 0.000000 0.098700 0.000000 -0.995117 1.000000 1.000000 1.000000
1781.727539 0.000000 1147.854614 0.000000 0.352666 0.000000 -0.935749 1.000000 1.000000 1.000000
1582.709351 0.000000 1155.361328 0.000000 0.193606 0.000000 -0.981079 1.000000 1.000000 1.000000
1584.911255 0.000000 1152.058228 0.000000 0.027197 0.000000 -0.999630 1.000000 1.000000 1.000000
1661.653442 0.000000 1152.806396 0.000000 0.095419 0.000000 -0.995437 1.000000 1.000000 1.000000
1646.322510 0.000000 1169.055664 0.000000 0.383426 0.000000 -0.923571 1.000000 1.000000 1.000000
1633.075317 0.000000 1160.515991 0.000000 0.127527 0.000000 -0.991835 1.000000 1.000000 1.000000
1651.167358 0.000000 1162.150757 0.000000 0.482892 0.000000 -0.875680 1.000000 1.000000 1.000000
1661.974243 0.000000 1156.018677 0.000000 0.552183 0.000000 -0.833723 1.000000 1.000000 1.000000
1648.612061 0.000000 1170.905029 0.000000 0.344313 0.000000 -0.938855 1.000000 1.000000 1.000000
1649.111206 0.000000 1168.144043 0.000000 0.163590 0.000000 -0.986528 1.000000 1.000000 1.000000
1661.251587 0.000000 1170.173706 0.000000 0.487129 0.000000 -0.873330 1.000000 1.000000 1.000000
1633.140991 0.000000 1162.909058 0.000000 0.862850 0.000000 -0.505461 1.000000 1.000000 1.000000
1635.069214 0.000000 1158.123657 0.000000 0.537621 0.000000 -0.843187 1.000000 1.000000 1.000000
1637.940063 0.000000 1162.897705 0.000000 0.652494 0.000000 -0.757794 1.000000 1.000000 1.000000
1634.613037 0.000000 1161.560913 0.000000 0.417155 0.000000 -0.908836 1.000000 1.000000 1.000000
1634.233521 0.000000 1163.983154 0.000000 0.059214 0.000000 -0.998245 1.000000 1.000000 1.000000
1634.062622 0.000000 1171.264893 0.000000 0.856134 0.000000 -0.516753 1.000000 1.000000 1.000000
1649.182129 0.000000 1161.999634 0.000000 0.793446 0.000000 -0.608641 1.000000 1.000000 1.000000
1639.792480 0.000000 1159.683472 0.000000 0.828452 0.000000 -0.560060 1.000000 1.000000 1.000000
1586.365845 0.000000 1276.407104 0.000000 0.356852 0.000000 -0.934161 1.000000 1.000000 1.000000
1584.097412 0.000000 1254.939331 0.000000 0.640244 0.000000 -0.768172 1.000000 1.000000 1.000000
1579.883667 0.000000 1248.944336 0.000000 0.508036 0.000000 -0.861336 1.000000 1.000000 1.000000
1578.505127 0.000000 1253.666382 0.000000 0.161529 0.000000 -0.986868 1.000000 1.000000 1.000000
1583.595947 0.000000 1269.427246 0.000000 0.017816 0.000000 -0.999841 1.000000 1.000000 1.000000
1585.539307 0.000000 1253.343140 0.000000 0.348264 0.000000 -0.937396 1.000000 1.000000 1.000000
1583.039795 0.000000 1253.212158 0.000000 0.123281 0.000000 -0.992372 1.000000 1.000000 1.000000
1600.229248 0.000000 1240.886719 0.000000 0.809906 0.000000 -0.586560 1.000000 1.000000 1.000000
1600.023804 0.000000 1244.332153 0.000000 0.843752 0.000000 -0.536733 1.000000 1.000000 1.000000
1602.849609 0.000000 1242.401245 0.000000 0.724970 0.000000 -0.688780 1.000000 1.000000 1.000000
1620.637329 0.000000 1267.133179 0.000000 0.317855 0.000000 -0.948139 1.000000 1.000000 1.000000
1610.748779 0.000000 1251.632812 0.000000 0.072148 0.000000 -0.997394 1.000000 1.000000 1.000000
1622.452271 0.000000 1268.231689 0.000000 0.479138 0.000000 -0.877740 1.000000 1.000000 1.000000
1600.962769 0.000000 1242.655640 0.000000 0.384127 0.000000 -0.923280 1.000000 1.000000 1.000000
1719.588867 0.000000 1195.575195 0.000000 0.777759 0.000000 -0.628563 1.000000 1.000000 1.000000
1664.016602 0.000000 1158.866577 0.000000 0.667786 0.000000 -0.744353 1.000000 1.000000 1.000000
1676.537231 0.000000 1161.006348 0.000000 0.640495 0.000000 -0.767962 1.000000 1.000000 1.000000
1678.881958 0.000000 1161.097046 0.000000 0.690469 0.000000 -0.723362 1.000000 1.000000 1.000000
1679.197876 0.000000 1158.488525 0.000000 0.696939 0.000000 -0.717130 1.000000 1.000000 1.000000
1786.416138 0.000000 1165.527710 0.000000 0.723850 0.000000 -0.689957 1.000000 1.000000 1.000000
1743.584717 0.000000 1184.958496 0.000000 0.844342 0.000000 -0.535804 1.000000 1.000000 1.000000
1743.404663 0.000000 1152.101074 0.000000 0.451606 0.000000 -0.892217 1.000000 1.000000 1.000000
1744.257935 0.000000 1159.456543 0.000000 0.486997 0.000000 -0.873403 1.000000 1.000000 1.000000
1747.875366 0.000000 1157.113403 0.000000 0.288696 0.000000 -0.957421 1.000000 1.000000 1.000000
1748.391357 0.000000 1168.639160 0.000000 0.436329 0.000000 -0.899787 1.000000 1.000000 1.000000
1787.632568 0.000000 1161.393555 0.000000 0.797952 0.000000 -0.602721 1.000000 1.000000 1.000000
1731.198608 0.000000 1184.385498 0.000000 0.259092 0.000000 -0.965852 1.000000 1.000000 1.000000
1748.695923 0.000000 1154.732422 0.000000 0.080871 0.000000 -0.996725 1.000000 1.000000 1.000000
1783.301025 0.000000 1158.958862 0.000000 0.610764 0.000000 -0.791812 1.000000 1.000000 1.000000
1746.337402 0.000000 1158.711670 0.000000 0.173427 0.000000 -0.984847 1.000000 1.000000 1.000000
1788.512573 0.000000 1193.554688 0.000000 0.075481 0.000000 -0.997147 1.000000 1.000000 1.000000
1759.678101 0.000000 1164.877808 0.000000 0.808777 0.000000 -0.588116 1.000000 1.000000 1.000000
1729.754883 0.000000 1187.253296 0.000000 0.118365 0.000000 -0.992970 1.000000 1.000000 1.000000
1811.637207 0.000000 1161.028809 0.000000 0.252191 0.000000 -0.967677 1.000000 1.000000 1.000000
1804.546875 0.000000 1181.193726 0.000000 0.660521 0.000000 -0.750808 1.000000 1.000000 1.000000
1813.783325 0.000000 1163.341919 0.000000 0.253815 0.000000 -0.967253 1.000000 1.000000 1.000000
1813.727051 0.000000 1156.411743 0.000000 0.013123 0.000000 -0.999914 1.000000 1.000000 1.000000
1805.877563 0.000000 1180.985352 0.000000 0.615675 0.000000 -0.788000 1.000000 1.000000 1.000000
1545.671753 0.000000 1290.250977 0.000000 0.425888 0.000000 -0.904776 1.000000 1.000000 1.000000
1582.140869 0.000000 1310.295532 0.000000 0.333727 0.000000 -0.942670 1.000000 1.000000 1.000000
1588.677856 0.000000 1326.331421 0.000000 0.679052 0.000000 -0.734090 1.000000 1.000000 1.000000
1595.670044 0.000000 1286.378418 0.000000 0.068451 0.000000 -0.997654 1.000000 1.000000 1.000000
1581.218750 0.000000 1316.399780 0.000000 0.738206 0.000000 -0.674576 1.000000 1.000000 1.000000
1597.435791 0.000000 1300.831055 0.000000 0.788565 0.000000 -0.614952 1.000000 1.000000 1.000000
1547.854736 0.000000 1295.435059 0.000000 0.557321 0.000000 -0.830297 1.000000 1.000000 1.000000
1550.736938 0.000000 1291.170776 0.000000 0.797559 0.000000 -0.603240 1.000000 1.000000 1.000000
1542.586548 0.000000 1295.758423 0.000000 0.166692 0.000000 -0.986009 1.000000 1.000000 1.000000
1555.874268 0.000000 1301.486328 0.000000 0.382558 0.000000 -0.923931 1.000000 1.000000 1.000000
1577.306641 0.000000 1310.178101 0.000000 0.560738 0.000000 -0.827994 1.000000 1.000000 1.000000
1570.333984 0.000000 1331.662842 0.000000 0.232231 0.000000 -0.972661 1.000000 1.000000 1.000000
1598.265503 0.000000 1290.700684 0.000000 0.035010 0.000000 -0.999387 1.000000 1.000000 1.000000
1599.609375 0.000000 1326.860840 0.000000 0.822928 0.000000 -0.568146 1.000000 1.000000 1.000000
1594.227417 0.000000 1303.046509 0.000000 0.542212 0.000000 -0.840242 1.000000 1.000000 1.000000
1599.362305 0.000000 1286.895264 0.000000 0.776938 0.000000 -0.629578 1.000000 1.000000 1.000000
1536.013794 0.000000 1292.653442 0.000000 0.667659 0.000000 -0.744467 1.000000 1.000000 1.000000
1588.878174 0.000000 1313.461426 0.000000 0.636549 0.000000 -0.771236 1.000000 1.000000 1.000000
1545.046265 0.000000 1293.519165 0.000000 0.685612 0.000000 -0.727967 1.000000 1.000000 1.000000
1545.304565 0.000000 1297.271240 0.000000 0.457380 0.000000 -0.889271 1.000000 1.000000 1.000000
1547.949829 0.000000 1292.437378 0.000000 0.821329 0.000000 -0.570455 1.000000 1.000000 1.000000
1582.680054 0.000000 1313.104980 0.000000 0.791228 0.000000 -0.611521 1.000000 1.000000 1.000000
1557.429321 0.000000 1336.663696 0.000000 0.852892 0.000000 -0.522088 1.000000 1.000000 1.000000
1565.342285 0.000000 1322.044189 0.000000 0.635929 0.000000 -0.771747 1.000000 1.000000 1.000000
1591.374512 0.000000 1326.087524 0.000000 0.601731 0.000000 -0.798699 1.000000 1.000000 1.000000
1597.343506 0.000000 1326.064331 0.000000 0.281189 0.000000 -0.959652 1.000000 1.000000 1.000000
1587.010498 0.000000 1314.719116 0.000000 0.579023 0.000000 -0.815311 1.000000 1.000000 1.000000
1580.927124 0.000000 1318.741455 0.000000 0.016405 0.000000 -0.999865 1.000000 1.000000 1.000000
1585.539307 0.000000 1317.343140 0.000000 0.843757 0.000000 -0.536725 1.000000 1.000000 1.000000
1549.871216 0.000000 1293.083374 0.000000 0.528514 0.000000 -0.848924 1.000000 1.000000 1.000000
1583.039795 0.000000 1317.212158 0.000000 0.597792 0.000000 -0.801651 1.000000 1.000000 1.000000
1587.491089 0.000000 1312.351196 0.000000 0.359847 0.000000 -0.933011 1.000000 1.000000 1.000000
1583.189209 0.000000 1311.611084 0.000000 0.405339 0.000000 -0.914166 1.000000 1.000000 1.000000
1566.812988 0.000000 1321.061401 0.000000 0.429568 0.000000 -0.903034 1.000000 1.000000 1.000000
1605.561279 0.000000 1338.570312 0.000000 0.703527 0.000000 -0.710668 1.000000 1.000000 1.000000
1608.797729 0.000000 1300.335449 0.000000 0.123108 0.000000 -0.992393 1.000000 1.000000 1.000000
1615.584717 0.000000 1312.958496 0.000000 0.852862 0.000000 -0.522136 1.000000 1.000000 1.000000
1605.252441 0.000000 1318.042725 0.000000 0.563030 0.000000 -0.826437 1.000000 1.000000 1.000000
1603.025757 0.000000 1309.487427 0.000000 0.268567 0.000000 -0.963261 1.000000 1.000000 1.000000
1613.661377 0.000000 1301.948853 0.000000 0.486408 0.000000 -0.873732 1.000000 1.000000 1.000000
1603.764038 0.000000 1327.516235 0.000000 0.239070 0.000000 -0.971002 1.000000 1.000000 1.000000
1605.866211 0.000000 1313.456055 0.000000 0.642383 0.000000 -0.766384 1.000000 1.000000 1.000000
1621.874756 0.000000 1334.274536 0.000000 0.598039 0.000000 -0.801467 1.000000 1.000000 1.000000
1622.794189 0.000000 1320.649292 0.000000 0.637622 0.000000 -0.770349 1.000000 1.000000 1.000000
1621.898193 0.000000 1342.725342 0.000000 0.130871 0.000000 -0.991399 1.000000 1.000000 1.000000
1600.278198 0.000000 1326.224487 0.000000 0.844275 0.000000 -0.535910 1.000000 1.000000 1.000000
1612.911865 0.000000 1298.607422 0.000000 0.719800 0.000000 -0.694181 1.000000 1.000000 1.000000
1603.786621 0.000000 1341.274048 0.000000 0.770047 0.000000 -0.637987 1.000000 1.000000 1.000000
1607.353149 0.000000 1341.442749 0.000000 0.675443 0.000000 -0.737412 1.000000 1.000000 1.000000
1636.946777 0.000000 1342.796997 0.000000 0.862192 0.000000 -0.506581 1.000000 1.000000 1.000000
1602.849609 0.000000 1306.401245 0.000000 0.799565 0.000000 -0.600580 1.000000 1.000000 1.000000
1635.375366 0.000000 1283.457397 0.000000 0.500657 0.000000 -0.865646 1.000000 1.000000 1.000000
1617.357056 0.000000 1290.443604 0.000000 0.728576 0.000000 -0.684965 1.000000 1.000000 1.000000
1621.429321 0.000000 1336.663696 0.000000 0.509520 0.000000 -0.860459 1.000000 1.000000 1.000000
1622.142822 0.000000 1300.939331 0.000000 0.048320 0.000000 -0.998832 1.000000 1.000000 1.000000
1610.508667 0.000000 1323.506348 0.000000 0.537407 0.000000 -0.843323 1.000000 1.000000 1.000000
1618.721924 0.000000 1339.512817 0.000000 0.808166 0.000000 -0.588954 1.000000 1.000000 1.000000
1607.298828 0.000000 1337.259277 0.000000 0.812096 0.000000 -0.583524 1.000000 1.000000 1.000000
1600.141846 0.000000 1324.046875 0.000000 0.260729 0.000000 -0.965412 1.000000 1.000000 1.000000
1623.595093 0.000000 1335.508057 0.000000 0.784007 0.000000 -0.620753 1.000000 1.000000 1.000000
1609.286987 0.000000 1321.684448 0.000000 0.436150 0.000000 -0.899874 1.000000 1.000000 1.000000
1619.418457 0.000000 1337.545898 0.000000 0.175710 0.000000 -0.984442 1.000000 1.000000 1.000000
1620.203491 0.000000 1304.003174 0.000000 0.439014 0.000000 -0.898480 1.000000 1.000000 1.000000
1605.600586 0.000000 1340.534058 0.000000 0.191844 0.000000 -0.981425 1.000000 1.000000 1.000000
1612.525513 0.000000 1323.049805 0.000000 0.051557 0.000000 -0.998670 1.000000 1.000000 1.000000
1604.914795 0.000000 1309.138184 0.000000 0.281950 0.000000 -0.959429 1.000000 1.000000 1.000000
1602.070190 0.000000 1310.978638 0.000000 0.131441 0.000000 -0.991324 1.000000 1.000000 1.000000
1604.041138 0.000000 1310.871094 0.000000 0.821279 0.000000 -0.570527 1.000000 1.000000 1.000000
1600.049927 0.000000 1327.859131 0.000000 0.070365 0.000000 -0.997521 1.000000 1.000000 1.000000
1604.915405 0.000000 1337.099731 0.000000 0.471873 0.000000 -0.881666 1.000000 1.000000 1.000000
1620.766846 0.000000 1335.313721 0.000000 0.395557 0.000000 -0.918441 1.000000 1.000000 1.000000
1622.853638 0.000000 1336.616699 0.000000 0.549877 0.000000 -0.835246 1.000000 1.000000 1.000000
1611.643799 0.000000 1323.946655 0.000000 0.161365 0.000000 -0.986895 1.000000 1.000000 1.000000
1607.909546 0.000000 1342.442261 0.000000 0.491242 0.000000 -0.871023 1.000000 1.000000 1.000000
1576.323730 0.000000 1405.959473 0.000000 0.842491 0.000000 -0.538711 1.000000 1.000000 1.000000
1549.428833 0.000000 1400.461914 0.000000 0.704635 0.000000 -0.709570 1.000000 1.000000 1.000000
1564.504150 0.000000 1406.992310 0.000000 0.039884 0.000000 -0.999204 1.000000 1.000000 1.000000
1565.504639 0.000000 1345.727539 0.000000 0.627969 0.000000 -0.778239 1.000000 1.000000 1.000000
1558.067505 0.000000 1388.634521 0.000000 0.191947 0.000000 -0.981405 1.000000 1.000000 1.000000
1576.925659 0.000000 1402.553467 0.000000 0.852248 0.000000 -0.523138 1.000000 1.000000 1.000000
1552.860352 0.000000 1367.274780 0.000000 0.164068 0.000000 -0.986449 1.000000 1.000000 1.000000
1563.393677 0.000000 1356.328369 0.000000 0.467173 0.000000 -0.884166 1.000000 1.000000 1.000000
1568.272949 0.000000 1344.253662 0.000000 0.075685 0.000000 -0.997132 1.000000 1.000000 1.000000
1571.784912 0.000000 1393.119385 0.000000 0.625329 0.000000 -0.780362 1.000000 1.000000 1.000000
1564.221313 0.000000 1373.342896 0.000000 0.793749 0.000000 -0.608245 1.000000 1.000000 1.000000
1565.050293 0.000000 1370.360352 0.000000 0.681260 0.000000 -0.732041 1.000000 1.000000 1.000000
1590.357178 0.000000 1381.203247 0.000000 0.819086 0.000000 -0.573671 1.000000 1.000000 1.000000
1567.789185 0.000000 1346.738892 0.000000 0.361916 0.000000 -0.932211 1.000000 1.000000 1.000000
1566.371948 0.000000 1405.639160 0.000000 0.618324 0.000000 -0.785924 1.000000 1.000000 1.000000
1573.227295 0.000000 1394.910278 0.000000 0.270049 0.000000 -0.962847 1.000000 1.000000 1.000000
1578.765991 0.000000 1401.304077 0.000000 0.863337 0.000000 -0.504629 1.000000 1.000000 1.000000
1550.805176 0.000000 1367.727051 0.000000 0.861520 0.000000 -0.507724 1.000000 1.000000 1.000000
1581.661255 0.000000 1345.647705 0.000000 0.687319 0.000000 -0.726356 1.000000 1.000000 1.000000
1548.693115 0.000000 1348.323120 0.000000 0.825680 0.000000 -0.564138 1.000000 1.000000 1.000000
1579.396240 0.000000 1402.882080 0.000000 0.408163 0.000000 -0.912909 1.000000 1.000000 1.000000
1589.683838 0.000000 1394.762207 0.000000 0.260115 0.000000 -0.965578 1.000000 1.000000 1.000000
1571.677246 0.000000 1394.671143 0.000000 0.779965 0.000000 -0.625824 1.000000 1.000000 1.000000
1565.387085 0.000000 1372.115112 0.000000 0.377220 0.000000 -0.926124 1.000000 1.000000 1.000000
1562.628174 0.000000 1373.003662 0.000000 0.503593 0.000000 -0.863941 1.000000 1.000000 1.000000
1562.037964 0.000000 1356.972778 0.000000 0.716086 0.000000 -0.698012 1.000000 1.000000 1.000000
1555.943970 0.000000 1393.873291 0.000000 0.318355 0.000000 -0.947972 1.000000 1.000000 1.000000
1585.116943 0.000000 1351.123657 0.000000 0.731485 0.000000 -0.681857 1.000000 1.000000 1.000000
1561.106689 0.000000 1386.589722 0.000000 0.542553 0.000000 -0.840021 1.000000 1.000000 1.000000
1551.820557 0.000000 1346.687256 0.000000 0.036742 0.000000 -0.999325 1.000000 1.000000 1.000000
1575.745361 0.000000 1393.714355 0.000000 0.494734 0.000000 -0.869045 1.000000 1.000000 1.000000
1575.256592 0.000000 1392.017456 0.000000 0.218716 0.000000 -0.975788 1.000000 1.000000 1.000000
1601.501099 0.000000 1359.862915 0.000000 0.626140 0.000000 -0.779711 1.000000 1.000000 1.000000
1611.378418 0.000000 1344.790649 0.000000 0.463282 0.000000 -0.886211 1.000000 1.000000 1.000000
1635.497070 0.000000 1344.566162 0.000000 0.830319 0.000000 -0.557289 1.000000 1.000000 1.000000
1626.162476 0.000000 1371.509766 0.000000 0.050582 0.000000 -0.998720 1.000000 1.000000 1.000000
1632.857788 0.000000 1348.969849 0.000000 0.769699 0.000000 -0.638407 1.000000 1.000000 1.000000
1600.013794 0.000000 1356.653442 0.000000 0.566767 0.000000 -0.823878 1.000000 1.000000 1.000000
1603.141479 0.000000 1357.086548 0.000000 0.575462 0.000000 -0.817829 1.000000 1.000000 1.000000
1626.852661 0.000000 1368.675659 0.000000 0.575692 0.000000 -0.817666 1.000000 1.000000 1.000000
1635.375366 0.000000 1347.457397 0.000000 0.810500 0.000000 -0.585739 1.000000 1.000000 1.000000
1625.502441 0.000000 1358.441528 0.000000 0.526798 0.000000 -0.849990 1.000000 1.000000 1.000000
1622.142822 0.000000 1364.939331 0.000000 0.115751 0.000000 -0.993278 1.000000 1.000000 1.000000
1609.366089 0.000000 1345.546997 0.000000 0.283583 0.000000 -0.958948 1.000000 1.000000 1.000000
1600.223633 0.000000 1345.596313 0.000000 0.003342 0.000000 -0.999994 1.000000 1.000000 1.000000
1612.215698 0.000000 1403.633057 0.000000 0.070390 0.000000 -0.997520 1.000000 1.000000 1.000000
1628.814575 0.000000 1356.135620 0.000000 0.632973 0.000000 -0.774174 1.000000 1.000000 1.000000
1677.428833 0.000000 1336.461914 0.000000 0.147991 0.000000 -0.988989 1.000000 1.000000 1.000000
1689.410400 0.000000 1316.740967 0.000000 0.843419 0.000000 -0.537256 1.000000 1.000000 1.000000
1677.388550 0.000000 1342.958984 0.000000 0.377656 0.000000 -0.925946 1.000000 1.000000 1.000000
1681.186401 0.000000 1319.220947 0.000000 0.546627 0.000000 -0.837376 1.000000 1.000000 1.000000
1683.236084 0.000000 1316.138916 0.000000 0.402126 0.000000 -0.915584 1.000000 1.000000 1.000000
1681.266235 0.000000 1321.045776 0.000000 0.178498 0.000000 -0.983940 1.000000 1.000000 1.000000
1674.654541 0.000000 1337.183472 0.000000 0.631526 0.000000 -0.775355 1.000000 1.000000 1.000000
1677.036499 0.000000 1337.902832 0.000000 0.254929 0.000000 -0.966960 1.000000 1.000000 1.000000
1685.492432 0.000000 1319.931274 0.000000 0.093479 0.000000 -0.995621 1.000000 1.000000 1.000000
1709.892334 0.000000 1387.312134 0.000000 0.144506 0.000000 -0.989504 1.000000 1.000000 1.000000
1706.376709 0.000000 1395.435547 0.000000 0.785890 0.000000 -0.618367 1.000000 1.000000 1.000000
1597.435791 0.000000 1428.831055 0.000000 0.297726 0.000000 -0.954651 1.000000 1.000000 1.000000
1587.368530 0.000000 1425.918701 0.000000 0.123409 0.000000 -0.992356 1.000000 1.000000 1.000000
1539.216064 0.000000 1413.769775 0.000000 0.488085 0.000000 -0.872796 1.000000 1.000000 1.000000
1583.689575 0.000000 1418.353760 0.000000 0.008444 0.000000 -0.999964 1.000000 1.000000 1.000000
1549.661011 0.000000 1410.814941 0.000000 0.027330 0.000000 -0.999626 1.000000 1.000000 1.000000
1599.000488 0.000000 1470.940552 0.000000 0.396361 0.000000 -0.918095 1.000000 1.000000 1.000000
1597.166260 0.000000 1421.213135 0.000000 0.759628 0.000000 -0.650357 1.000000 1.000000 1.000000
1569.931396 0.000000 1408.051392 0.000000 0.415085 0.000000 -0.909783 1.000000 1.000000 1.000000
1569.406494 0.000000 1408.911133 0.000000 0.808982 0.000000 -0.587833 1.000000 1.000000 1.000000
1600.934570 0.000000 1464.146240 0.000000 0.519380 0.000000 -0.854544 1.000000 1.000000 1.000000
1607.334717 0.000000 1454.736206 0.000000 0.552716 0.000000 -0.833370 1.000000 1.000000 1.000000
1615.138184 0.000000 1461.559326 0.000000 0.510153 0.000000 -0.860084 1.000000 1.000000 1.000000
1662.933350 0.000000 1461.930298 0.000000 0.065623 0.000000 -0.997845 1.000000 1.000000 1.000000
1658.773560 0.000000 1442.637329 0.000000 0.242692 0.000000 -0.970103 1.000000 1.000000 1.000000
1610.295898 0.000000 1435.469727 0.000000 0.578465 0.000000 -0.815708 1.000000 1.000000 1.000000
1607.835815 0.000000 1433.980225 0.000000 0.074847 0.000000 -0.997195 1.000000 1.000000 1.000000
1615.953735 0.000000 1459.270264 0.000000 0.277151 0.000000 -0.960826 1.000000 1.000000 1.000000
1631.389893 0.000000 1466.043213 0.000000 0.576604 0.000000 -0.817024 1.000000 1.000000 1.000000
1613.557617 0.000000 1459.981079 0.000000 0.290044 0.000000 -0.957013 1.000000 1.000000 1.000000
1660.702148 0.000000 1442.280029 0.000000 0.433818 0.000000 -0.901001 1.000000 1.000000 1.000000
1623.948853 0.000000 1443.409546 0.000000 0.569299 0.000000 -0.822130 1.000000 1.000000 1.000000
1607.461548 0.000000 1414.389038 0.000000 0.440721 0.000000 -0.897644 1.000000 1.000000 1.000000
1608.515381 0.000000 1435.549561 0.000000 0.626823 0.000000 -0.779161 1.000000 1.000000 1.000000
1610.083374 0.000000 1457.289062 0.000000 0.441090 0.000000 -0.897463 1.000000 1.000000 1.000000
1608.677002 0.000000 1432.361572 0.000000 0.535014 0.000000 -0.844843 1.000000 1.000000 1.000000
1627.072876 0.000000 1471.397949 0.000000 0.489312 0.000000 -0.872109 1.000000 1.000000 1.000000
1600.778442 0.000000 1467.737305 0.000000 0.239259 0.000000 -0.970956 1.000000 1.000000 1.000000
1623.453979 0.000000 1452.112305 0.000000 0.029832 0.000000 -0.999555 1.000000 1.000000 1.000000
1600.025269 0.000000 1465.108398 0.000000 0.209646 0.000000 -0.977777 1.000000 1.000000 1.000000
1606.377563 0.000000 1414.847656 0.000000 0.352693 0.000000 -0.935739 1.000000 1.000000 1.000000
1625.014648 0.000000 1494.339844 0.000000 0.210390 0.000000 -0.977618 1.000000 1.000000 1.000000
1642.611206 0.000000 1519.847168 0.000000 0.038040 0.000000 -0.999276 1.000000 1.000000 1.000000
1608.725952 0.000000 1526.708008 0.000000 0.266139 0.000000 -0.963935 1.000000 1.000000 1.000000
1610.628174 0.000000 1505.324707 0.000000 0.632954 0.000000 -0.774189 1.000000 1.000000 1.000000
1639.941406 0.000000 1484.199341 0.000000 0.546223 0.000000 -0.837640 1.000000 1.000000 1.000000
1662.713501 0.000000 1496.471313 0.000000 0.729204 0.000000 -0.684296 1.000000 1.000000 1.000000
1620.391357 0.000000 1488.639160 0.000000 0.214080 0.000000 -0.976816 1.000000 1.000000 1.000000
1645.360352 0.000000 1518.471802 0.000000 0.004978 0.000000 -0.999988 1.000000 1.000000 1.000000
1614.303833 0.000000 1519.169800 0.000000 0.577586 0.000000 -0.816330 1.000000 1.000000 1.000000
1611.033569 0.000000 1522.808105 0.000000 0.625397 0.000000 -0.780307 1.000000 1.000000 1.000000
1663.945312 0.000000 1493.680908 0.000000 0.730571 0.000000 -0.682837 1.000000 1.000000 1.000000
1625.631714 0.000000 1491.833496 0.000000 0.200219 0.000000 -0.979751 1.000000 1.000000 1.000000
1637.940063 0.000000 1482.897705 0.000000 0.210285 0.000000 -0.977640 1.000000 1.000000 1.000000
1615.953735 0.000000 1523.270264 0.000000 0.817657 0.000000 -0.575705 1.000000 1.000000 1.000000
1622.142822 0.000000 1492.939331 0.000000 0.727957 0.000000 -0.685623 1.000000 1.000000 1.000000
1610.748779 0.000000 1507.632812 0.000000 0.065176 0.000000 -0.997874 1.000000 1.000000 1.000000
1655.819580 0.000000 1531.816895 0.000000 0.251489 0.000000 -0.967860 1.000000 1.000000 1.000000
1621.168213 0.000000 1491.255859 0.000000 0.318241 0.000000 -0.948010 1.000000 1.000000 1.000000
1623.907227 0.000000 1495.820557 0.000000 0.390860 0.000000 -0.920450 1.000000 1.000000 1.000000
1655.896484 0.000000 1534.571899 0.000000 0.635053 0.000000 -0.772469 1.000000 1.000000 1.000000
1612.453491 0.000000 1505.579346 0.000000 0.620470 0.000000 -0.784230 1.000000 1.000000 1.000000
1624.698975 0.000000 1490.231934 0.000000 0.298492 0.000000 -0.954412 1.000000 1.000000 1.000000
1610.372803 0.000000 1525.970703 0.000000 0.812351 0.000000 -0.583169 1.000000 1.000000 1.000000
1626.881592 0.000000 1490.807617 0.000000 0.075457 0.000000 -0.997149 1.000000 1.000000 1.000000
1645.982910 0.000000 1496.565430 0.000000 0.732340 0.000000 -0.680940 1.000000 1.000000 1.000000
1615.686157 0.000000 1521.955078 0.000000 0.628709 0.000000 -0.777641 1.000000 1.000000 1.000000
1654.945679 0.000000 1535.443970 0.000000 0.788536 0.000000 -0.614989 1.000000 1.000000 1.000000
1701.349609 0.000000 1441.140137 0.000000 0.749049 0.000000 -0.662514 1.000000 1.000000 1.000000
1664.712646 0.000000 1442.175537 0.000000 0.807018 0.000000 -0.590527 1.000000 1.000000 1.000000
1677.428833 0.000000 1464.461914 0.000000 0.707688 0.000000 -0.706525 1.000000 1.000000 1.000000
1703.929810 0.000000 1433.592041 0.000000 0.307274 0.000000 -0.951621 1.000000 1.000000 1.000000
1667.025757 0.000000 1437.487427 0.000000 0.485691 0.000000 -0.874130 1.000000 1.000000 1.000000
1677.661377 0.000000 1429.948853 0.000000 0.566949 0.000000 -0.823753 1.000000 1.000000 1.000000
1698.930298 0.000000 1433.593506 0.000000 0.213068 0.000000 -0.977037 1.000000 1.000000 1.000000
1694.574585 0.000000 1452.103027 0.000000 0.317559 0.000000 -0.948239 1.000000 1.000000 1.000000
1676.911865 0.000000 1426.607422 0.000000 0.087017 0.000000 -0.996207 1.000000 1.000000 1.000000
1704.925659 0.000000 1466.553467 0.000000 0.164621 0.000000 -0.986357 1.000000 1.000000 1.000000
1695.893433 0.000000 1433.480591 0.000000 0.630440 0.000000 -0.776238 1.000000 1.000000 1.000000
1666.457031 0.000000 1466.742798 0.000000 0.503422 0.000000 -0.864041 1.000000 1.000000 1.000000
1688.821899 0.000000 1461.130737 0.000000 0.368640 0.000000 -0.929572 1.000000 1.000000 1.000000
1669.806641 0.000000 1438.691162 0.000000 0.406493 0.000000 -0.913654 1.000000 1.000000 1.000000
1674.295898 0.000000 1435.469727 0.000000 0.114796 0.000000 -0.993389 1.000000 1.000000 1.000000
1675.019165 0.000000 1430.267700 0.000000 0.244099 0.000000 -0.969750 1.000000 1.000000 1.000000
1703.914551 0.000000 1440.415161 0.000000 0.297398 0.000000 -0.954754 1.000000 1.000000 1.000000
1693.194336 0.000000 1454.420654 0.000000 0.316660 0.000000 -0.948539 1.000000 1.000000 1.000000
1675.076660 0.000000 1463.520386 0.000000 0.066622 0.000000 -0.997778 1.000000 1.000000 1.000000
1681.605957 0.000000 1442.788574 0.000000 0.311331 0.000000 -0.950302 1.000000 1.000000 1.000000
1677.959351 0.000000 1435.320801 0.000000 0.189927 0.000000 -0.981798 1.000000 1.000000 1.000000
1695.436157 0.000000 1454.529663 0.000000 0.530077 0.000000 -0.847950 1.000000 1.000000 1.000000
1702.188232 0.000000 1438.961670 0.000000 0.811706 0.000000 -0.584067 1.000000 1.000000 1.000000
1664.955444 0.000000 1444.559326 0.000000 0.507631 0.000000 -0.861575 1.000000 1.000000 1.000000
1690.763428 0.000000 1461.840820 0.000000 0.857886 0.000000 -0.513841 1.000000 1.000000 1.000000
1679.311523 0.000000 1442.858521 0.000000 0.435086 0.000000 -0.900389 1.000000 1.000000 1.000000
1676.530151 0.000000 1431.444824 0.000000 0.087921 0.000000 -0.996127 1.000000 1.000000 1.000000
1679.580444 0.000000 1429.932007 0.000000 0.856512 0.000000 -0.516127 1.000000 1.000000 1.000000
1693.180542 0.000000 1429.357910 0.000000 0.405589 0.000000 -0.914055 1.000000 1.000000 1.000000
1693.391968 0.000000 1460.928101 0.000000 0.287646 0.000000 -0.957737 1.000000 1.000000 1.000000
1694.176147 0.000000 1433.188232 0.000000 0.863229 0.000000 -0.504812 1.000000 1.000000 1.000000
1685.395020 0.000000 1442.897827 0.000000 0.710504 0.000000 -0.703694 1.000000 1.000000 1.000000
1687.374390 0.000000 1461.617554 0.000000 0.838404 0.000000 -0.545049 1.000000 1.000000 1.000000
1670.622192 0.000000 1440.082642 0.000000 0.480230 0.000000 -0.877143 1.000000 1.000000 1.000000
1680.702515 0.000000 1439.989990 0.000000 0.631949 0.000000 -0.775010 1.000000 1.000000 1.000000
1675.665649 0.000000 1435.936401 0.000000 0.811925 0.000000 -0.583761 1.000000 1.000000 1.000000
1700.741699 0.000000 1438.399170 0.000000 0.054733 0.000000 -0.998501 1.000000 1.000000 1.000000
1691.161255 0.000000 1428.198853 0.000000 0.392770 0.000000 -0.919637 1.000000 1.000000 1.000000
1682.301636 0.000000 1456.893921 0.000000 0.756925 0.000000 -0.653501 1.000000 1.000000 1.000000
1694.269165 0.000000 1455.325073 0.000000 0.697567 0.000000 -0.716520 1.000000 1.000000 1.000000
1699.731201 0.000000 1462.437866 0.000000 0.107166 0.000000 -0.994241 1.000000 1.000000 1.000000
1696.462769 0.000000 1432.317993 0.000000 0.041383 0.000000 -0.999143 1.000000 1.000000 1.000000
1693.656738 0.000000 1428.264038 0.000000 0.416501 0.000000 -0.909135 1.000000 1.000000 1.000000
1672.500488 0.000000 1465.177368 0.000000 0.686853 0.000000 -0.726796 1.000000 1.000000 1.000000
1689.656006 0.000000 1461.959106 0.000000 0.253964 0.000000 -0.967214 1.000000 1.000000 1.000000
1700.307007 0.000000 1453.241943 0.000000 0.071249 0.000000 -0.997459 1.000000 1.000000 1.000000
1678.648560 0.000000 1430.531006 0.000000 0.557773 0.000000 -0.829994 1.000000 1.000000 1.000000
1692.366943 0.000000 1479.669678 0.000000 0.627465 0.000000 -0.778645 1.000000 1.000000 1.000000
1665.974854 0.000000 1515.022827 0.000000 0.642187 0.000000 -0.766548 1.000000 1.000000 1.000000
1672.167114 0.000000 1501.333374 0.000000 0.744793 0.000000 -0.667296 1.000000 1.000000 1.000000
1680.442627 0.000000 1517.369995 0.000000 0.083186 0.000000 -0.996534 1.000000 1.000000 1.000000
1723.275146 0.000000 1498.601440 0.000000 0.803901 0.000000 -0.594763 1.000000 1.000000 1.000000
1690.973267 0.000000 1513.816772 0.000000 0.101453 0.000000 -0.994840 1.000000 1.000000 1.000000
1664.229248 0.000000 1496.886719 0.000000 0.259367 0.000000 -0.965779 1.000000 1.000000 1.000000
1677.428833 0.000000 1528.461914 0.000000 0.727174 0.000000 -0.686453 1.000000 1.000000 1.000000
1692.772583 0.000000 1487.317261 0.000000 0.333526 0.000000 -0.942741 1.000000 1.000000 1.000000
1711.553467 0.000000 1473.432007 0.000000 0.188798 0.000000 -0.982016 1.000000 1.000000 1.000000
1672.725952 0.000000 1526.708008 0.000000 0.734879 0.000000 -0.678198 1.000000 1.000000 1.000000
1665.917603 0.000000 1492.549194 0.000000 0.683954 0.000000 -0.729525 1.000000 1.000000 1.000000
1669.866211 0.000000 1505.456055 0.000000 0.263809 0.000000 -0.964575 1.000000 1.000000 1.000000
1688.600586 0.000000 1482.099976 0.000000 0.111363 0.000000 -0.993780 1.000000 1.000000 1.000000
1664.331177 0.000000 1510.835327 0.000000 0.773304 0.000000 -0.634035 1.000000 1.000000 1.000000
1691.928833 0.000000 1524.033691 0.000000 0.597698 0.000000 -0.801721 1.000000 1.000000 1.000000
1715.606567 0.000000 1475.285034 0.000000 0.460856 0.000000 -0.887475 1.000000 1.000000 1.000000
1705.210327 0.000000 1506.904785 0.000000 0.839022 0.000000 -0.544098 1.000000 1.000000 1.000000
1701.122314 0.000000 1500.998779 0.000000 0.165593 0.000000 -0.986194 1.000000 1.000000 1.000000
1694.089478 0.000000 1511.723022 0.000000 0.438057 0.000000 -0.898947 1.000000 1.000000 1.000000
1677.613403 0.000000 1531.928223 0.000000 0.766058 0.000000 -0.642771 1.000000 1.000000 1.000000
1679.162964 0.000000 1486.655762 0.000000 0.464763 0.000000 -0.885435 1.000000 1.000000 1.000000
1692.505981 0.000000 1526.950684 0.000000 0.208647 0.000000 -0.977991 1.000000 1.000000 1.000000
1691.274902 0.000000 1510.917725 0.000000 0.023551 0.000000 -0.999723 1.000000 1.000000 1.000000
1669.806641 0.000000 1502.691162 0.000000 0.536822 0.000000 -0.843695 1.000000 1.000000 1.000000
1703.914551 0.000000 1504.415161 0.000000 0.094947 0.000000 -0.995482 1.000000 1.000000 1.000000
1714.325928 0.000000 1495.655396 0.000000 0.428387 0.000000 -0.903595 1.000000 1.000000 1.000000
1675.076660 0.000000 1527.520386 0.000000 0.514221 0.000000 -0.857657 1.000000 1.000000 1.000000
1695.193237 0.000000 1502.642578 0.000000 0.470793 0.000000 -0.882244 1.000000 1.000000 1.000000
1680.452393 0.000000 1484.535522 0.000000 0.625836 0.000000 -0.779955 1.000000 1.000000 1.000000
1718.071899 0.000000 1494.322998 0.000000 0.766446 0.000000 -0.642308 1.000000 1.000000 1.000000
1664.955444 0.000000 1508.559326 0.000000 0.592713 0.000000 -0.805414 1.000000 1.000000 1.000000
1703.047241 0.000000 1506.402344 0.000000 0.378980 0.000000 -0.925405 1.000000 1.000000 1.000000
1696.228516 0.000000 1506.147949 0.000000 0.210317 0.000000 -0.977633 1.000000 1.000000 1.000000
1690.763428 0.000000 1525.840820 0.000000 0.003088 0.000000 -0.999995 1.000000 1.000000 1.000000
1666.551514 0.000000 1509.985718 0.000000 0.348558 0.000000 -0.937287 1.000000 1.000000 1.000000
1691.983887 0.000000 1489.642334 0.000000 0.548455 0.000000 -0.836180 1.000000 1.000000 1.000000
1681.266235 0.000000 1513.045776 0.000000 0.674643 0.000000 -0.738144 1.000000 1.000000 1.000000
1727.042236 0.000000 1492.141968 0.000000 0.708305 0.000000 -0.705906 1.000000 1.000000 1.000000
1695.835327 0.000000 1481.839966 0.000000 0.652095 0.000000 -0.758137 1.000000 1.000000 1.000000
1667.634766 0.000000 1496.617554 0.000000 0.277905 0.000000 -0.960608 1.000000 1.000000 1.000000
1706.444824 0.000000 1505.801025 0.000000 0.521330 0.000000 -0.853355 1.000000 1.000000 1.000000
1705.906738 0.000000 1500.700562 0.000000 0.774711 0.000000 -0.632315 1.000000 1.000000 1.000000
1696.424438 0.000000 1500.709473 0.000000 0.468630 0.000000 -0.883395 1.000000 1.000000 1.000000
1693.720703 0.000000 1506.628174 0.000000 0.432059 0.000000 -0.901845 1.000000 1.000000 1.000000
1690.037964 0.000000 1484.972778 0.000000 0.492572 0.000000 -0.870272 1.000000 1.000000 1.000000
1727.472412 0.000000 1498.211426 0.000000 0.537337 0.000000 -0.843367 1.000000 1.000000 1.000000
1700.157104 0.000000 1498.272705 0.000000 0.294270 0.000000 -0.955722 1.000000 1.000000 1.000000
1723.179321 0.000000 1499.989258 0.000000 0.572131 0.000000 -0.820162 1.000000 1.000000 1.000000
1692.114624 0.000000 1525.463867 0.000000 0.807193 0.000000 -0.590287 1.000000 1.000000 1.000000
1704.872803 0.000000 1503.455933 0.000000 0.626826 0.000000 -0.779159 1.000000 1.000000 1.000000
1688.487549 0.000000 1485.677856 0.000000 0.162241 0.000000 -0.986751 1.000000 1.000000 1.000000
1700.824707 0.000000 1499.626343 0.000000 0.493922 0.000000 -0.869506 1.000000 1.000000 1.000000
1703.419067 0.000000 1503.268433 0.000000 0.298655 0.000000 -0.954361 1.000000 1.000000 1.000000
1671.880981 0.000000 1532.400391 0.000000 0.265812 0.000000 -0.964025 1.000000 1.000000 1.000000
1674.883179 0.000000 1487.015991 0.000000 0.820442 0.000000 -0.571729 1.000000 1.000000 1.000000
1722.850708 0.000000 1493.843872 0.000000 0.855638 0.000000 -0.517575 1.000000 1.000000 1.000000
1699.558472 0.000000 1496.395142 0.000000 0.532225 0.000000 -0.846603 1.000000 1.000000 1.000000
1733.749634 0.000000 1499.519897 0.000000 0.074461 0.000000 -0.997224 1.000000 1.000000 1.000000
1662.313843 0.000000 1576.150757 0.000000 0.325805 0.000000 -0.945437 1.000000 1.000000 1.000000
1627.393677 0.000000 1548.328369 0.000000 0.765763 0.000000 -0.643123 1.000000 1.000000 1.000000
1643.660767 0.000000 1554.414185 0.000000 0.229735 0.000000 -0.973253 1.000000 1.000000 1.000000
1648.499023 0.000000 1566.730347 0.000000 0.039036 0.000000 -0.999238 1.000000 1.000000 1.000000
1624.088989 0.000000 1548.448608 0.000000 0.736721 0.000000 -0.676196 1.000000 1.000000 1.000000
1653.255371 0.000000 1571.462891 0.000000 0.245472 0.000000 -0.969404 1.000000 1.000000 1.000000
1647.324585 0.000000 1559.805420 0.000000 0.303150 0.000000 -0.952943 1.000000 1.000000 1.000000
1631.678101 0.000000 1548.877808 0.000000 0.066237 0.000000 -0.997804 1.000000 1.000000 1.000000
1625.542847 0.000000 1538.331543 0.000000 0.702630 0.000000 -0.711556 1.000000 1.000000 1.000000
1640.067139 0.000000 1556.725342 0.000000 0.812214 0.000000 -0.583359 1.000000 1.000000 1.000000
1658.395020 0.000000 1536.222656 0.000000 0.208901 0.000000 -0.977937 1.000000 1.000000 1.000000
1627.425415 0.000000 1546.912231 0.000000 0.865665 0.000000 -0.500624 1.000000 1.000000 1.000000
1652.286255 0.000000 1536.212158 0.000000 0.059104 0.000000 -0.998252 1.000000 1.000000 1.000000
1626.545776 0.000000 1543.087524 0.000000 0.447167 0.000000 -0.894450 1.000000 1.000000 1.000000
1655.999146 0.000000 1536.360962 0.000000 0.575597 0.000000 -0.817733 1.000000 1.000000 1.000000
1647.522583 0.000000 1557.332520 0.000000 0.539888 0.000000 -0.841737 1.000000 1.000000 1.000000
1675.454834 0.000000 1554.676514 0.000000 0.534240 0.000000 -0.845333 1.000000 1.000000 1.000000
1674.391113 0.000000 1554.061279 0.000000 0.123287 0.000000 -0.992371 1.000000 1.000000 1.000000
"}
